{
  "graph_discov_data_loss": [
    0.8977300524711609,
    0.8380690813064575,
    0.7260401844978333,
    0.6455608606338501,
    0.5800949335098267,
    0.5344599485397339,
    0.4898875653743744,
    0.4571382999420166,
    0.4337770342826843,
    0.43609392642974854,
    0.4079166054725647,
    0.4046453833580017,
    0.3770624101161957,
    0.37231260538101196,
    0.3577668368816376,
    0.326763391494751,
    0.3211386501789093,
    0.32953041791915894,
    0.3104112446308136,
    0.30309391021728516,
    0.29632121324539185,
    0.28918081521987915,
    0.2819802761077881,
    0.29080018401145935,
    0.27510908246040344,
    0.27455002069473267,
    0.2759140133857727,
    0.26839399337768555,
    0.25882190465927124,
    0.2509129047393799,
    0.2537389397621155,
    0.24474966526031494,
    0.2368026077747345,
    0.2360813319683075,
    0.23321884870529175,
    0.2366746962070465,
    0.23498591780662537,
    0.22775503993034363,
    0.22730126976966858,
    0.22853699326515198,
    0.21383044123649597,
    0.22358080744743347,
    0.2192823588848114,
    0.22204643487930298,
    0.2241293489933014,
    0.21444442868232727,
    0.21672235429286957,
    0.21351541578769684,
    0.21177664399147034,
    0.20945194363594055,
    0.21169918775558472,
    0.2063559591770172,
    0.2078082412481308,
    0.20591406524181366,
    0.20053017139434814,
    0.20054621994495392,
    0.19955459237098694,
    0.2006804198026657,
    0.19827036559581757,
    0.19982612133026123,
    0.19678473472595215,
    0.20335689187049866,
    0.20384809374809265,
    0.18846410512924194
  ],
  "graph_discov_sparsity_loss": [
    0.622459352016449,
    0.6223422884941101,
    0.622234582901001,
    0.6221330165863037,
    0.62203449010849,
    0.6219355463981628,
    0.6218371391296387,
    0.6217399835586548,
    0.6216470003128052,
    0.6215579509735107,
    0.6214735507965088,
    0.6213939785957336,
    0.6213188171386719,
    0.6212478876113892,
    0.6211812496185303,
    0.6211187839508057,
    0.6210602521896362,
    0.6210052371025085,
    0.6209543943405151,
    0.6209075450897217,
    0.5949005484580994,
    0.5948674082756042,
    0.5948348641395569,
    0.5948057770729065,
    0.5947796106338501,
    0.5947555899620056,
    0.5947341918945312,
    0.594715416431427,
    0.5946993827819824,
    0.5946846604347229,
    0.5946710109710693,
    0.5946594476699829,
    0.5946499109268188,
    0.5946416854858398,
    0.5946348905563354,
    0.594629168510437,
    0.5946246385574341,
    0.5946210622787476,
    0.5946183204650879,
    0.5946162939071655,
    0.5946149826049805,
    0.5946145057678223,
    0.5946148633956909,
    0.5946159362792969,
    0.5946177244186401,
    0.5946199297904968,
    0.5946223735809326,
    0.5946253538131714,
    0.5946285724639893,
    0.5946322679519653,
    0.5946361422538757,
    0.5946402549743652,
    0.5946443676948547,
    0.5946486592292786,
    0.5946531891822815,
    0.594657838344574,
    0.594662606716156,
    0.5946674346923828,
    0.5946723222732544,
    0.5946773290634155,
    0.5946822166442871,
    0.594687283039093,
    0.5946924686431885,
    0.5946977138519287
  ],
  "graph_discov_total_loss": [
    0.9599759578704834,
    0.8981040716171265,
    0.7839435935020447,
    0.7014089226722717,
    0.6339609026908875,
    0.586414098739624,
    0.5399978160858154,
    0.5054702162742615,
    0.4803939759731293,
    0.4810570776462555,
    0.4512849450111389,
    0.4464757740497589,
    0.4174097180366516,
    0.41122967004776,
    0.3953045904636383,
    0.3629709780216217,
    0.3560634255409241,
    0.3632180392742157,
    0.342905730009079,
    0.3344377279281616,
    0.3252909481525421,
    0.31712523102760315,
    0.3089357018470764,
    0.3168017864227295,
    0.3001907169818878,
    0.2987443506717682,
    0.2992525100708008,
    0.29090702533721924,
    0.28053879737854004,
    0.27186182141304016,
    0.2739470899105072,
    0.26424333453178406,
    0.25560709834098816,
    0.2542210519313812,
    0.2507173418998718,
    0.25355464220046997,
    0.25126922130584717,
    0.24346283078193665,
    0.2424539029598236,
    0.2431541085243225,
    0.22793099284172058,
    0.23718304932117462,
    0.2324039340019226,
    0.23470433056354523,
    0.2363399714231491,
    0.22622358798980713,
    0.22808530926704407,
    0.2244768738746643,
    0.2223508059978485,
    0.21965248882770538,
    0.22153933346271515,
    0.2158484309911728,
    0.21696533262729645,
    0.2147476226091385,
    0.20905162394046783,
    0.2087666094303131,
    0.20748454332351685,
    0.2083301991224289,
    0.20564988255500793,
    0.20694491267204285,
    0.203652024269104,
    0.2099815458059311,
    0.21023871004581451,
    0.19462893903255463
  ],
  "latent_data_pred_loss": [
    0.9843810200691223,
    0.9310270547866821,
    0.8166446089744568,
    0.7183369994163513,
    0.6269307136535645,
    0.5912493467330933,
    0.5356686115264893,
    0.4767359495162964,
    0.44254204630851746,
    0.43759751319885254,
    0.4118184745311737,
    0.40402674674987793,
    0.38264065980911255,
    0.38641422986984253,
    0.3597632944583893,
    0.3338131010532379,
    0.3300786018371582,
    0.3290678858757019,
    0.30611374974250793,
    0.29994696378707886,
    0.294566810131073,
    0.29206186532974243,
    0.2785975933074951,
    0.27961263060569763,
    0.26940786838531494,
    0.26422134041786194,
    0.26320725679397583,
    0.25581833720207214,
    0.24984750151634216,
    0.24550002813339233,
    0.23342669010162354,
    0.2312212437391281,
    0.2278118133544922,
    0.22551500797271729,
    0.22237929701805115,
    0.22590142488479614,
    0.22419551014900208,
    0.22036536037921906,
    0.21627777814865112,
    0.21639591455459595,
    0.205043226480484,
    0.21344466507434845,
    0.20652304589748383,
    0.21215343475341797,
    0.20839625597000122,
    0.19873034954071045,
    0.2027280628681183,
    0.20046424865722656,
    0.2029603123664856,
    0.19583044946193695,
    0.19753654301166534,
    0.1955873668193817,
    0.19373323023319244,
    0.19529688358306885,
    0.19025395810604095,
    0.1879565417766571,
    0.18930505216121674,
    0.18631109595298767,
    0.19313740730285645,
    0.1931559145450592,
    0.18557268381118774,
    0.18610131740570068,
    0.19148491322994232,
    0.17752838134765625
  ]
}
