{
  "graph_discov_data_loss": [
    0.9889481663703918,
    0.8623804450035095,
    0.7799921631813049,
    0.7063829898834229,
    0.6622310876846313,
    0.6209359169006348,
    0.5684748888015747,
    0.5276583433151245,
    0.4920334219932556,
    0.46476760506629944,
    0.4345633387565613,
    0.40567493438720703,
    0.4037643074989319,
    0.3669508397579193,
    0.3563717007637024,
    0.33953016996383667,
    0.333976686000824,
    0.3186179995536804,
    0.31201091408729553,
    0.30044060945510864,
    0.29063379764556885,
    0.2873152792453766,
    0.27601510286331177,
    0.2769421637058258,
    0.2704765200614929,
    0.26118534803390503,
    0.25772905349731445,
    0.25496119260787964,
    0.251118540763855,
    0.24326810240745544,
    0.23485702276229858,
    0.2430281937122345,
    0.23676607012748718,
    0.22781217098236084,
    0.23121234774589539,
    0.22383177280426025,
    0.22540785372257233,
    0.21633408963680267,
    0.2171725183725357,
    0.21731147170066833,
    0.2086963951587677,
    0.21471844613552094,
    0.21402621269226074,
    0.2110876441001892,
    0.2095281481742859,
    0.20808815956115723,
    0.20482772588729858,
    0.20849525928497314,
    0.20555412769317627,
    0.20243987441062927,
    0.20355533063411713,
    0.19777216017246246,
    0.20288754999637604,
    0.19313976168632507,
    0.19307222962379456,
    0.18871118128299713,
    0.1953122466802597,
    0.1904352605342865,
    0.19621875882148743,
    0.18992893397808075,
    0.1945638805627823,
    0.18896794319152832,
    0.18888258934020996,
    0.18502214550971985
  ],
  "graph_discov_sparsity_loss": [
    0.622459352016449,
    0.6223230361938477,
    0.622196614742279,
    0.6220847368240356,
    0.6219781637191772,
    0.6218748092651367,
    0.6217732429504395,
    0.6216756105422974,
    0.6215821504592896,
    0.6214931607246399,
    0.6214078664779663,
    0.6213269233703613,
    0.6212502717971802,
    0.6211779713630676,
    0.6211104393005371,
    0.6210468411445618,
    0.6209874153137207,
    0.6209316849708557,
    0.6208794713020325,
    0.6208311319351196,
    0.5948854684829712,
    0.5948488712310791,
    0.5948197245597839,
    0.5947946310043335,
    0.5947738885879517,
    0.5947553515434265,
    0.5947391986846924,
    0.5947248339653015,
    0.5947121977806091,
    0.5947006940841675,
    0.5946909189224243,
    0.5946823358535767,
    0.5946746468544006,
    0.5946680903434753,
    0.5946625471115112,
    0.5946580767631531,
    0.5946548581123352,
    0.5946528315544128,
    0.594651460647583,
    0.5946511626243591,
    0.5946516990661621,
    0.5946527719497681,
    0.5946545004844666,
    0.5946568250656128,
    0.5946594476699829,
    0.5946627259254456,
    0.5946665406227112,
    0.5946706533432007,
    0.5946751832962036,
    0.59468013048172,
    0.5946853160858154,
    0.5946906805038452,
    0.5946962833404541,
    0.5947022438049316,
    0.594708263874054,
    0.5947142839431763,
    0.5947203636169434,
    0.5947265028953552,
    0.5947327613830566,
    0.5947391390800476,
    0.5947456359863281,
    0.5947521924972534,
    0.5947586894035339,
    0.5947651863098145
  ],
  "graph_discov_total_loss": [
    1.0511940717697144,
    0.9224135875701904,
    0.8378920555114746,
    0.7622267603874207,
    0.7160921692848206,
    0.672885000705719,
    0.6185799837112427,
    0.5759852528572083,
    0.5386455059051514,
    0.5097260475158691,
    0.4779270887374878,
    0.4475008249282837,
    0.44410717487335205,
    0.40586352348327637,
    0.3939051926136017,
    0.37573355436325073,
    0.36889737844467163,
    0.35230162739753723,
    0.3445014953613281,
    0.3317805826663971,
    0.3196027874946594,
    0.31525883078575134,
    0.3029698431491852,
    0.30294328927993774,
    0.2955579161643982,
    0.28537967801094055,
    0.28106775879859924,
    0.277474582195282,
    0.2728358805179596,
    0.2642175853252411,
    0.2550658583641052,
    0.2625226080417633,
    0.2555713355541229,
    0.24595268070697784,
    0.24871164560317993,
    0.24071255326271057,
    0.24169200658798218,
    0.23204272985458374,
    0.23232600092887878,
    0.2319294512271881,
    0.22279781103134155,
    0.22832156717777252,
    0.2271486520767212,
    0.2237464040517807,
    0.22173963487148285,
    0.21986816823482513,
    0.21619153022766113,
    0.21945755183696747,
    0.2161291092634201,
    0.21264123916625977,
    0.21339628100395203,
    0.2072654366493225,
    0.21204543113708496,
    0.20197410881519318,
    0.20159447193145752,
    0.1969323456287384,
    0.2032429724931717,
    0.19808579981327057,
    0.2035990208387375,
    0.19704847037792206,
    0.20143190026283264,
    0.19559332728385925,
    0.19527390599250793,
    0.19118767976760864
  ],
  "latent_data_pred_loss": [
    1.0787638425827026,
    0.9422975778579712,
    0.8760982751846313,
    0.7866220474243164,
    0.7060451507568359,
    0.658723771572113,
    0.609670102596283,
    0.5715982913970947,
    0.5206311941146851,
    0.47624579071998596,
    0.4439658522605896,
    0.4180634021759033,
    0.4098965525627136,
    0.37310680747032166,
    0.367844820022583,
    0.3430876135826111,
    0.33610135316848755,
    0.31635773181915283,
    0.31134769320487976,
    0.29668769240379333,
    0.2921949028968811,
    0.28970399498939514,
    0.27143698930740356,
    0.26758670806884766,
    0.2606545388698578,
    0.24965132772922516,
    0.25250914692878723,
    0.24690209329128265,
    0.2428414672613144,
    0.2315390259027481,
    0.23048177361488342,
    0.23672199249267578,
    0.225190207362175,
    0.22304141521453857,
    0.22335442900657654,
    0.21082046627998352,
    0.2158033400774002,
    0.20779919624328613,
    0.2047443985939026,
    0.20986494421958923,
    0.19699126482009888,
    0.19697098433971405,
    0.19860440492630005,
    0.1929924488067627,
    0.1956450641155243,
    0.19434046745300293,
    0.1897713989019394,
    0.18891039490699768,
    0.1906806230545044,
    0.18819066882133484,
    0.1882389783859253,
    0.18706831336021423,
    0.18496817350387573,
    0.18315137922763824,
    0.18614724278450012,
    0.17571574449539185,
    0.18377844989299774,
    0.1771259903907776,
    0.1815260946750641,
    0.17889726161956787,
    0.17660601437091827,
    0.174154594540596,
    0.17721806466579437,
    0.17207971215248108
  ]
}
