{
  "accuracy": 0.924072265625,
  "auprc": 0.08238204370587066,
  "auroc": 0.5362205694334125,
  "dataset": "simulated_EEG_68_static_v2",
  "f1": 0.0,
  "ground_truth_edges": 311,
  "hidden_variable_count": 4,
  "mode": "latent",
  "native_binary_accuracy": 0.877685546875,
  "native_binary_f1": 0.08073394495412843,
  "native_binary_shd": 485,
  "num_variables": 64,
  "observed_variable_count": 64,
  "predicted_edges": 0,
  "runtime_sec": 55.78789853490889,
  "sample_id": "sample_00265",
  "sequence_length": 1000,
  "shd": 311,
  "split": "test",
  "threshold": 300.00000000000006
}
