{
  "joint_train_loss": [
    2.086334191262722,
    2.0682287216186523,
    2.0504295751452446,
    2.032474547624588,
    2.015190288424492,
    2.003069095313549,
    1.9860123842954636,
    1.974753051996231,
    1.9608894139528275,
    1.9482509642839432
  ],
  "joint_val_loss": [
    1.010385513305664,
    1.006554365158081,
    1.0033202171325684,
    1.000659704208374,
    0.9985398650169373,
    0.9968957304954529,
    0.9956607222557068,
    0.9947459697723389,
    0.9940580129623413,
    0.9934906363487244
  ],
  "reconstruction_train_loss": [
    1.252890482544899,
    1.2301669716835022,
    1.207983873784542,
    1.1921717822551727,
    1.17200168967247,
    1.1554413437843323,
    1.1354243531823158,
    1.1192534193396568,
    1.1001772433519363,
    1.0839663445949554
  ],
  "reconstruction_val_loss": [
    1.1406683921813965,
    1.1205010414123535,
    1.101111650466919,
    1.0824179649353027,
    1.0644505023956299,
    1.0471116304397583,
    1.0304169654846191,
    1.0142810344696045,
    0.9986957907676697,
    0.9835932850837708
  ]
}
