{
  "joint_train_loss": [
    2.0863656476140022,
    2.0665444880723953,
    2.0489030554890633,
    2.034784771502018,
    2.0179618149995804,
    2.0042307302355766,
    1.9913027212023735,
    1.9794971942901611,
    1.9669810310006142,
    1.9556454047560692
  ],
  "joint_val_loss": [
    1.0072243213653564,
    1.0041719675064087,
    1.001752495765686,
    0.9999266862869263,
    0.9986365437507629,
    0.997793972492218,
    0.9972978234291077,
    0.9970411062240601,
    0.9969179630279541,
    0.9968276023864746
  ],
  "reconstruction_train_loss": [
    1.2486542612314224,
    1.2282033562660217,
    1.2080296203494072,
    1.1885219737887383,
    1.168293297290802,
    1.1513566821813583,
    1.1325370520353317,
    1.1155486181378365,
    1.099799245595932,
    1.0831100046634674
  ],
  "reconstruction_val_loss": [
    1.1505037546157837,
    1.1302670240402222,
    1.110580563545227,
    1.0915918350219727,
    1.073277235031128,
    1.0556923151016235,
    1.038922667503357,
    1.0228886604309082,
    1.0075258016586304,
    0.9927027821540833
  ]
}
