{
  "accuracy": 0.924072265625,
  "auprc": 0.08791152207539309,
  "auroc": 0.5559217931673087,
  "dataset": "simulated_EEG_68_static_v2",
  "f1": 0.0,
  "ground_truth_edges": 311,
  "hidden_variable_count": 4,
  "mode": "latent",
  "native_binary_accuracy": 0.876708984375,
  "native_binary_f1": 0.05607476635514018,
  "native_binary_shd": 486,
  "num_variables": 64,
  "observed_variable_count": 64,
  "predicted_edges": 0,
  "runtime_sec": 55.60872166790068,
  "sample_id": "sample_00241",
  "sequence_length": 1000,
  "shd": 311,
  "split": "test",
  "threshold": 300.00000000000006
}
