{
  "graph_discov_data_loss": [
    0.9577513933181763,
    0.7909190654754639,
    0.7119202613830566,
    0.6389380097389221,
    0.597675621509552,
    0.5437970161437988,
    0.5051031112670898,
    0.4593774676322937,
    0.44183194637298584,
    0.430803120136261,
    0.4094918966293335,
    0.3857070207595825,
    0.3823440372943878,
    0.360724538564682,
    0.348588764667511,
    0.3212258219718933,
    0.3207415044307709,
    0.31808042526245117,
    0.3061176538467407,
    0.2908898890018463,
    0.2834121286869049,
    0.28160539269447327,
    0.28755471110343933,
    0.27540141344070435,
    0.26211225986480713,
    0.2721624970436096,
    0.24734453856945038,
    0.2515794634819031,
    0.2462569773197174,
    0.23591604828834534,
    0.2432030588388443,
    0.2387424260377884,
    0.2284645140171051,
    0.23237475752830505,
    0.23350100219249725,
    0.22532181441783905,
    0.22860193252563477,
    0.21723806858062744,
    0.2232760190963745,
    0.2134917825460434,
    0.21760204434394836,
    0.21396268904209137,
    0.22049784660339355,
    0.20966368913650513,
    0.19990268349647522,
    0.20574712753295898,
    0.20774737000465393,
    0.1983436942100525,
    0.20028001070022583,
    0.2034011334180832,
    0.19997930526733398,
    0.1922038495540619,
    0.19891071319580078,
    0.201587975025177,
    0.18923839926719666,
    0.19995525479316711,
    0.19034340977668762,
    0.19754168391227722,
    0.19300928711891174,
    0.1865573227405548,
    0.18684843182563782,
    0.19306150078773499,
    0.19870775938034058,
    0.19127435982227325
  ],
  "graph_discov_sparsity_loss": [
    0.622459352016449,
    0.6223384737968445,
    0.6222315430641174,
    0.6221337914466858,
    0.622037410736084,
    0.6219417452812195,
    0.6218461394309998,
    0.621752917766571,
    0.6216636896133423,
    0.6215783357620239,
    0.6214978098869324,
    0.6214219331741333,
    0.6213511228561401,
    0.6212853193283081,
    0.6212236285209656,
    0.6211663484573364,
    0.6211128234863281,
    0.6210629940032959,
    0.6210163831710815,
    0.6209732294082642,
    0.5949140787124634,
    0.5948810577392578,
    0.5948549509048462,
    0.5948300957679749,
    0.5948070883750916,
    0.5947861671447754,
    0.5947675108909607,
    0.5947509407997131,
    0.594735860824585,
    0.5947226285934448,
    0.5947107076644897,
    0.5946997404098511,
    0.5946905612945557,
    0.5946828126907349,
    0.5946757793426514,
    0.5946698188781738,
    0.5946646928787231,
    0.5946606397628784,
    0.5946574211120605,
    0.5946550965309143,
    0.5946534872055054,
    0.5946526527404785,
    0.5946527719497681,
    0.5946536660194397,
    0.5946553945541382,
    0.5946576595306396,
    0.5946605205535889,
    0.5946636199951172,
    0.5946671366691589,
    0.5946709513664246,
    0.5946753025054932,
    0.5946799516677856,
    0.5946848392486572,
    0.5946900844573975,
    0.5946955680847168,
    0.5947012305259705,
    0.594707190990448,
    0.5947130918502808,
    0.5947190523147583,
    0.5947250127792358,
    0.5947310924530029,
    0.59473717212677,
    0.5947433710098267,
    0.5947496294975281
  ],
  "graph_discov_total_loss": [
    1.0199973583221436,
    0.8509536981582642,
    0.7698233723640442,
    0.6947861909866333,
    0.6515418291091919,
    0.5957517027854919,
    0.5552141070365906,
    0.507710337638855,
    0.48845013976097107,
    0.47576773166656494,
    0.4528619050979614,
    0.42753928899765015,
    0.4226934313774109,
    0.3996439278125763,
    0.38612908124923706,
    0.3574361801147461,
    0.3556692600250244,
    0.35177117586135864,
    0.33861538767814636,
    0.3222370147705078,
    0.3123825192451477,
    0.3095504641532898,
    0.3145110607147217,
    0.30140408873558044,
    0.2871950566768646,
    0.2963580787181854,
    0.2706843316555023,
    0.2740938663482666,
    0.26797518134117126,
    0.25686630606651306,
    0.26341256499290466,
    0.25823739171028137,
    0.24727028608322144,
    0.25051572918891907,
    0.25100070238113403,
    0.24220292270183563,
    0.2448863387107849,
    0.23294691741466522,
    0.23842965066432953,
    0.22810985147953033,
    0.2317035049200058,
    0.22756581008434296,
    0.23362025618553162,
    0.22232238948345184,
    0.21211408078670502,
    0.21752703189849854,
    0.21911105513572693,
    0.20930585265159607,
    0.21085485816001892,
    0.21360234916210175,
    0.20982009172439575,
    0.2016969621181488,
    0.20806843042373657,
    0.21042214334011078,
    0.1977604627609253,
    0.20817624032497406,
    0.19827395677566528,
    0.20519205927848816,
    0.20038938522338867,
    0.1936766803264618,
    0.19371627271175385,
    0.19968672096729279,
    0.20509891211986542,
    0.19743973016738892
  ],
  "latent_data_pred_loss": [
    1.0627529621124268,
    0.8911685943603516,
    0.8159435987472534,
    0.6969763040542603,
    0.630912721157074,
    0.5923898220062256,
    0.5491532683372498,
    0.4943602681159973,
    0.4593014121055603,
    0.4358425736427307,
    0.4174177646636963,
    0.38838326930999756,
    0.38398081064224243,
    0.36163946986198425,
    0.3532646894454956,
    0.3153451681137085,
    0.31795474886894226,
    0.318070650100708,
    0.30378830432891846,
    0.2931233048439026,
    0.28938230872154236,
    0.27652591466903687,
    0.28612107038497925,
    0.2695872187614441,
    0.26125892996788025,
    0.26312559843063354,
    0.24605190753936768,
    0.247593954205513,
    0.24308893084526062,
    0.2313733994960785,
    0.2382458746433258,
    0.22839878499507904,
    0.21965788304805756,
    0.22690196335315704,
    0.2151610404253006,
    0.21978452801704407,
    0.21805238723754883,
    0.20847952365875244,
    0.21118170022964478,
    0.2089276909828186,
    0.20793457329273224,
    0.20075078308582306,
    0.20770049095153809,
    0.19854365289211273,
    0.19706106185913086,
    0.1915755271911621,
    0.19358494877815247,
    0.18686175346374512,
    0.19063308835029602,
    0.1899581253528595,
    0.184254452586174,
    0.17891748249530792,
    0.18550920486450195,
    0.18938517570495605,
    0.18061083555221558,
    0.1856718212366104,
    0.17846286296844482,
    0.18131545186042786,
    0.17849518358707428,
    0.17610667645931244,
    0.17097435891628265,
    0.1748708337545395,
    0.1783914566040039,
    0.1747552454471588
  ]
}
