{
  "accuracy": 0.9166666666666666,
  "auprc": 0.3833333333333333,
  "auroc": 0.9090909090909091,
  "dataset": "nc8",
  "f1": 0.0,
  "ground_truth_edges": 3,
  "hidden_variable_count": 2,
  "mode": "latent",
  "native_binary_accuracy": 0.8611111111111112,
  "native_binary_f1": 0.5454545454545454,
  "native_binary_shd": 5,
  "num_variables": 6,
  "observed_variable_count": 6,
  "predicted_edges": 0,
  "runtime_sec": 11.823482431937009,
  "sample_id": "replica_004",
  "sequence_length": 2000,
  "shd": 3,
  "split": null,
  "threshold": 1.8244324326515198
}
