{
  "joint_train_loss": [
    2.0879595428705215,
    2.0692020133137703,
    2.0507488399744034,
    2.0357632786035538,
    2.020392544567585,
    2.006646543741226,
    1.9931160882115364,
    1.9818737134337425,
    1.9698566496372223,
    1.9598915353417397
  ],
  "joint_val_loss": [
    1.006972312927246,
    1.003908395767212,
    1.001481294631958,
    0.9996546506881714,
    0.9983686208724976,
    0.9975343942642212,
    0.9970542192459106,
    0.9968265295028687,
    0.9967421889305115,
    0.9966974258422852
  ],
  "reconstruction_train_loss": [
    1.2497383505105972,
    1.2267704606056213,
    1.2070586532354355,
    1.1889403834939003,
    1.1683464497327805,
    1.1504545137286186,
    1.1329862028360367,
    1.1165005564689636,
    1.1009405329823494,
    1.085448518395424
  ],
  "reconstruction_val_loss": [
    1.1505869626998901,
    1.1304845809936523,
    1.1110224723815918,
    1.0922205448150635,
    1.074083924293518,
    1.056701898574829,
    1.0400645732879639,
    1.024161458015442,
    1.0088884830474854,
    0.9942236542701721
  ]
}
