{
  "graph_discov_data_loss": [
    0.916380763053894,
    0.8751000165939331,
    0.8048781156539917,
    0.7350865602493286,
    0.654198169708252,
    0.5978745222091675,
    0.5452207326889038,
    0.5074542760848999,
    0.48382630944252014,
    0.4635506272315979,
    0.4229894280433655,
    0.418414831161499,
    0.4056057929992676,
    0.4021221399307251,
    0.37216848134994507,
    0.3639712333679199,
    0.35312002897262573,
    0.34783536195755005,
    0.32133716344833374,
    0.31484466791152954,
    0.31356287002563477,
    0.30434876680374146,
    0.30171483755111694,
    0.2937597632408142,
    0.2842777669429779,
    0.28290480375289917,
    0.28138720989227295,
    0.27095872163772583,
    0.2645477056503296,
    0.2687825560569763,
    0.25381529331207275,
    0.2598143219947815,
    0.24719972908496857,
    0.250532329082489,
    0.24826964735984802,
    0.23978251218795776,
    0.2388235628604889,
    0.23867666721343994,
    0.23954075574874878,
    0.23048590123653412,
    0.2398967742919922,
    0.2336830496788025,
    0.23309454321861267,
    0.22787104547023773,
    0.2297946959733963,
    0.22330635786056519,
    0.224134624004364,
    0.22101031243801117,
    0.21849298477172852,
    0.2213146686553955,
    0.2190566509962082,
    0.21922701597213745,
    0.21266603469848633,
    0.21543461084365845,
    0.2148376852273941,
    0.21440006792545319,
    0.21171775460243225,
    0.21076007187366486,
    0.2102777361869812,
    0.20875993371009827,
    0.1991288959980011,
    0.2077813446521759,
    0.20860259234905243,
    0.209388867020607
  ],
  "graph_discov_sparsity_loss": [
    0.622459352016449,
    0.6223065853118896,
    0.6221716403961182,
    0.6220487356185913,
    0.6219344139099121,
    0.621823787689209,
    0.621717095375061,
    0.6216121912002563,
    0.6215106248855591,
    0.6214128732681274,
    0.6213201284408569,
    0.621231734752655,
    0.6211481094360352,
    0.6210700273513794,
    0.6209971904754639,
    0.6209291219711304,
    0.6208659410476685,
    0.620807409286499,
    0.6207534074783325,
    0.6207031607627869,
    0.5948600769042969,
    0.5948364734649658,
    0.5948128700256348,
    0.5947917103767395,
    0.5947725772857666,
    0.5947551727294922,
    0.5947399139404297,
    0.5947264432907104,
    0.5947152376174927,
    0.5947052240371704,
    0.5946964621543884,
    0.5946890115737915,
    0.5946825742721558,
    0.5946773290634155,
    0.594673216342926,
    0.5946700572967529,
    0.5946675539016724,
    0.5946660041809082,
    0.5946657061576843,
    0.5946663618087769,
    0.5946677327156067,
    0.5946698188781738,
    0.5946726202964783,
    0.59467613697052,
    0.5946801900863647,
    0.5946847200393677,
    0.5946897268295288,
    0.5946952700614929,
    0.5947009325027466,
    0.5947068333625793,
    0.5947129130363464,
    0.594719409942627,
    0.5947259068489075,
    0.5947324633598328,
    0.5947390794754028,
    0.5947456955909729,
    0.5947523713111877,
    0.5947591066360474,
    0.5947657823562622,
    0.5947725176811218,
    0.594779372215271,
    0.5947861671447754,
    0.5947930216789246,
    0.5948001146316528
  ],
  "graph_discov_total_loss": [
    0.9786267280578613,
    0.9351315498352051,
    0.8627756834030151,
    0.7909270524978638,
    0.7080554962158203,
    0.6498193740844727,
    0.5953212976455688,
    0.5557762384414673,
    0.5304330587387085,
    0.508503258228302,
    0.4663470387458801,
    0.46023431420326233,
    0.4459420144557953,
    0.44102805852890015,
    0.4096951186656952,
    0.4001677632331848,
    0.3880338966846466,
    0.38151225447654724,
    0.35382112860679626,
    0.34617817401885986,
    0.34253063797950745,
    0.33229175209999084,
    0.3286692798137665,
    0.3197607398033142,
    0.3093591332435608,
    0.3070991039276123,
    0.3047259449958801,
    0.29347217082977295,
    0.28626516461372375,
    0.2897322177886963,
    0.2740243077278137,
    0.279308944940567,
    0.2660052478313446,
    0.2686731219291687,
    0.26576924324035645,
    0.25666362047195435,
    0.2551080584526062,
    0.25438565015792847,
    0.2546946108341217,
    0.24510425329208374,
    0.2539985775947571,
    0.24728655815124512,
    0.24621738493442535,
    0.24053022265434265,
    0.2420065999031067,
    0.23508679866790771,
    0.23549886047840118,
    0.2319730669260025,
    0.22906842827796936,
    0.231516495347023,
    0.2288980633020401,
    0.2287207543849945,
    0.22182437777519226,
    0.22426940500736237,
    0.22336037456989288,
    0.22262166440486908,
    0.21964889764785767,
    0.21841102838516235,
    0.2176584154367447,
    0.2158798724412918,
    0.2059973031282425,
    0.21440710127353668,
    0.21499428153038025,
    0.21555475890636444
  ],
  "latent_data_pred_loss": [
    0.9993504881858826,
    0.942207396030426,
    0.8766176104545593,
    0.8166069388389587,
    0.7082119584083557,
    0.6449354290962219,
    0.5871284008026123,
    0.5364829301834106,
    0.5132431983947754,
    0.4830651879310608,
    0.4371458888053894,
    0.4389193654060364,
    0.4158782362937927,
    0.41150540113449097,
    0.3721390962600708,
    0.3673560619354248,
    0.3500601053237915,
    0.342593789100647,
    0.31914299726486206,
    0.3134694993495941,
    0.3033142387866974,
    0.30176788568496704,
    0.2966049909591675,
    0.2896156311035156,
    0.28246819972991943,
    0.2751648426055908,
    0.2757500112056732,
    0.267814576625824,
    0.255220890045166,
    0.2602717876434326,
    0.250034362077713,
    0.2538893222808838,
    0.2374507635831833,
    0.23839566111564636,
    0.2391810119152069,
    0.23478876054286957,
    0.2296646535396576,
    0.22663171589374542,
    0.23159578442573547,
    0.21753934025764465,
    0.2211296260356903,
    0.22337843477725983,
    0.21815934777259827,
    0.21330969035625458,
    0.21502870321273804,
    0.21097338199615479,
    0.2080773562192917,
    0.21113236248493195,
    0.2097638100385666,
    0.2091204822063446,
    0.20594170689582825,
    0.20309895277023315,
    0.202877014875412,
    0.20120278000831604,
    0.20240533351898193,
    0.1984192430973053,
    0.1949533224105835,
    0.19539250433444977,
    0.19718360900878906,
    0.19463935494422913,
    0.18770524859428406,
    0.19254082441329956,
    0.19315770268440247,
    0.1959822177886963
  ]
}
