{
  "accuracy": 0.96484375,
  "auprc": 0.10488100920903722,
  "auroc": 0.7392231078497525,
  "dataset": "simulated_fMRI",
  "f1": 0.0,
  "ground_truth_edges": 144,
  "hidden_variable_count": 4,
  "mode": "latent",
  "num_variables": 64,
  "observed_variable_count": 64,
  "predicted_edges": 0,
  "runtime_sec": 10.227078789845109,
  "sample_id": "sample_00293",
  "sequence_length": 240,
  "shd": 144,
  "split": "test",
  "threshold": 0.39964994788169866
}
