{
  "graph_discov_data_loss": [
    0.9130577445030212,
    0.8978556394577026,
    0.7390406727790833,
    0.6314781904220581,
    0.5999336838722229,
    0.5295940637588501,
    0.46902382373809814,
    0.45648932456970215,
    0.42173975706100464,
    0.41267746686935425,
    0.3771255612373352,
    0.36765018105506897,
    0.353567898273468,
    0.33519431948661804,
    0.3309475779533386,
    0.3224131464958191,
    0.30222731828689575,
    0.28366905450820923,
    0.29042133688926697,
    0.28510791063308716,
    0.27584308385849,
    0.2651689052581787,
    0.2616133987903595,
    0.2532367706298828,
    0.2491118162870407,
    0.24433010816574097,
    0.2438419610261917,
    0.23759892582893372,
    0.2345123589038849,
    0.22438018023967743,
    0.22508129477500916,
    0.2308179885149002,
    0.2247430384159088,
    0.2202424257993698,
    0.21920041739940643,
    0.2176484912633896,
    0.21547871828079224,
    0.20956124365329742,
    0.21212004125118256,
    0.21188956499099731,
    0.21553994715213776,
    0.20193873345851898,
    0.2027151733636856,
    0.20880922675132751,
    0.1999986171722412,
    0.19761575758457184,
    0.20449402928352356,
    0.20084619522094727,
    0.19388261437416077,
    0.19305552542209625,
    0.19317227602005005,
    0.1945444643497467,
    0.19508925080299377,
    0.19729821383953094,
    0.1868668794631958,
    0.1917153000831604,
    0.18670439720153809,
    0.19164405763149261,
    0.18265917897224426,
    0.19352859258651733,
    0.18585515022277832,
    0.18605811893939972,
    0.1880340576171875,
    0.18372465670108795
  ],
  "graph_discov_sparsity_loss": [
    0.622459352016449,
    0.6223173141479492,
    0.6221985816955566,
    0.6220884323120117,
    0.6219863891601562,
    0.6218883991241455,
    0.6217918992042542,
    0.6216970682144165,
    0.6216059327125549,
    0.6215187907218933,
    0.6214360594749451,
    0.6213582158088684,
    0.6212854385375977,
    0.6212170124053955,
    0.6211525201797485,
    0.6210923194885254,
    0.6210359930992126,
    0.6209831833839417,
    0.6209340691566467,
    0.6208884119987488,
    0.5948971509933472,
    0.5948753356933594,
    0.5948525667190552,
    0.5948322415351868,
    0.5948143005371094,
    0.5947977900505066,
    0.5947824716567993,
    0.594768762588501,
    0.5947568416595459,
    0.5947461128234863,
    0.5947364568710327,
    0.5947279930114746,
    0.5947210788726807,
    0.5947155952453613,
    0.5947108268737793,
    0.5947072505950928,
    0.5947045087814331,
    0.5947026014328003,
    0.5947016477584839,
    0.5947015881538391,
    0.5947021245956421,
    0.5947034358978271,
    0.5947054624557495,
    0.5947079062461853,
    0.594711184501648,
    0.5947149395942688,
    0.5947191715240479,
    0.5947238206863403,
    0.5947287082672119,
    0.5947340130805969,
    0.5947396755218506,
    0.5947455167770386,
    0.5947517156600952,
    0.5947579145431519,
    0.5947643518447876,
    0.594770610332489,
    0.5947769284248352,
    0.5947831869125366,
    0.5947895050048828,
    0.594795823097229,
    0.5948021411895752,
    0.5948085188865662,
    0.5948148965835571,
    0.5948211550712585
  ],
  "graph_discov_total_loss": [
    0.9753036499023438,
    0.9578881859779358,
    0.7969407439231873,
    0.6873222589492798,
    0.6537954807281494,
    0.5815442800521851,
    0.5191304683685303,
    0.5048179030418396,
    0.46835362911224365,
    0.4576377868652344,
    0.4204912781715393,
    0.40947818756103516,
    0.39391303062438965,
    0.3741094470024109,
    0.36848360300064087,
    0.35861921310424805,
    0.3371507525444031,
    0.3173554837703705,
    0.3229147791862488,
    0.3164507746696472,
    0.30481263995170593,
    0.29311370849609375,
    0.2885696291923523,
    0.2792395353317261,
    0.2741949260234833,
    0.2685261368751526,
    0.2671823501586914,
    0.26011398434638977,
    0.2562313377857208,
    0.245331272482872,
    0.24529168009757996,
    0.2503138780593872,
    0.24354976415634155,
    0.2383843958377838,
    0.2367011308670044,
    0.23453065752983093,
    0.23176422715187073,
    0.22527119517326355,
    0.2272748053073883,
    0.22650878131389618,
    0.22964255511760712,
    0.2155430018901825,
    0.2158387452363968,
    0.22146907448768616,
    0.21221116185188293,
    0.20939680933952332,
    0.2158588320016861,
    0.21180947124958038,
    0.204458549618721,
    0.20325781404972076,
    0.20301413536071777,
    0.2040386199951172,
    0.20424799621105194,
    0.2061333954334259,
    0.19538992643356323,
    0.19993723928928375,
    0.19463586807250977,
    0.19929532706737518,
    0.19004014134407043,
    0.20064879953861237,
    0.19272381067276,
    0.1926841288805008,
    0.19442598521709442,
    0.1898907721042633
  ],
  "latent_data_pred_loss": [
    0.9986284375190735,
    0.9868086576461792,
    0.8205528259277344,
    0.714268147945404,
    0.6647804975509644,
    0.5755618810653687,
    0.5102839469909668,
    0.4846454858779907,
    0.4366445243358612,
    0.41499173641204834,
    0.3900524377822876,
    0.376661092042923,
    0.36248934268951416,
    0.3442223072052002,
    0.33489280939102173,
    0.31973016262054443,
    0.2950126528739929,
    0.2846366763114929,
    0.282681405544281,
    0.27572399377822876,
    0.26666513085365295,
    0.26018619537353516,
    0.25614234805107117,
    0.2463221549987793,
    0.2472754418849945,
    0.23366613686084747,
    0.23886984586715698,
    0.22836735844612122,
    0.22771123051643372,
    0.22129938006401062,
    0.22177726030349731,
    0.2218373715877533,
    0.21403421461582184,
    0.21181103587150574,
    0.20505088567733765,
    0.2089519202709198,
    0.2019863724708557,
    0.2043626606464386,
    0.20037156343460083,
    0.20524626970291138,
    0.20303893089294434,
    0.18951904773712158,
    0.19058263301849365,
    0.1909995675086975,
    0.1896553933620453,
    0.1896265745162964,
    0.18089155852794647,
    0.18642914295196533,
    0.17944177985191345,
    0.18066290020942688,
    0.18481414020061493,
    0.18145817518234253,
    0.1831730604171753,
    0.18022850155830383,
    0.17913800477981567,
    0.17846761643886566,
    0.17709487676620483,
    0.17701347172260284,
    0.1733032763004303,
    0.17600040137767792,
    0.1737634837627411,
    0.1746883988380432,
    0.1734568178653717,
    0.17275859415531158
  ]
}
