{
  "joint_train_loss": [
    2.0872792750597,
    2.0680790841579437,
    2.050640106201172,
    2.0364994555711746,
    2.020347461104393,
    2.0055307671427727,
    1.9921918362379074,
    1.9798144102096558,
    1.969773754477501,
    1.9586857482790947
  ],
  "joint_val_loss": [
    1.0078192949295044,
    1.004759669303894,
    1.0023295879364014,
    1.00048828125,
    0.9991840124130249,
    0.998318612575531,
    0.9977974891662598,
    0.9975196123123169,
    0.9973791837692261,
    0.9972729086875916
  ],
  "reconstruction_train_loss": [
    1.249131217598915,
    1.2272726893424988,
    1.206994652748108,
    1.1885565742850304,
    1.1685606464743614,
    1.1515841111540794,
    1.1329485923051834,
    1.1161473616957664,
    1.0991385728120804,
    1.0835203900933266
  ],
  "reconstruction_val_loss": [
    1.1501230001449585,
    1.129889965057373,
    1.1102492809295654,
    1.09128999710083,
    1.0729851722717285,
    1.055388331413269,
    1.038580060005188,
    1.0225541591644287,
    1.0071611404418945,
    0.9923742413520813
  ]
}
