{
  "joint_train_loss": [
    2.0845350474119186,
    2.064882107079029,
    2.047651454806328,
    2.028941959142685,
    2.0103859305381775,
    1.9953615590929985,
    1.9811349660158157,
    1.9647303372621536,
    1.95412477850914,
    1.9410746917128563
  ],
  "joint_val_loss": [
    1.0088797807693481,
    1.0049229860305786,
    1.0015571117401123,
    0.9987589716911316,
    0.9964902400970459,
    0.9946885108947754,
    0.9932725429534912,
    0.9921433925628662,
    0.9912136197090149,
    0.9903825521469116
  ],
  "reconstruction_train_loss": [
    1.2553347498178482,
    1.2336320281028748,
    1.210066705942154,
    1.1910293325781822,
    1.1712140589952469,
    1.154463768005371,
    1.1326023191213608,
    1.1173613592982292,
    1.0981990694999695,
    1.0804435014724731
  ],
  "reconstruction_val_loss": [
    1.1429775953292847,
    1.1226218938827515,
    1.1029824018478394,
    1.0840559005737305,
    1.0658233165740967,
    1.0482474565505981,
    1.0312682390213013,
    1.0148907899856567,
    0.9991163611412048,
    0.9838183522224426
  ]
}
