{
  "aggregate": {
    "accuracy": {
      "max": 0.924072265625,
      "mean": 0.924072265625,
      "min": 0.924072265625,
      "std": 0.0
    },
    "auprc": {
      "max": 0.271576272260842,
      "mean": 0.24933525925756966,
      "min": 0.23016535814808858,
      "std": 0.011021450371004458
    },
    "auroc": {
      "max": 0.8093812519379681,
      "mean": 0.7928909916874445,
      "min": 0.7699431246203706,
      "std": 0.009774104537472916
    },
    "f1": {
      "max": 0.0,
      "mean": 0.0,
      "min": 0.0,
      "std": 0.0
    },
    "runtime_sec": {
      "max": 76.53221692796797,
      "mean": 67.4916853543953,
      "min": 67.04373810207471,
      "std": 1.4704771274117376
    },
    "runtime_sec_total": 2699.667414175812,
    "shd": {
      "max": 311.0,
      "mean": 311.0,
      "min": 311.0,
      "std": 0.0
    },
    "threshold_accuracy": 0.924072265625,
    "wall_clock_sec_total": 2701.450636457186
  },
  "baseline": "CUTS+",
  "dataset": "simulated_EEG_68_static_v2",
  "loss_curve_note": null,
  "mode": "latent",
  "native_binary_available": false,
  "num_samples": 40,
  "split": "test",
  "threshold": {
    "accuracy": 0.924072265625,
    "num_edges": 163840,
    "rule": "binary_graph = (score_matrix >= threshold)",
    "threshold": 0.50242817401886
  }
}
