{
  "accuracy": 0.924072265625,
  "num_edges": 163840,
  "rule": "binary_graph = (score_matrix >= threshold)",
  "threshold": 0.50242817401886
}
