{
  "graph_discov_data_loss": [
    0.97376549243927,
    0.8866064548492432,
    0.7778210639953613,
    0.6792221069335938,
    0.5808117985725403,
    0.5472583770751953,
    0.5219561457633972,
    0.4785650372505188,
    0.458718478679657,
    0.4342516362667084,
    0.4005773365497589,
    0.39911210536956787,
    0.3690745234489441,
    0.3555445671081543,
    0.34509092569351196,
    0.33836829662323,
    0.3325108587741852,
    0.33285850286483765,
    0.30908000469207764,
    0.30162355303764343,
    0.29330456256866455,
    0.28674280643463135,
    0.2730822265148163,
    0.2664525508880615,
    0.26597756147384644,
    0.25447916984558105,
    0.2540794312953949,
    0.23650555312633514,
    0.24336552619934082,
    0.23201927542686462,
    0.23188546299934387,
    0.2328609824180603,
    0.22182190418243408,
    0.22500301897525787,
    0.22036223113536835,
    0.2204885482788086,
    0.21056082844734192,
    0.21503284573554993,
    0.21647676825523376,
    0.21615847945213318,
    0.21427157521247864,
    0.20487096905708313,
    0.20835261046886444,
    0.20657765865325928,
    0.20784839987754822,
    0.20182719826698303,
    0.20136800408363342,
    0.19856855273246765,
    0.20317912101745605,
    0.19731883704662323,
    0.1968930959701538,
    0.19548895955085754,
    0.19532707333564758,
    0.19335871934890747,
    0.19361494481563568,
    0.197535440325737,
    0.19832603633403778,
    0.18628191947937012,
    0.19058182835578918,
    0.189625546336174,
    0.186212956905365,
    0.1864033341407776,
    0.1869175136089325,
    0.18790222704410553
  ],
  "graph_discov_sparsity_loss": [
    0.622459352016449,
    0.6223186254501343,
    0.622193455696106,
    0.622081995010376,
    0.6219779253005981,
    0.6218743324279785,
    0.6217739582061768,
    0.6216769218444824,
    0.6215841174125671,
    0.6214950084686279,
    0.6214103102684021,
    0.6213299036026001,
    0.6212542057037354,
    0.6211826801300049,
    0.6211153268814087,
    0.6210523843765259,
    0.6209934949874878,
    0.6209384799003601,
    0.6208869814872742,
    0.6208392381668091,
    0.5948871374130249,
    0.594854474067688,
    0.5948253870010376,
    0.5947981476783752,
    0.5947736501693726,
    0.5947520732879639,
    0.5947321653366089,
    0.5947145223617554,
    0.5946987271308899,
    0.5946848392486572,
    0.5946722030639648,
    0.5946611762046814,
    0.5946518182754517,
    0.5946437120437622,
    0.5946367383003235,
    0.5946307182312012,
    0.5946263074874878,
    0.5946227312088013,
    0.5946200489997864,
    0.5946184396743774,
    0.5946177244186401,
    0.5946178436279297,
    0.5946184396743774,
    0.5946197509765625,
    0.5946218371391296,
    0.5946243405342102,
    0.5946276187896729,
    0.5946311950683594,
    0.5946353077888489,
    0.5946396589279175,
    0.5946443676948547,
    0.5946493744850159,
    0.5946546792984009,
    0.594660222530365,
    0.5946657061576843,
    0.5946713089942932,
    0.5946770906448364,
    0.594683051109314,
    0.594688892364502,
    0.5946948528289795,
    0.5947008728981018,
    0.5947070121765137,
    0.5947129130363464,
    0.5947188138961792
  ],
  "graph_discov_total_loss": [
    1.0360114574432373,
    0.9466391205787659,
    0.8357206583023071,
    0.7350655794143677,
    0.6346728801727295,
    0.5992074012756348,
    0.57206130027771,
    0.5268920063972473,
    0.5053306818008423,
    0.47921022772789,
    0.44394123554229736,
    0.44093820452690125,
    0.40941762924194336,
    0.39445751905441284,
    0.38262468576431274,
    0.3745720088481903,
    0.3674318790435791,
    0.3665424883365631,
    0.34157097339630127,
    0.3329639136791229,
    0.3222736418247223,
    0.3146866261959076,
    0.3000372350215912,
    0.2924538254737854,
    0.2910589575767517,
    0.27867335081100464,
    0.2774178385734558,
    0.25901857018470764,
    0.26508238911628723,
    0.2529681921005249,
    0.25209367275238037,
    0.2523546814918518,
    0.24062643945217133,
    0.24314278364181519,
    0.237860769033432,
    0.23736853897571564,
    0.2268441915512085,
    0.23074068129062653,
    0.23162944614887238,
    0.2307756543159485,
    0.22837218642234802,
    0.21847328543663025,
    0.22147426009178162,
    0.2192356288433075,
    0.2200591117143631,
    0.21360644698143005,
    0.21273106336593628,
    0.20953011512756348,
    0.21375340223312378,
    0.2075195163488388,
    0.20673337578773499,
    0.20498158037662506,
    0.20448431372642517,
    0.20219244062900543,
    0.2021365761756897,
    0.20575600862503052,
    0.2062561810016632,
    0.19393190741539001,
    0.19796155393123627,
    0.19674454629421234,
    0.19308045506477356,
    0.19302821159362793,
    0.19330833852291107,
    0.19406728446483612
  ],
  "latent_data_pred_loss": [
    1.0675387382507324,
    0.9659250974655151,
    0.8626702427864075,
    0.7656577229499817,
    0.6451601982116699,
    0.5923725962638855,
    0.5491772294044495,
    0.5037338733673096,
    0.4859866201877594,
    0.4606344997882843,
    0.4219805598258972,
    0.4100185036659241,
    0.3801930248737335,
    0.35750246047973633,
    0.3521561622619629,
    0.3382399380207062,
    0.32774388790130615,
    0.3293275237083435,
    0.30109691619873047,
    0.29877322912216187,
    0.2987571954727173,
    0.2852269411087036,
    0.2712886333465576,
    0.26871588826179504,
    0.25760436058044434,
    0.2502744793891907,
    0.24782514572143555,
    0.23883943259716034,
    0.2354658544063568,
    0.2267303168773651,
    0.22474434971809387,
    0.22574473917484283,
    0.2174912393093109,
    0.21882672607898712,
    0.216121107339859,
    0.20756962895393372,
    0.19936883449554443,
    0.20474174618721008,
    0.20178017020225525,
    0.20131783187389374,
    0.20082110166549683,
    0.19160550832748413,
    0.1983206868171692,
    0.1964646875858307,
    0.19186797738075256,
    0.19051921367645264,
    0.19174975156784058,
    0.1927264928817749,
    0.18850921094417572,
    0.18490183353424072,
    0.18234653770923615,
    0.18396452069282532,
    0.18468275666236877,
    0.18419891595840454,
    0.18029674887657166,
    0.1834312379360199,
    0.18932726979255676,
    0.17494763433933258,
    0.17869848012924194,
    0.17385341227054596,
    0.1746770143508911,
    0.17383988201618195,
    0.18155711889266968,
    0.1744905561208725
  ]
}
