{
  "graph_discov_data_loss": [
    0.9522430896759033,
    0.8762209415435791,
    0.7852463722229004,
    0.7037797570228577,
    0.6421558856964111,
    0.5718604922294617,
    0.5113136768341064,
    0.48576438426971436,
    0.45210832357406616,
    0.4426403343677521,
    0.41030484437942505,
    0.3758715093135834,
    0.36259281635284424,
    0.3470703959465027,
    0.3515279293060303,
    0.34204918146133423,
    0.3342077136039734,
    0.32011863589286804,
    0.3085847496986389,
    0.313018262386322,
    0.29644036293029785,
    0.2832374572753906,
    0.2765946686267853,
    0.27776995301246643,
    0.26825031638145447,
    0.2600049376487732,
    0.2548743486404419,
    0.2513574957847595,
    0.255338579416275,
    0.24591732025146484,
    0.2425955832004547,
    0.237676203250885,
    0.23613081872463226,
    0.2304559350013733,
    0.2325679063796997,
    0.22938445210456848,
    0.22233721613883972,
    0.22288399934768677,
    0.22287440299987793,
    0.22087286412715912,
    0.2209818959236145,
    0.22046324610710144,
    0.2153664082288742,
    0.21014276146888733,
    0.21434839069843292,
    0.21010251343250275,
    0.20518434047698975,
    0.208139106631279,
    0.20754720270633698,
    0.20162969827651978,
    0.20128805935382843,
    0.2084878832101822,
    0.200492724776268,
    0.19586309790611267,
    0.197731152176857,
    0.19791272282600403,
    0.19766978919506073,
    0.1973765790462494,
    0.1946028769016266,
    0.19804362952709198,
    0.19145046174526215,
    0.19484218955039978,
    0.1887599527835846,
    0.19112429022789001
  ],
  "graph_discov_sparsity_loss": [
    0.622459352016449,
    0.6223105192184448,
    0.6221817135810852,
    0.6220647096633911,
    0.6219552755355835,
    0.6218515634536743,
    0.6217511892318726,
    0.6216545104980469,
    0.6215611696243286,
    0.6214727759361267,
    0.6213892698287964,
    0.6213109493255615,
    0.621238112449646,
    0.621171236038208,
    0.621108889579773,
    0.6210516691207886,
    0.6209987998008728,
    0.62095046043396,
    0.6209061145782471,
    0.6208652257919312,
    0.5948934555053711,
    0.5948736667633057,
    0.5948562622070312,
    0.5948400497436523,
    0.5948258638381958,
    0.5948126316070557,
    0.5948012471199036,
    0.5947915315628052,
    0.5947831869125366,
    0.5947762727737427,
    0.5947703719139099,
    0.5947654247283936,
    0.5947613716125488,
    0.5947586297988892,
    0.5947569012641907,
    0.5947562456130981,
    0.5947561264038086,
    0.5947569608688354,
    0.5947585105895996,
    0.5947607159614563,
    0.5947633385658264,
    0.5947668552398682,
    0.5947709083557129,
    0.5947753190994263,
    0.5947803258895874,
    0.5947856903076172,
    0.5947914123535156,
    0.5947974324226379,
    0.5948037505149841,
    0.5948102474212646,
    0.594817042350769,
    0.5948238372802734,
    0.5948307514190674,
    0.5948378443717957,
    0.5948448777198792,
    0.5948520302772522,
    0.59485924243927,
    0.5948666334152222,
    0.5948740243911743,
    0.5948812365531921,
    0.59488844871521,
    0.5948957204818726,
    0.5949029922485352,
    0.5949099659919739
  ],
  "graph_discov_total_loss": [
    1.0144890546798706,
    0.9362528324127197,
    0.8431448936462402,
    0.7596216797828674,
    0.6960150003433228,
    0.6238076686859131,
    0.5614169836044312,
    0.5340896248817444,
    0.49871882796287537,
    0.4875973165035248,
    0.4536672830581665,
    0.4176963269710541,
    0.40293487906455994,
    0.3859826326370239,
    0.3890613317489624,
    0.37825286388397217,
    0.3691290318965912,
    0.35380327701568604,
    0.34107670187950134,
    0.3443599343299866,
    0.32540974020957947,
    0.3111821711063385,
    0.3035510778427124,
    0.30377304553985596,
    0.29333391785621643,
    0.28420159220695496,
    0.2782154679298401,
    0.2738734185695648,
    0.27705851197242737,
    0.2668694853782654,
    0.26280713081359863,
    0.2571733295917511,
    0.2549388110637665,
    0.24859921634197235,
    0.2500699758529663,
    0.24626800417900085,
    0.23862414062023163,
    0.2385953813791275,
    0.23803061246871948,
    0.23549354076385498,
    0.23508596420288086,
    0.23406897485256195,
    0.2284914255142212,
    0.22280405461788177,
    0.22656235098838806,
    0.22188496589660645,
    0.2165505290031433,
    0.21910373866558075,
    0.21812447905540466,
    0.21183329820632935,
    0.21113120019435883,
    0.21798329055309296,
    0.20965267717838287,
    0.20469945669174194,
    0.20625534653663635,
    0.2061357945203781,
    0.20560236275196075,
    0.20502892136573792,
    0.20198489725589752,
    0.2051648646593094,
    0.19832012057304382,
    0.20146916806697845,
    0.19515283405780792,
    0.1972913295030594
  ],
  "latent_data_pred_loss": [
    1.034928321838379,
    0.9519580602645874,
    0.857103168964386,
    0.7817378044128418,
    0.7047896385192871,
    0.6177620887756348,
    0.552366316318512,
    0.5096701383590698,
    0.48083895444869995,
    0.4737379252910614,
    0.4303152561187744,
    0.39342743158340454,
    0.3674499988555908,
    0.35667455196380615,
    0.34801802039146423,
    0.340031236410141,
    0.32605433464050293,
    0.3166566491127014,
    0.3005928099155426,
    0.3065694570541382,
    0.3009394109249115,
    0.27839401364326477,
    0.2722287178039551,
    0.2696973383426666,
    0.26799091696739197,
    0.25615212321281433,
    0.24766544997692108,
    0.24260161817073822,
    0.24793082475662231,
    0.24311447143554688,
    0.23414650559425354,
    0.2266354262828827,
    0.22716961801052094,
    0.22436901926994324,
    0.2123604118824005,
    0.21884936094284058,
    0.2086518257856369,
    0.2143818736076355,
    0.21312381327152252,
    0.2081860601902008,
    0.2069946825504303,
    0.2019944190979004,
    0.2027961015701294,
    0.2002238631248474,
    0.19890180230140686,
    0.20092616975307465,
    0.19226834177970886,
    0.1963176429271698,
    0.19192560017108917,
    0.19203579425811768,
    0.18985694646835327,
    0.18714675307273865,
    0.1939045786857605,
    0.18894051015377045,
    0.18765196204185486,
    0.18671849370002747,
    0.18546681106090546,
    0.18392425775527954,
    0.1856561303138733,
    0.17717471718788147,
    0.17949894070625305,
    0.1739898920059204,
    0.17793384194374084,
    0.1748063713312149
  ]
}
