{
  "graph_discov_data_loss": [
    0.9838153123855591,
    0.8556296825408936,
    0.7962992191314697,
    0.7178544998168945,
    0.6398042440414429,
    0.6119314432144165,
    0.5569548606872559,
    0.5177105665206909,
    0.47263509035110474,
    0.4220399260520935,
    0.393085777759552,
    0.38539427518844604,
    0.3720446825027466,
    0.3432646691799164,
    0.3390738368034363,
    0.3351837992668152,
    0.32896900177001953,
    0.3117356300354004,
    0.31403428316116333,
    0.3045482635498047,
    0.2883828580379486,
    0.2859976887702942,
    0.2854825556278229,
    0.27162256836891174,
    0.2733812928199768,
    0.2646930515766144,
    0.2587431073188782,
    0.25514546036720276,
    0.2561577558517456,
    0.24009373784065247,
    0.24783837795257568,
    0.23779571056365967,
    0.2419065535068512,
    0.23713110387325287,
    0.23873163759708405,
    0.228507399559021,
    0.22823336720466614,
    0.22413484752178192,
    0.22509616613388062,
    0.21513326466083527,
    0.21308374404907227,
    0.21739327907562256,
    0.21631917357444763,
    0.21634700894355774,
    0.21310482919216156,
    0.20477056503295898,
    0.21162831783294678,
    0.20329385995864868,
    0.2040444314479828,
    0.20589087903499603,
    0.2071225345134735,
    0.2029101699590683,
    0.20284585654735565,
    0.20282027125358582,
    0.2009972631931305,
    0.19689854979515076,
    0.19707652926445007,
    0.19603464007377625,
    0.19799692928791046,
    0.20187297463417053,
    0.1939089000225067,
    0.20297883450984955,
    0.19161710143089294,
    0.19179734587669373
  ],
  "graph_discov_sparsity_loss": [
    0.622459352016449,
    0.622316837310791,
    0.6221888065338135,
    0.6220687627792358,
    0.6219563484191895,
    0.6218489408493042,
    0.6217467784881592,
    0.6216496229171753,
    0.62155681848526,
    0.621468722820282,
    0.6213845014572144,
    0.621304988861084,
    0.6212308406829834,
    0.6211614012718201,
    0.6210964322090149,
    0.6210358738899231,
    0.6209795475006104,
    0.620927095413208,
    0.6208791732788086,
    0.6208353638648987,
    0.5948872566223145,
    0.5948663949966431,
    0.5948464274406433,
    0.5948280096054077,
    0.5948119163513184,
    0.594796359539032,
    0.594782829284668,
    0.5947705507278442,
    0.5947594046592712,
    0.5947490334510803,
    0.5947398543357849,
    0.5947321653366089,
    0.594726026058197,
    0.5947209596633911,
    0.594716489315033,
    0.5947129726409912,
    0.5947101712226868,
    0.5947085022926331,
    0.594707727432251,
    0.5947074890136719,
    0.5947079062461853,
    0.5947089791297913,
    0.5947110056877136,
    0.5947136878967285,
    0.5947169065475464,
    0.5947206020355225,
    0.5947245359420776,
    0.5947290658950806,
    0.5947338342666626,
    0.5947387218475342,
    0.5947437882423401,
    0.5947492718696594,
    0.5947549343109131,
    0.5947607159614563,
    0.5947668552398682,
    0.59477299451828,
    0.5947791337966919,
    0.5947853326797485,
    0.5947914123535156,
    0.5947974920272827,
    0.5948036313056946,
    0.5948097705841064,
    0.5948157906532288,
    0.5948217511177063
  ],
  "graph_discov_total_loss": [
    1.0460612773895264,
    0.9156621694564819,
    0.8541983962059021,
    0.7736968398094177,
    0.6936634182929993,
    0.6638783812522888,
    0.6070578098297119,
    0.5660354495048523,
    0.5192452669143677,
    0.46699661016464233,
    0.4364478886127472,
    0.4272186756134033,
    0.4123862683773041,
    0.38217630982398987,
    0.37660646438598633,
    0.3713865578174591,
    0.36388924717903137,
    0.3454189896583557,
    0.34652483463287354,
    0.33588844537734985,
    0.31735193729400635,
    0.3139420747756958,
    0.3124385178089142,
    0.2976251542568207,
    0.298464298248291,
    0.2888890504837036,
    0.28208351135253906,
    0.2776605784893036,
    0.2778768241405487,
    0.2610449194908142,
    0.26804888248443604,
    0.2572917640209198,
    0.2607134282588959,
    0.2552732229232788,
    0.25623252987861633,
    0.24538972973823547,
    0.24451902508735657,
    0.23984494805335999,
    0.2402510792016983,
    0.22975262999534607,
    0.22718648612499237,
    0.23099768161773682,
    0.22944286465644836,
    0.22900699079036713,
    0.22531749308109283,
    0.21655172109603882,
    0.22299322485923767,
    0.21425724029541016,
    0.2146204560995102,
    0.2160932570695877,
    0.216964453458786,
    0.21240438520908356,
    0.2120046466588974,
    0.21165548264980316,
    0.2095203399658203,
    0.2051205337047577,
    0.20500802993774414,
    0.2036859393119812,
    0.20537792146205902,
    0.20899321138858795,
    0.2007775902748108,
    0.20960485935211182,
    0.19800904393196106,
    0.19796346127986908
  ],
  "latent_data_pred_loss": [
    1.0652681589126587,
    0.9230287075042725,
    0.8647074103355408,
    0.785499632358551,
    0.6972922086715698,
    0.6618293523788452,
    0.6019787788391113,
    0.554668664932251,
    0.5022821426391602,
    0.4514411389827728,
    0.4149554371833801,
    0.39940792322158813,
    0.3756372034549713,
    0.34113645553588867,
    0.33504176139831543,
    0.33120834827423096,
    0.3212603032588959,
    0.30945438146591187,
    0.3048097491264343,
    0.29812031984329224,
    0.28998541831970215,
    0.2843179404735565,
    0.28136593103408813,
    0.2621625065803528,
    0.27254587411880493,
    0.2605264186859131,
    0.24653105437755585,
    0.24068589508533478,
    0.24002531170845032,
    0.23108918964862823,
    0.2357398420572281,
    0.2326355129480362,
    0.23347561061382294,
    0.22586023807525635,
    0.22650966048240662,
    0.22164201736450195,
    0.21489262580871582,
    0.20692995190620422,
    0.210834801197052,
    0.20976442098617554,
    0.2040926218032837,
    0.19803829491138458,
    0.20217940211296082,
    0.19689498841762543,
    0.20053601264953613,
    0.19839489459991455,
    0.19758377969264984,
    0.1922558695077896,
    0.19225598871707916,
    0.19359686970710754,
    0.19483371078968048,
    0.19210883975028992,
    0.1947329193353653,
    0.1932261735200882,
    0.19073601067066193,
    0.18847054243087769,
    0.1844673454761505,
    0.18495333194732666,
    0.1832568347454071,
    0.18601256608963013,
    0.18218442797660828,
    0.1847684234380722,
    0.1821395456790924,
    0.1802796870470047
  ]
}
