{
  "graph_discov_data_loss": [
    0.964019775390625,
    0.8812400102615356,
    0.781933605670929,
    0.7290271520614624,
    0.6347497701644897,
    0.6039674282073975,
    0.5344642996788025,
    0.4806313216686249,
    0.4705311059951782,
    0.4416167140007019,
    0.4301477372646332,
    0.3972642421722412,
    0.3841624855995178,
    0.36583346128463745,
    0.35929495096206665,
    0.35517215728759766,
    0.338333398103714,
    0.3214324712753296,
    0.32476383447647095,
    0.3037841320037842,
    0.2972295880317688,
    0.2964017987251282,
    0.28461575508117676,
    0.2750397324562073,
    0.2690768241882324,
    0.26331374049186707,
    0.25109541416168213,
    0.2558969557285309,
    0.24879980087280273,
    0.24599403142929077,
    0.23896582424640656,
    0.24037419259548187,
    0.23458117246627808,
    0.23133498430252075,
    0.2233370989561081,
    0.22532060742378235,
    0.2231387197971344,
    0.22096410393714905,
    0.21559971570968628,
    0.211577370762825,
    0.21487365663051605,
    0.21199840307235718,
    0.20786689221858978,
    0.21024131774902344,
    0.20447880029678345,
    0.2105616331100464,
    0.20101654529571533,
    0.2017943114042282,
    0.20644941926002502,
    0.20762398838996887,
    0.2022894024848938,
    0.20186594128608704,
    0.19459901750087738,
    0.20137092471122742,
    0.19719725847244263,
    0.19755756855010986,
    0.1968504637479782,
    0.189959317445755,
    0.19623219966888428,
    0.18409666419029236,
    0.19210217893123627,
    0.18832072615623474,
    0.18898868560791016,
    0.1834568828344345
  ],
  "graph_discov_sparsity_loss": [
    0.622459352016449,
    0.6223160028457642,
    0.6221875548362732,
    0.6220681071281433,
    0.6219565272331238,
    0.621847927570343,
    0.6217435598373413,
    0.6216431260108948,
    0.621545672416687,
    0.6214528679847717,
    0.6213645935058594,
    0.62128084897995,
    0.6212019920349121,
    0.6211285591125488,
    0.6210598945617676,
    0.6209956407546997,
    0.6209357976913452,
    0.6208807826042175,
    0.6208300590515137,
    0.620783269405365,
    0.5948764085769653,
    0.5948491096496582,
    0.5948221683502197,
    0.5947977304458618,
    0.5947754383087158,
    0.5947551727294922,
    0.5947363376617432,
    0.5947195291519165,
    0.5947052240371704,
    0.5946931838989258,
    0.5946825742721558,
    0.5946730971336365,
    0.5946646928787231,
    0.5946578979492188,
    0.5946521759033203,
    0.5946475267410278,
    0.5946438908576965,
    0.5946409702301025,
    0.5946389436721802,
    0.5946375727653503,
    0.594637393951416,
    0.5946379899978638,
    0.5946394205093384,
    0.5946412682533264,
    0.5946435928344727,
    0.5946463942527771,
    0.5946497917175293,
    0.5946536660194397,
    0.5946580171585083,
    0.5946627855300903,
    0.5946677923202515,
    0.5946729183197021,
    0.5946781635284424,
    0.5946836471557617,
    0.5946893095970154,
    0.5946952104568481,
    0.5947012305259705,
    0.5947074294090271,
    0.5947135090827942,
    0.594719648361206,
    0.5947257280349731,
    0.5947318077087402,
    0.594737708568573,
    0.5947434902191162
  ],
  "graph_discov_total_loss": [
    1.0262657403945923,
    0.9412724375724792,
    0.8398326635360718,
    0.7848694324493408,
    0.6886090040206909,
    0.6559142470359802,
    0.5845670104026794,
    0.5289556980133057,
    0.5171404480934143,
    0.486572265625,
    0.47350847721099854,
    0.43908703327178955,
    0.4245021939277649,
    0.4047430455684662,
    0.39682537317276,
    0.39137256145477295,
    0.37325119972229004,
    0.35511332750320435,
    0.3572518229484558,
    0.33512169122695923,
    0.32619813084602356,
    0.32434535026550293,
    0.3115706145763397,
    0.30104097723960876,
    0.29415830969810486,
    0.2875080406665802,
    0.27443400025367737,
    0.2784101665019989,
    0.27051690220832825,
    0.2669432461261749,
    0.2591743767261505,
    0.2598682940006256,
    0.25338611006736755,
    0.24947518110275269,
    0.24083608388900757,
    0.2422010749578476,
    0.23942255973815918,
    0.23667243123054504,
    0.2307528853416443,
    0.22619500756263733,
    0.22897472977638245,
    0.2256011813879013,
    0.22098900377750397,
    0.22289974987506866,
    0.21668995916843414,
    0.22234132885932922,
    0.21238002181053162,
    0.21275629103183746,
    0.21702410280704498,
    0.2178250551223755,
    0.21213006973266602,
    0.2113589346408844,
    0.20375663042068481,
    0.21020500361919403,
    0.2057192325592041,
    0.20577846467494965,
    0.2047809362411499,
    0.19760961830615997,
    0.20361222326755524,
    0.19121596217155457,
    0.19896996021270752,
    0.19494588673114777,
    0.19537977874279022,
    0.1896221935749054
  ],
  "latent_data_pred_loss": [
    1.0487942695617676,
    0.9534154534339905,
    0.8635765314102173,
    0.8097491264343262,
    0.6789120435714722,
    0.647408127784729,
    0.5707069635391235,
    0.5152946710586548,
    0.49739766120910645,
    0.4575870633125305,
    0.44052791595458984,
    0.4146772623062134,
    0.38155990839004517,
    0.36813631653785706,
    0.365192174911499,
    0.35463470220565796,
    0.33561718463897705,
    0.3189377188682556,
    0.32719457149505615,
    0.30286747217178345,
    0.29900503158569336,
    0.2889835834503174,
    0.27950626611709595,
    0.27210426330566406,
    0.2633765637874603,
    0.2575489580631256,
    0.25138038396835327,
    0.24588888883590698,
    0.23735064268112183,
    0.23486144840717316,
    0.23284418880939484,
    0.229106605052948,
    0.2179054170846939,
    0.22596317529678345,
    0.21255090832710266,
    0.21226128935813904,
    0.2130967229604721,
    0.20983768999576569,
    0.20667673647403717,
    0.20071673393249512,
    0.20270507037639618,
    0.20270836353302002,
    0.2013649046421051,
    0.19594450294971466,
    0.19390003383159637,
    0.198016956448555,
    0.18835507333278656,
    0.19249677658081055,
    0.19199785590171814,
    0.19518491625785828,
    0.1858881413936615,
    0.18826216459274292,
    0.1801188588142395,
    0.19115270674228668,
    0.18291866779327393,
    0.1838327944278717,
    0.17688758671283722,
    0.17915037274360657,
    0.18088868260383606,
    0.17729146778583527,
    0.1742599606513977,
    0.1736719012260437,
    0.17387636005878448,
    0.17322394251823425
  ]
}
