{
  "accuracy": 0.96484375,
  "auprc": 0.10271300720629419,
  "auroc": 0.7282722531488979,
  "dataset": "simulated_fMRI",
  "f1": 0.0,
  "ground_truth_edges": 144,
  "hidden_variable_count": 4,
  "mode": "latent",
  "num_variables": 64,
  "observed_variable_count": 64,
  "predicted_edges": 0,
  "runtime_sec": 11.140916191972792,
  "sample_id": "sample_00255",
  "sequence_length": 240,
  "shd": 144,
  "split": "test",
  "threshold": 0.39964994788169866
}
