{
  "joint_train_loss": [
    2.081411249935627,
    2.055429607629776,
    2.0369653925299644,
    2.018314301967621,
    2.0002271980047226,
    1.981608271598816,
    1.9666289910674095,
    1.9510244131088257,
    1.9375403746962547,
    1.9246982261538506
  ],
  "joint_val_loss": [
    1.0067694187164307,
    1.0022852420806885,
    0.9983929991722107,
    0.995075523853302,
    0.99229496717453,
    0.9900195598602295,
    0.9881587624549866,
    0.9866384863853455,
    0.9853733777999878,
    0.9842848777770996
  ],
  "reconstruction_train_loss": [
    1.2559912353754044,
    1.23203843832016,
    1.2114439234137535,
    1.18886149674654,
    1.171809621155262,
    1.1503988355398178,
    1.131411649286747,
    1.1140941828489304,
    1.0964631512761116,
    1.080360785126686
  ],
  "reconstruction_val_loss": [
    1.1387680768966675,
    1.118171215057373,
    1.0983160734176636,
    1.0791540145874023,
    1.060685396194458,
    1.042823314666748,
    1.0255805253982544,
    1.0088576078414917,
    0.9926390051841736,
    0.9769124984741211
  ]
}
