{
  "accuracy": 0.96484375,
  "num_edges": 204800,
  "rule": "binary_graph = (score_matrix >= threshold)",
  "threshold": 5.443373680114747
}
