{
  "joint_train_loss": [
    2.0834719464182854,
    2.067288964986801,
    2.0482224747538567,
    2.026891753077507,
    2.012353852391243,
    2.0000914186239243,
    1.9856255277991295,
    1.9716498404741287,
    1.9626994282007217,
    1.948742724955082
  ],
  "joint_val_loss": [
    1.0112013816833496,
    1.0074193477630615,
    1.00426185131073,
    1.00169038772583,
    0.9996703267097473,
    0.9981245994567871,
    0.9969720244407654,
    0.9961093068122864,
    0.9954305291175842,
    0.9948330521583557
  ],
  "reconstruction_train_loss": [
    1.2485168129205704,
    1.2261509969830513,
    1.2038055285811424,
    1.1880233734846115,
    1.1672431156039238,
    1.1475858017802238,
    1.1295373365283012,
    1.1137254312634468,
    1.0945380702614784,
    1.0805077329277992
  ],
  "reconstruction_val_loss": [
    1.1390564441680908,
    1.118753433227539,
    1.0992786884307861,
    1.0804917812347412,
    1.0624408721923828,
    1.045020341873169,
    1.028240442276001,
    1.012150764465332,
    0.9966391921043396,
    0.9816818833351135
  ]
}
