{
  "accuracy": 0.924072265625,
  "auprc": 0.249571346955657,
  "auroc": 0.8024032927404249,
  "dataset": "simulated_EEG_68_static_v2",
  "f1": 0.0,
  "ground_truth_edges": 311,
  "hidden_variable_count": 4,
  "mode": "latent",
  "num_variables": 64,
  "observed_variable_count": 64,
  "predicted_edges": 0,
  "runtime_sec": 67.39375379821286,
  "sample_id": "sample_00241",
  "sequence_length": 1000,
  "shd": 311,
  "split": "test",
  "threshold": 0.50242817401886
}
