{
  "joint_train_loss": [
    2.085575595498085,
    2.067476101219654,
    2.049193561077118,
    2.0315320044755936,
    2.0165883600711823,
    1.9974407777190208,
    1.9864678755402565,
    1.9727312251925468,
    1.958988532423973,
    1.9495133310556412
  ],
  "joint_val_loss": [
    1.0098248720169067,
    1.0058629512786865,
    1.0025060176849365,
    0.9997376799583435,
    0.9975196719169617,
    0.9957811236381531,
    0.9944449067115784,
    0.9934186339378357,
    0.9926024079322815,
    0.9918936491012573
  ],
  "reconstruction_train_loss": [
    1.256617322564125,
    1.2337279915809631,
    1.2111675813794136,
    1.195067711174488,
    1.1733233854174614,
    1.153272606432438,
    1.1345190480351448,
    1.1185140311717987,
    1.1020974069833755,
    1.0848311334848404
  ],
  "reconstruction_val_loss": [
    1.145463466644287,
    1.1250345706939697,
    1.105385184288025,
    1.0864362716674805,
    1.0681952238082886,
    1.050581455230713,
    1.0335761308670044,
    1.017215609550476,
    1.0014698505401611,
    0.9862181544303894
  ]
}
