{
  "graph_discov_data_loss": [
    0.9117697477340698,
    0.8718674182891846,
    0.7743960618972778,
    0.7080226540565491,
    0.6475423574447632,
    0.5768804550170898,
    0.5394881367683411,
    0.4964272975921631,
    0.4465913474559784,
    0.43059641122817993,
    0.4197562336921692,
    0.38596847653388977,
    0.36882326006889343,
    0.3663710951805115,
    0.34546685218811035,
    0.32471996545791626,
    0.31553879380226135,
    0.3106882572174072,
    0.29424798488616943,
    0.28225773572921753,
    0.28601348400115967,
    0.27678006887435913,
    0.2751324772834778,
    0.27141621708869934,
    0.2625310719013214,
    0.26234006881713867,
    0.25449877977371216,
    0.2445301115512848,
    0.2425004243850708,
    0.2396995574235916,
    0.2474692463874817,
    0.23339691758155823,
    0.23249100148677826,
    0.22692376375198364,
    0.23072689771652222,
    0.22394606471061707,
    0.21942779421806335,
    0.21853816509246826,
    0.22353795170783997,
    0.2229168713092804,
    0.21240058541297913,
    0.20770597457885742,
    0.21512144804000854,
    0.20958954095840454,
    0.2056058943271637,
    0.19944848120212555,
    0.20327800512313843,
    0.1982523798942566,
    0.20308560132980347,
    0.19829493761062622,
    0.20238615572452545,
    0.19928787648677826,
    0.20114892721176147,
    0.1983553171157837,
    0.20059916377067566,
    0.19397136569023132,
    0.1992165595293045,
    0.19383126497268677,
    0.19176346063613892,
    0.19630500674247742,
    0.19690808653831482,
    0.18798375129699707,
    0.1881544440984726,
    0.1945684254169464
  ],
  "graph_discov_sparsity_loss": [
    0.622459352016449,
    0.6223102807998657,
    0.6221756935119629,
    0.6220519542694092,
    0.6219350099563599,
    0.6218229532241821,
    0.6217155456542969,
    0.6216131448745728,
    0.6215150952339172,
    0.6214216947555542,
    0.6213331818580627,
    0.6212506294250488,
    0.6211726665496826,
    0.6210997104644775,
    0.6210314035415649,
    0.6209675073623657,
    0.620908260345459,
    0.6208537817001343,
    0.6208041906356812,
    0.6207587122917175,
    0.5948718786239624,
    0.5948412418365479,
    0.5948134660720825,
    0.5947889089584351,
    0.5947664976119995,
    0.5947463512420654,
    0.5947278738021851,
    0.5947110652923584,
    0.5946959853172302,
    0.5946824550628662,
    0.5946705937385559,
    0.5946602821350098,
    0.5946509838104248,
    0.5946428775787354,
    0.5946364402770996,
    0.5946308374404907,
    0.5946261286735535,
    0.5946220755577087,
    0.5946190357208252,
    0.5946168899536133,
    0.5946157574653625,
    0.59461510181427,
    0.5946152210235596,
    0.5946159958839417,
    0.594617486000061,
    0.5946194529533386,
    0.594622015953064,
    0.5946251153945923,
    0.5946285724639893,
    0.5946323871612549,
    0.5946364402770996,
    0.5946407318115234,
    0.5946451425552368,
    0.5946497917175293,
    0.5946545600891113,
    0.5946594476699829,
    0.5946645140647888,
    0.5946696996688843,
    0.5946750044822693,
    0.5946803689002991,
    0.5946857333183289,
    0.594691276550293,
    0.5946967601776123,
    0.5947022438049316
  ],
  "graph_discov_total_loss": [
    0.9740157127380371,
    0.9318993091583252,
    0.8322939872741699,
    0.7638634443283081,
    0.7013996839523315,
    0.6288251876831055,
    0.5895885825157166,
    0.5447493195533752,
    0.4931983947753906,
    0.47554969787597656,
    0.46311476826667786,
    0.42778924107551575,
    0.4091610610485077,
    0.40527886152267456,
    0.3829955458641052,
    0.36091873049736023,
    0.35045504570007324,
    0.344367653131485,
    0.32673460245132446,
    0.3135940432548523,
    0.3149818181991577,
    0.30472326278686523,
    0.3020869493484497,
    0.2974170744419098,
    0.2876121699810028,
    0.28653401136398315,
    0.27783703804016113,
    0.26704299449920654,
    0.26421719789505005,
    0.2606483995914459,
    0.2676773965358734,
    0.25289058685302734,
    0.2512955069541931,
    0.24506351351737976,
    0.24822542071342468,
    0.2408260703086853,
    0.23571115732192993,
    0.23424598574638367,
    0.23869061470031738,
    0.23753400146961212,
    0.22650115191936493,
    0.22130823135375977,
    0.22824302315711975,
    0.2222474366426468,
    0.2178165167570114,
    0.2112276405096054,
    0.21464094519615173,
    0.20921383798122406,
    0.21365976333618164,
    0.20849548280239105,
    0.21222630143165588,
    0.20878034830093384,
    0.21030601859092712,
    0.20718888938426971,
    0.20912063121795654,
    0.2021917700767517,
    0.2071465402841568,
    0.20148107409477234,
    0.19914300739765167,
    0.20342384278774261,
    0.20377540588378906,
    0.19460844993591309,
    0.19454510509967804,
    0.20073330402374268
  ],
  "latent_data_pred_loss": [
    0.9904348850250244,
    0.9490563869476318,
    0.8450906872749329,
    0.7674272060394287,
    0.7008773684501648,
    0.6186721324920654,
    0.5884445309638977,
    0.5303918123245239,
    0.4839786887168884,
    0.4542953073978424,
    0.4221886992454529,
    0.39535266160964966,
    0.36678603291511536,
    0.36902591586112976,
    0.3504972755908966,
    0.32893598079681396,
    0.32074642181396484,
    0.302761971950531,
    0.2887652516365051,
    0.2788809537887573,
    0.28805506229400635,
    0.2747555375099182,
    0.2676565945148468,
    0.26588886976242065,
    0.25721341371536255,
    0.25528764724731445,
    0.24480852484703064,
    0.23622086644172668,
    0.23674052953720093,
    0.2352544367313385,
    0.23200520873069763,
    0.22037042677402496,
    0.21737715601921082,
    0.21510723233222961,
    0.21860449016094208,
    0.21313807368278503,
    0.2148507535457611,
    0.20762309432029724,
    0.20948469638824463,
    0.2099885791540146,
    0.20717458426952362,
    0.19945786893367767,
    0.2016461193561554,
    0.20299208164215088,
    0.19167661666870117,
    0.19182202219963074,
    0.197193443775177,
    0.19028380513191223,
    0.19071435928344727,
    0.18366022408008575,
    0.1821039617061615,
    0.18408840894699097,
    0.1826154887676239,
    0.18484237790107727,
    0.18719060719013214,
    0.1875545084476471,
    0.1786048263311386,
    0.18084272742271423,
    0.1800270974636078,
    0.1768699437379837,
    0.17849555611610413,
    0.17776788771152496,
    0.1776280403137207,
    0.18171483278274536
  ]
}
