{
  "joint_train_loss": [
    2.0850596204400063,
    2.0665526911616325,
    2.049860030412674,
    2.0325909182429314,
    2.017200857400894,
    2.004864439368248,
    1.992332600057125,
    1.9786471650004387,
    1.9690228998661041,
    1.9579990282654762
  ],
  "joint_val_loss": [
    1.0077295303344727,
    1.0047210454940796,
    1.0023504495620728,
    1.0005748271942139,
    0.9993364810943604,
    0.9985424876213074,
    0.9981002807617188,
    0.997905433177948,
    0.9978523254394531,
    0.9978353381156921
  ],
  "reconstruction_train_loss": [
    1.246236577630043,
    1.2261402010917664,
    1.2063162475824356,
    1.1878331303596497,
    1.1678070276975632,
    1.1504662483930588,
    1.1316213980317116,
    1.1142606437206268,
    1.099007673561573,
    1.0812500268220901
  ],
  "reconstruction_val_loss": [
    1.1489590406417847,
    1.1287614107131958,
    1.1091699600219727,
    1.0902211666107178,
    1.071978211402893,
    1.05447518825531,
    1.0377206802368164,
    1.0217300653457642,
    1.006406307220459,
    0.9916264414787292
  ]
}
