{
  "train_loss": {
    "mean_curve": [
      0.20944517776370047,
      0.15121473446488382,
      0.14302894920110704,
      0.13836152106523514,
      0.13724259249866008,
      0.13802730552852155,
      0.13892875872552396,
      0.13463246487081051,
      0.1355158392339945,
      0.13243174105882644,
      0.13405772261321544,
      0.1329712387174368,
      0.13226161189377308,
      0.1338540617376566,
      0.13606927469372748,
      0.13258396945893763,
      0.13336190504905504,
      0.13177261383909927,
      0.13123097560471958,
      0.1334734367472785,
      0.13297570450231433,
      0.13438768883546193,
      0.13169983360502455,
      0.13624420389533043,
      0.13336719258835442,
      0.1332335793055021,
      0.14055491611361504,
      0.13201110437512398,
      0.13140978084670174,
      0.13178816934426626
    ],
    "sample_count": 40
  }
}
