{
  "aggregate": {
    "accuracy": {
      "max": 0.924072265625,
      "mean": 0.924072265625,
      "min": 0.924072265625,
      "std": 0.0
    },
    "auprc": {
      "max": 0.26092480962180215,
      "mean": 0.22864011257531916,
      "min": 0.2065062358998967,
      "std": 0.012165612252399486
    },
    "auroc": {
      "max": 0.7436436772332825,
      "mean": 0.7194550858652576,
      "min": 0.6993509665416456,
      "std": 0.011511003172897693
    },
    "f1": {
      "max": 0.0,
      "mean": 0.0,
      "min": 0.0,
      "std": 0.0
    },
    "runtime_sec": {
      "max": 235.92023215582594,
      "mean": 189.51717074917397,
      "min": 125.24996097711846,
      "std": 32.06365017870095
    },
    "runtime_sec_total": 7580.686829966959,
    "shd": {
      "max": 311.0,
      "mean": 311.0,
      "min": 311.0,
      "std": 0.0
    },
    "threshold_accuracy": 0.924072265625,
    "wall_clock_sec_total": 7586.083770575933
  },
  "baseline": "cMLP",
  "dataset": "simulated_EEG_68_static_v2",
  "loss_curve_note": null,
  "mode": "latent",
  "native_binary_available": true,
  "num_samples": 40,
  "split": "test",
  "threshold": {
    "accuracy": 0.924072265625,
    "num_edges": 163840,
    "rule": "binary_graph = (score_matrix >= threshold)",
    "threshold": 1.017263174057007
  }
}
