{
  "graph_discov_data_loss": [
    0.9900778532028198,
    0.8546310067176819,
    0.7183710336685181,
    0.6500403881072998,
    0.5855836868286133,
    0.5658055543899536,
    0.48022836446762085,
    0.47975876927375793,
    0.4504792392253876,
    0.43028706312179565,
    0.42297613620758057,
    0.3908229470252991,
    0.37816157937049866,
    0.3639301061630249,
    0.33963048458099365,
    0.32535040378570557,
    0.3023071587085724,
    0.29972100257873535,
    0.2899601459503174,
    0.27199241518974304,
    0.28165677189826965,
    0.27036052942276,
    0.2648422420024872,
    0.2500910758972168,
    0.24716423451900482,
    0.24559566378593445,
    0.23621942102909088,
    0.23848983645439148,
    0.2204742729663849,
    0.22793056070804596,
    0.21673467755317688,
    0.21547842025756836,
    0.21512475609779358,
    0.2089356631040573,
    0.21088726818561554,
    0.19846034049987793,
    0.20834457874298096,
    0.2002837061882019,
    0.19994591176509857,
    0.1993834674358368,
    0.19491130113601685,
    0.19655749201774597,
    0.19426904618740082,
    0.19630971550941467,
    0.1921793818473816,
    0.19219915568828583,
    0.18890149891376495,
    0.18549972772598267,
    0.18502938747406006,
    0.18651579320430756,
    0.18642404675483704,
    0.18342584371566772,
    0.18434566259384155,
    0.18638096749782562,
    0.1754806488752365,
    0.18115612864494324,
    0.1784977912902832,
    0.18114593625068665,
    0.1766434609889984,
    0.17973458766937256,
    0.1798318326473236,
    0.17417287826538086,
    0.17562326788902283,
    0.1752896010875702
  ],
  "graph_discov_sparsity_loss": [
    0.622459352016449,
    0.6223398447036743,
    0.6222353577613831,
    0.6221364140510559,
    0.6220383644104004,
    0.6219373941421509,
    0.6218361258506775,
    0.6217360496520996,
    0.621639609336853,
    0.6215474009513855,
    0.6214598417282104,
    0.62137770652771,
    0.621300458908081,
    0.6212280988693237,
    0.621160626411438,
    0.6210978627204895,
    0.621039628982544,
    0.6209858655929565,
    0.6209365129470825,
    0.6208906173706055,
    0.5948975086212158,
    0.594868004322052,
    0.5948413610458374,
    0.5948175191879272,
    0.5947971343994141,
    0.5947786569595337,
    0.5947616100311279,
    0.594746470451355,
    0.5947330594062805,
    0.5947215557098389,
    0.5947116017341614,
    0.5947030186653137,
    0.5946959853172302,
    0.5946901440620422,
    0.5946856141090393,
    0.594681978225708,
    0.5946798324584961,
    0.5946785807609558,
    0.5946784019470215,
    0.5946792364120483,
    0.5946808457374573,
    0.5946831703186035,
    0.5946858525276184,
    0.5946889519691467,
    0.5946928262710571,
    0.5946968793869019,
    0.5947014093399048,
    0.5947060585021973,
    0.5947109460830688,
    0.5947163701057434,
    0.5947219729423523,
    0.5947277545928955,
    0.594733715057373,
    0.5947399139404297,
    0.5947462320327759,
    0.5947526097297668,
    0.5947591066360474,
    0.5947656631469727,
    0.5947721004486084,
    0.5947786569595337,
    0.594785213470459,
    0.5947917103767395,
    0.5947982668876648,
    0.5948048830032349
  ],
  "graph_discov_total_loss": [
    1.052323818206787,
    0.9146657586097717,
    0.7762745022773743,
    0.7058887481689453,
    0.6394500136375427,
    0.6177598834037781,
    0.5303385257720947,
    0.5280903577804565,
    0.49709564447402954,
    0.47524943947792053,
    0.4663435220718384,
    0.4326522648334503,
    0.4185076951980591,
    0.40284591913223267,
    0.3771669864654541,
    0.3615567684173584,
    0.33723077178001404,
    0.33340758085250854,
    0.32245370745658875,
    0.30333536863327026,
    0.310626357793808,
    0.2983049750328064,
    0.2917979657649994,
    0.27609318494796753,
    0.2722466289997101,
    0.269790917634964,
    0.2595590054988861,
    0.2610040605068207,
    0.24219238758087158,
    0.2488807886838913,
    0.23694421350955963,
    0.2349735051393509,
    0.23393069207668304,
    0.22707685828208923,
    0.2283872365951538,
    0.21534179151058197,
    0.22462940216064453,
    0.2159930169582367,
    0.21510007977485657,
    0.21400213241577148,
    0.20901340246200562,
    0.21016129851341248,
    0.20739218592643738,
    0.20896916091442108,
    0.20439155399799347,
    0.20397984981536865,
    0.20026595890522003,
    0.19646267592906952,
    0.19560500979423523,
    0.1967177838087082,
    0.19626560807228088,
    0.19291971623897552,
    0.19350412487983704,
    0.1952158808708191,
    0.18400344252586365,
    0.1893778294324875,
    0.18642902374267578,
    0.1887969821691513,
    0.18402421474456787,
    0.18685460090637207,
    0.18670029938220978,
    0.1807987093925476,
    0.18201501667499542,
    0.18145553767681122
  ],
  "latent_data_pred_loss": [
    1.0886480808258057,
    0.9372363090515137,
    0.8110408782958984,
    0.7374330163002014,
    0.6334528923034668,
    0.6029361486434937,
    0.5279613137245178,
    0.5230070948600769,
    0.4696800708770752,
    0.4414082467556,
    0.43688562512397766,
    0.40606942772865295,
    0.38936877250671387,
    0.36731716990470886,
    0.34551066160202026,
    0.3257153034210205,
    0.30109503865242004,
    0.2928342819213867,
    0.2843110263347626,
    0.26648563146591187,
    0.27122753858566284,
    0.26714739203453064,
    0.2572140097618103,
    0.24758905172348022,
    0.2394629269838333,
    0.24133571982383728,
    0.22407986223697662,
    0.2333168238401413,
    0.2221059799194336,
    0.2219950258731842,
    0.20717132091522217,
    0.21111351251602173,
    0.20990292727947235,
    0.1969054639339447,
    0.19827747344970703,
    0.19585993885993958,
    0.19876471161842346,
    0.19150885939598083,
    0.18905766308307648,
    0.1893453598022461,
    0.1851838380098343,
    0.18418924510478973,
    0.17880317568778992,
    0.18211987614631653,
    0.1781666874885559,
    0.18125459551811218,
    0.18226583302021027,
    0.1765655279159546,
    0.17236730456352234,
    0.17528051137924194,
    0.17281505465507507,
    0.16574183106422424,
    0.1719759702682495,
    0.17319078743457794,
    0.16462531685829163,
    0.16803684830665588,
    0.1666671484708786,
    0.166780024766922,
    0.16750428080558777,
    0.16778793931007385,
    0.1636284589767456,
    0.16349026560783386,
    0.1636275053024292,
    0.1636199951171875
  ]
}
