{
  "accuracy": 0.924072265625,
  "auprc": 0.07676701006061544,
  "auroc": 0.49733717882825673,
  "dataset": "simulated_EEG_68_static_v2",
  "f1": 0.0,
  "ground_truth_edges": 311,
  "hidden_variable_count": 4,
  "mode": "latent",
  "native_binary_accuracy": 0.878173828125,
  "native_binary_f1": 0.06378986866791744,
  "native_binary_shd": 485,
  "num_variables": 64,
  "observed_variable_count": 64,
  "predicted_edges": 0,
  "runtime_sec": 56.832222247030586,
  "sample_id": "sample_00259",
  "sequence_length": 1000,
  "shd": 311,
  "split": "test",
  "threshold": 300.00000000000006
}
