{
  "accuracy": 0.924072265625,
  "auprc": 0.08083918139446285,
  "auroc": 0.5286419994308215,
  "dataset": "simulated_EEG_68_static_v2",
  "f1": 0.0,
  "ground_truth_edges": 311,
  "hidden_variable_count": 4,
  "mode": "latent",
  "native_binary_accuracy": 0.88037109375,
  "native_binary_f1": 0.06844106463878327,
  "native_binary_shd": 474,
  "num_variables": 64,
  "observed_variable_count": 64,
  "predicted_edges": 0,
  "runtime_sec": 58.39105841005221,
  "sample_id": "sample_00243",
  "sequence_length": 1000,
  "shd": 311,
  "split": "test",
  "threshold": 300.00000000000006
}
