{
  "joint_train_loss": [
    2.0931931138038635,
    2.0768786817789078,
    2.0588172301650047,
    2.0421151742339134,
    2.0243131294846535,
    2.010093480348587,
    1.9956078007817268,
    1.9808002263307571,
    1.9718786925077438,
    1.9607569575309753
  ],
  "joint_val_loss": [
    1.0099291801452637,
    1.0061014890670776,
    1.0028830766677856,
    1.0002514123916626,
    0.9981686472892761,
    0.9965794682502747,
    0.9953961372375488,
    0.9945240616798401,
    0.9938645362854004,
    0.9933235049247742
  ],
  "reconstruction_train_loss": [
    1.2589825540781021,
    1.2351987957954407,
    1.212587721645832,
    1.1952352598309517,
    1.1783802658319473,
    1.1575743556022644,
    1.1395104750990868,
    1.121458075940609,
    1.1060228496789932,
    1.089274100959301
  ],
  "reconstruction_val_loss": [
    1.1460906267166138,
    1.1259965896606445,
    1.1066585779190063,
    1.0880701541900635,
    1.0701768398284912,
    1.0530149936676025,
    1.0364888906478882,
    1.0206130743026733,
    1.0053632259368896,
    0.9906294345855713
  ]
}
