{
  "joint_train_loss": [
    2.095214694738388,
    2.080263629555702,
    2.0596856623888016,
    2.0431271344423294,
    2.027585878968239,
    2.013073541224003,
    2.0026347562670708,
    1.987021490931511,
    1.9748312532901764,
    1.965802788734436
  ],
  "joint_val_loss": [
    1.0122467279434204,
    1.0086969137191772,
    1.0057514905929565,
    1.003379464149475,
    1.001542568206787,
    1.0001779794692993,
    0.99920254945755,
    0.9985126852989197,
    0.9980270862579346,
    0.9976506233215332
  ],
  "reconstruction_train_loss": [
    1.2567106634378433,
    1.2348572611808777,
    1.2108919396996498,
    1.1948644146323204,
    1.1761389076709747,
    1.1566864177584648,
    1.137612596154213,
    1.119298554956913,
    1.1051152795553207,
    1.0894484668970108
  ],
  "reconstruction_val_loss": [
    1.1415691375732422,
    1.1218109130859375,
    1.102830410003662,
    1.0845587253570557,
    1.0670348405838013,
    1.050186038017273,
    1.0339365005493164,
    1.0182946920394897,
    1.003198504447937,
    0.9886242151260376
  ]
}
