{
  "joint_train_loss": [
    2.086917392909527,
    2.0691008493304253,
    2.048803523182869,
    2.0333695486187935,
    2.015293039381504,
    2.0009545162320137,
    1.988422118127346,
    1.9729683250188828,
    1.9626885578036308,
    1.9528216272592545
  ],
  "joint_val_loss": [
    1.0098845958709717,
    1.0060409307479858,
    1.0028117895126343,
    1.0001682043075562,
    0.9980764389038086,
    0.9964718818664551,
    0.9952720999717712,
    0.9943863749504089,
    0.9937111735343933,
    0.9931538701057434
  ],
  "reconstruction_train_loss": [
    1.2511750608682632,
    1.2317861914634705,
    1.2054121792316437,
    1.187625214457512,
    1.1693304181098938,
    1.1530057564377785,
    1.133410282433033,
    1.1152303963899612,
    1.1024597212672234,
    1.0835639089345932
  ],
  "reconstruction_val_loss": [
    1.139218807220459,
    1.1191211938858032,
    1.0997904539108276,
    1.0811622142791748,
    1.0632953643798828,
    1.0460562705993652,
    1.0294647216796875,
    1.0134847164154053,
    0.9980681538581848,
    0.9832004308700562
  ]
}
