{
  "graph_discov_data_loss": [
    0.9454903602600098,
    0.8563916683197021,
    0.7561782002449036,
    0.7048641443252563,
    0.6091171503067017,
    0.5653777122497559,
    0.5218419432640076,
    0.4686659574508667,
    0.42836904525756836,
    0.3968866467475891,
    0.3856252431869507,
    0.3560510277748108,
    0.3481307625770569,
    0.3355713188648224,
    0.31191906332969666,
    0.30081456899642944,
    0.3112334609031677,
    0.29041075706481934,
    0.2912597954273224,
    0.27864667773246765,
    0.26692265272140503,
    0.2708781361579895,
    0.2681502401828766,
    0.26033592224121094,
    0.2538256347179413,
    0.25091665983200073,
    0.23864364624023438,
    0.23145180940628052,
    0.24098563194274902,
    0.23362749814987183,
    0.23627248406410217,
    0.23403789103031158,
    0.22348541021347046,
    0.22370269894599915,
    0.2182665318250656,
    0.22095240652561188,
    0.21108515560626984,
    0.216414675116539,
    0.2080659121274948,
    0.21211493015289307,
    0.21226131916046143,
    0.20059099793434143,
    0.20288866758346558,
    0.20073305070400238,
    0.21010249853134155,
    0.20034855604171753,
    0.19553989171981812,
    0.20020908117294312,
    0.19329170882701874,
    0.19232061505317688,
    0.18952058255672455,
    0.19462929666042328,
    0.1889559030532837,
    0.18802526593208313,
    0.18742987513542175,
    0.18925756216049194,
    0.18763768672943115,
    0.18592844903469086,
    0.18524283170700073,
    0.18769031763076782,
    0.1794162392616272,
    0.17936694622039795,
    0.1813446581363678,
    0.184018075466156
  ],
  "graph_discov_sparsity_loss": [
    0.622459352016449,
    0.6223235726356506,
    0.6222034692764282,
    0.622090756893158,
    0.6219857335090637,
    0.6218862533569336,
    0.6217910647392273,
    0.621700644493103,
    0.6216142177581787,
    0.6215319633483887,
    0.6214548349380493,
    0.6213827133178711,
    0.6213151216506958,
    0.6212513446807861,
    0.6211909055709839,
    0.6211345791816711,
    0.621082067489624,
    0.6210333108901978,
    0.6209882497787476,
    0.6209466457366943,
    0.5949092507362366,
    0.5948867797851562,
    0.5948659777641296,
    0.5948474407196045,
    0.5948308706283569,
    0.5948160886764526,
    0.5948033332824707,
    0.594791054725647,
    0.5947800874710083,
    0.5947700142860413,
    0.5947610139846802,
    0.5947529673576355,
    0.5947463512420654,
    0.5947407484054565,
    0.5947361588478088,
    0.5947325229644775,
    0.5947299599647522,
    0.5947283506393433,
    0.5947276949882507,
    0.5947277545928955,
    0.5947285294532776,
    0.5947300791740417,
    0.5947322249412537,
    0.5947347283363342,
    0.5947376489639282,
    0.5947409868240356,
    0.5947448015213013,
    0.5947487354278564,
    0.5947532057762146,
    0.5947579145431519,
    0.5947629809379578,
    0.5947681069374084,
    0.5947734713554382,
    0.5947790145874023,
    0.5947847366333008,
    0.5947905778884888,
    0.5947966575622559,
    0.594802737236023,
    0.59480881690979,
    0.5948150753974915,
    0.5948213934898376,
    0.5948275923728943,
    0.5948338508605957,
    0.5948400497436523
  ],
  "graph_discov_total_loss": [
    1.007736325263977,
    0.9164248108863831,
    0.814078688621521,
    0.7607084512710571,
    0.6629788875579834,
    0.6173277497291565,
    0.5719484686851501,
    0.5169947743415833,
    0.4749835431575775,
    0.44184792041778564,
    0.42899227142333984,
    0.3978806734085083,
    0.3884778320789337,
    0.37448859214782715,
    0.34945741295814514,
    0.3370230793952942,
    0.3461594581604004,
    0.32409989833831787,
    0.32375606894493103,
    0.3099924623966217,
    0.2958928048610687,
    0.2988234758377075,
    0.2951070964336395,
    0.28633934259414673,
    0.27890944480895996,
    0.27511343359947205,
    0.26198485493659973,
    0.2539677023887634,
    0.2627054750919342,
    0.25457942485809326,
    0.25648370385169983,
    0.25353461503982544,
    0.24229294061660767,
    0.24184542894363403,
    0.23576799035072327,
    0.23783528804779053,
    0.22737136483192444,
    0.23212531208992004,
    0.2232213318347931,
    0.22673478722572327,
    0.22636455297470093,
    0.2141958773136139,
    0.21601282060146332,
    0.21339347958564758,
    0.22231557965278625,
    0.2121301144361496,
    0.20690518617630005,
    0.21117281913757324,
    0.2038680762052536,
    0.20252332091331482,
    0.1993628293275833,
    0.20412380993366241,
    0.19811497628688812,
    0.19686076045036316,
    0.19595322012901306,
    0.19747978448867798,
    0.19556942582130432,
    0.19357997179031372,
    0.192624032497406,
    0.19481076300144196,
    0.1862851232290268,
    0.18599316477775574,
    0.18773679435253143,
    0.19018438458442688
  ],
  "latent_data_pred_loss": [
    1.0396203994750977,
    0.9297147989273071,
    0.8363990783691406,
    0.7781013250350952,
    0.6676164269447327,
    0.608519434928894,
    0.5633108615875244,
    0.4977962374687195,
    0.45693135261535645,
    0.41635018587112427,
    0.3999280333518982,
    0.36747094988822937,
    0.3511166274547577,
    0.3443244993686676,
    0.31239449977874756,
    0.3040648102760315,
    0.30303147435188293,
    0.28834086656570435,
    0.28772813081741333,
    0.2749459147453308,
    0.26440122723579407,
    0.2671734094619751,
    0.2582668364048004,
    0.2538430392742157,
    0.24414831399917603,
    0.24421632289886475,
    0.23688901960849762,
    0.23143795132637024,
    0.23152726888656616,
    0.22221672534942627,
    0.2202901542186737,
    0.21977628767490387,
    0.21082943677902222,
    0.21447902917861938,
    0.21566978096961975,
    0.2040916085243225,
    0.19804319739341736,
    0.19745197892189026,
    0.1979333758354187,
    0.19691796600818634,
    0.20078833401203156,
    0.1868916153907776,
    0.1899455189704895,
    0.19222190976142883,
    0.19654175639152527,
    0.1850023865699768,
    0.1806963086128235,
    0.18378707766532898,
    0.183251291513443,
    0.1826559603214264,
    0.1793203055858612,
    0.18057659268379211,
    0.1784781515598297,
    0.17401239275932312,
    0.1694033145904541,
    0.1733592450618744,
    0.17227578163146973,
    0.17374415695667267,
    0.17539164423942566,
    0.17440557479858398,
    0.16694693267345428,
    0.16883957386016846,
    0.1743529736995697,
    0.16940496861934662
  ]
}
