{
  "joint_train_loss": [
    2.0821727737784386,
    2.0673422440886497,
    2.045871652662754,
    2.0255569890141487,
    2.008845627307892,
    1.9908770993351936,
    1.9785166457295418,
    1.9655090793967247,
    1.9509775340557098,
    1.9360099658370018
  ],
  "joint_val_loss": [
    1.0082283020019531,
    1.004224419593811,
    1.000819206237793,
    0.9979807138442993,
    0.9956649541854858,
    0.993812620639801,
    0.9923404455184937,
    0.9911566972732544,
    0.9901704788208008,
    0.989273726940155
  ],
  "reconstruction_train_loss": [
    1.2530245929956436,
    1.231887400150299,
    1.2085323929786682,
    1.1901335567235947,
    1.1696770265698433,
    1.1511293798685074,
    1.1321376487612724,
    1.116249606013298,
    1.0964451655745506,
    1.0818402841687202
  ],
  "reconstruction_val_loss": [
    1.1436182260513306,
    1.1230528354644775,
    1.103287935256958,
    1.084206223487854,
    1.0658762454986572,
    1.04811692237854,
    1.0310156345367432,
    1.0145421028137207,
    0.9986289739608765,
    0.9832276701927185
  ]
}
