{
  "joint_train_loss": {
    "mean_curve": [
      2.0873494066298006,
      2.0689385490491987,
      2.051437136158347,
      2.035483473353088,
      2.0206505242735147,
      2.006911855749786,
      1.9941971199586987,
      1.9813973218202592,
      1.970663115940988,
      1.959745424799621
    ],
    "sample_count": 40
  },
  "joint_val_loss": {
    "mean_curve": [
      1.0074594020843506,
      1.0044040232896805,
      1.0019818544387817,
      1.0001547083258628,
      0.9988646864891052,
      0.9980206742882729,
      0.9975277423858643,
      0.9972805276513099,
      0.9971717029809952,
      0.997099868953228
    ],
    "sample_count": 40
  },
  "reconstruction_train_loss": {
    "mean_curve": [
      1.2485713094472886,
      1.227341067790985,
      1.2078292433172464,
      1.1890346573665738,
      1.1690399093553423,
      1.1514992399141193,
      1.133845275081694,
      1.1164908453822135,
      1.1005556931719185,
      1.0848111540079117
    ],
    "sample_count": 40
  },
  "reconstruction_val_loss": {
    "mean_curve": [
      1.150617054104805,
      1.1304795086383819,
      1.1109706431627273,
      1.092121320962906,
      1.0739505976438521,
      1.0565153121948243,
      1.039850226044655,
      1.0239193201065064,
      1.0086372524499894,
      0.9939366683363915
    ],
    "sample_count": 40
  }
}
