{
  "joint_train_loss": [
    2.086062304675579,
    2.067115291953087,
    2.0516023486852646,
    2.0361694917082787,
    2.019925594329834,
    2.00540030002594,
    1.99400594830513,
    1.9807023257017136,
    1.9702449664473534,
    1.9577509611845016
  ],
  "joint_val_loss": [
    1.0075911283493042,
    1.0045400857925415,
    1.0021225214004517,
    1.0002988576889038,
    0.9990103244781494,
    0.9981619119644165,
    0.9976542592048645,
    0.997383713722229,
    0.997249186038971,
    0.9971494674682617
  ],
  "reconstruction_train_loss": [
    1.2496409565210342,
    1.2270224690437317,
    1.2068922370672226,
    1.1884684637188911,
    1.1679059118032455,
    1.1510190516710281,
    1.1324223056435585,
    1.116518460214138,
    1.1018395274877548,
    1.0838494673371315
  ],
  "reconstruction_val_loss": [
    1.1504935026168823,
    1.1302963495254517,
    1.1106925010681152,
    1.0917465686798096,
    1.0734707117080688,
    1.0559545755386353,
    1.0391979217529297,
    1.0232176780700684,
    1.007870078086853,
    0.9930866360664368
  ]
}
