{
  "joint_train_loss": [
    2.087704449892044,
    2.06987826526165,
    2.053227908909321,
    2.0369874984025955,
    2.021923653781414,
    2.0069150552153587,
    1.9958201497793198,
    1.9830155447125435,
    1.9723709225654602,
    1.9612261429429054
  ],
  "joint_val_loss": [
    1.0079097747802734,
    1.004855751991272,
    1.002431035041809,
    1.000605583190918,
    0.9993114471435547,
    0.9984652400016785,
    0.9979661703109741,
    0.9977114200592041,
    0.9975923299789429,
    0.9975162744522095
  ],
  "reconstruction_train_loss": [
    1.249925747513771,
    1.2283251881599426,
    1.207514502108097,
    1.1895768567919731,
    1.1698245033621788,
    1.1522067785263062,
    1.135109931230545,
    1.1164045333862305,
    1.101104736328125,
    1.0854963138699532
  ],
  "reconstruction_val_loss": [
    1.1518304347991943,
    1.1316190958023071,
    1.1120351552963257,
    1.0931087732315063,
    1.0748484134674072,
    1.057337760925293,
    1.0406001806259155,
    1.02458655834198,
    1.0092527866363525,
    0.9944489002227783
  ]
}
