{
  "joint_train_loss": [
    2.0865338519215584,
    2.0690708830952644,
    2.05078237503767,
    2.0358450561761856,
    2.019814558327198,
    2.0067770779132843,
    1.9948793947696686,
    1.9827558174729347,
    1.972110778093338,
    1.9606396555900574
  ],
  "joint_val_loss": [
    1.0077016353607178,
    1.0046652555465698,
    1.0022618770599365,
    1.0004537105560303,
    0.9991832971572876,
    0.9983602166175842,
    0.9978899359703064,
    0.9976596236228943,
    0.9975631237030029,
    0.9975000023841858
  ],
  "reconstruction_train_loss": [
    1.2482853084802628,
    1.2279085516929626,
    1.20794877409935,
    1.190541848540306,
    1.1687096804380417,
    1.1504893526434898,
    1.134593665599823,
    1.116856373846531,
    1.1001741513609886,
    1.0843030884861946
  ],
  "reconstruction_val_loss": [
    1.1507833003997803,
    1.1306086778640747,
    1.1110352277755737,
    1.0921138525009155,
    1.0738834142684937,
    1.0563839673995972,
    1.0396713018417358,
    1.0237224102020264,
    1.0083982944488525,
    0.9936767220497131
  ]
}
