{
  "graph_discov_data_loss": [
    0.9601964950561523,
    0.9089981317520142,
    0.8172633051872253,
    0.677067756652832,
    0.6473546028137207,
    0.5670772790908813,
    0.5215144753456116,
    0.5006057024002075,
    0.4709148406982422,
    0.43019482493400574,
    0.41650450229644775,
    0.3970206081867218,
    0.3815871477127075,
    0.3600747585296631,
    0.35375288128852844,
    0.36386072635650635,
    0.3395542502403259,
    0.3348016142845154,
    0.31506744027137756,
    0.3124067187309265,
    0.3088687062263489,
    0.30440202355384827,
    0.30601707100868225,
    0.3015941083431244,
    0.28107282519340515,
    0.2707505226135254,
    0.28069496154785156,
    0.27639997005462646,
    0.2693352699279785,
    0.2621455788612366,
    0.26582035422325134,
    0.2510123550891876,
    0.2579997777938843,
    0.24674013257026672,
    0.24942293763160706,
    0.24589325487613678,
    0.24390390515327454,
    0.238249734044075,
    0.23511162400245667,
    0.2352752387523651,
    0.24054324626922607,
    0.2336317002773285,
    0.2259344458580017,
    0.22939236462116241,
    0.23104552924633026,
    0.22917485237121582,
    0.22211822867393494,
    0.22669124603271484,
    0.21748501062393188,
    0.22354397177696228,
    0.21503353118896484,
    0.2140766978263855,
    0.21827363967895508,
    0.21586720645427704,
    0.213054358959198,
    0.2160797417163849,
    0.20689330995082855,
    0.21297121047973633,
    0.20660947263240814,
    0.21415099501609802,
    0.20715266466140747,
    0.20962020754814148,
    0.20669931173324585,
    0.20985320210456848
  ],
  "graph_discov_sparsity_loss": [
    0.622459352016449,
    0.6223222017288208,
    0.6222032308578491,
    0.6220956444740295,
    0.6219956874847412,
    0.6218985319137573,
    0.6218031644821167,
    0.6217092871665955,
    0.6216176748275757,
    0.6215294599533081,
    0.6214447021484375,
    0.6213642358779907,
    0.6212881803512573,
    0.6212168335914612,
    0.6211503744125366,
    0.6210883855819702,
    0.6210310459136963,
    0.6209781169891357,
    0.620929479598999,
    0.6208850741386414,
    0.5948967933654785,
    0.5948699712753296,
    0.5948463082313538,
    0.5948231220245361,
    0.5948017835617065,
    0.594782829284668,
    0.594765305519104,
    0.5947492718696594,
    0.5947346687316895,
    0.5947214365005493,
    0.5947095155715942,
    0.5946987867355347,
    0.5946900844573975,
    0.5946831107139587,
    0.5946774482727051,
    0.594672441482544,
    0.5946683883666992,
    0.5946651697158813,
    0.5946625471115112,
    0.5946606397628784,
    0.594659686088562,
    0.5946595668792725,
    0.5946601629257202,
    0.5946613550186157,
    0.5946630239486694,
    0.5946652889251709,
    0.5946681499481201,
    0.5946712493896484,
    0.594674825668335,
    0.5946786403656006,
    0.5946826934814453,
    0.5946869850158691,
    0.5946915149688721,
    0.5946961641311646,
    0.5947010517120361,
    0.5947059392929077,
    0.5947111248970032,
    0.594716489315033,
    0.5947219133377075,
    0.5947272777557373,
    0.5947327613830566,
    0.5947383642196655,
    0.594744086265564,
    0.5947496891021729
  ],
  "graph_discov_total_loss": [
    1.0224424600601196,
    0.9690311551094055,
    0.8751637935638428,
    0.7329124808311462,
    0.7012172341346741,
    0.6190283298492432,
    0.5716220140457153,
    0.5489352345466614,
    0.5175296068191528,
    0.47515588998794556,
    0.4598708152770996,
    0.43884900212287903,
    0.4219324588775635,
    0.39898985624313354,
    0.39128878712654114,
    0.4000665545463562,
    0.3744773864746094,
    0.36848774552345276,
    0.3475606143474579,
    0.34374940395355225,
    0.33783823251724243,
    0.3323465585708618,
    0.33297303318977356,
    0.3275964856147766,
    0.30615541338920593,
    0.29494595527648926,
    0.30403468012809753,
    0.2989142835140228,
    0.29105344414711,
    0.2830958068370819,
    0.2860298156738281,
    0.2705073058605194,
    0.2768055200576782,
    0.26488110423088074,
    0.2669226825237274,
    0.26277443766593933,
    0.26018843054771423,
    0.25395870208740234,
    0.2502653896808624,
    0.2498934417963028,
    0.25464484095573425,
    0.24723497033119202,
    0.2390570193529129,
    0.24205122888088226,
    0.2432570904493332,
    0.2409549206495285,
    0.23348206281661987,
    0.23765355348587036,
    0.22805999219417572,
    0.23374530673027039,
    0.22487443685531616,
    0.22356991469860077,
    0.22743144631385803,
    0.22470146417617798,
    0.2215764969587326,
    0.2243007868528366,
    0.214823916554451,
    0.22062163054943085,
    0.21398960053920746,
    0.2212703824043274,
    0.2140205353498459,
    0.21624544262886047,
    0.21309047937393188,
    0.21601857244968414
  ],
  "latent_data_pred_loss": [
    1.0388963222503662,
    0.9911506175994873,
    0.9008106589317322,
    0.7620368003845215,
    0.7097628116607666,
    0.614319920539856,
    0.5582416653633118,
    0.5359572172164917,
    0.48984283208847046,
    0.4476391673088074,
    0.43212786316871643,
    0.40839239954948425,
    0.3961779475212097,
    0.35646697878837585,
    0.35471007227897644,
    0.3619345426559448,
    0.34096136689186096,
    0.32865557074546814,
    0.3063933551311493,
    0.3114047050476074,
    0.3108784854412079,
    0.29705214500427246,
    0.2965974807739258,
    0.28891754150390625,
    0.269911527633667,
    0.26605165004730225,
    0.26837021112442017,
    0.2692796587944031,
    0.2549143433570862,
    0.2558867037296295,
    0.2626112103462219,
    0.23503436148166656,
    0.2506130337715149,
    0.23407097160816193,
    0.23664289712905884,
    0.2364225685596466,
    0.22530251741409302,
    0.23295044898986816,
    0.22472642362117767,
    0.22321873903274536,
    0.2178722769021988,
    0.22150759398937225,
    0.21757130324840546,
    0.21388761699199677,
    0.21600106358528137,
    0.218247652053833,
    0.21201875805854797,
    0.20305418968200684,
    0.20782099664211273,
    0.20421817898750305,
    0.20197661221027374,
    0.20059329271316528,
    0.2010917365550995,
    0.20413413643836975,
    0.2028650939464569,
    0.19811424612998962,
    0.19066107273101807,
    0.2018488645553589,
    0.19683519005775452,
    0.19270683825016022,
    0.19162729382514954,
    0.1955704689025879,
    0.18886369466781616,
    0.19279161095619202
  ]
}
