{
  "accuracy": 0.924072265625,
  "auprc": 0.07209471893851659,
  "auroc": 0.48630785763739925,
  "dataset": "simulated_EEG_68_static_v2",
  "f1": 0.0,
  "ground_truth_edges": 311,
  "hidden_variable_count": 4,
  "mode": "latent",
  "native_binary_accuracy": 0.875,
  "native_binary_f1": 0.055350553505535055,
  "native_binary_shd": 503,
  "num_variables": 64,
  "observed_variable_count": 64,
  "predicted_edges": 0,
  "runtime_sec": 56.221592627000064,
  "sample_id": "sample_00275",
  "sequence_length": 1000,
  "shd": 311,
  "split": "test",
  "threshold": 300.00000000000006
}
