{
  "aggregate": {
    "accuracy": {
      "max": 0.9166666666666666,
      "mean": 0.9166666666666666,
      "min": 0.9166666666666666,
      "std": 0.0
    },
    "auprc": {
      "max": 0.48333333333333334,
      "mean": 0.28943602693602694,
      "min": 0.17866161616161613,
      "std": 0.11692182046723733
    },
    "auroc": {
      "max": 0.8484848484848485,
      "mean": 0.808080808080808,
      "min": 0.7272727272727273,
      "std": 0.04896646320622553
    },
    "f1": {
      "max": 0.0,
      "mean": 0.0,
      "min": 0.0,
      "std": 0.0
    },
    "runtime_sec": {
      "max": 168.9936696193181,
      "mean": 159.55692983632906,
      "min": 156.7060314230621,
      "std": 5.298363616163012
    },
    "runtime_sec_total": 797.7846491816454,
    "shd": {
      "max": 3.0,
      "mean": 3.0,
      "min": 3.0,
      "std": 0.0
    },
    "threshold_accuracy": 0.9166666666666666,
    "wall_clock_sec_total": 798.1834906670265
  },
  "baseline": "CUTS+",
  "dataset": "nc8",
  "loss_curve_note": null,
  "mode": "latent",
  "native_binary_available": false,
  "num_samples": 5,
  "split": null,
  "threshold": {
    "accuracy": 0.9166666666666666,
    "num_edges": 180,
    "rule": "binary_graph = (score_matrix >= threshold)",
    "threshold": 0.8524832129478456
  }
}
