{
  "accuracy": 0.9166666666666666,
  "num_edges": 180,
  "rule": "binary_graph = (score_matrix >= threshold)",
  "threshold": 0.8524832129478456
}
