{
  "aggregate": {
    "accuracy": {
      "max": 0.9444444444444444,
      "mean": 0.9388888888888889,
      "min": 0.9166666666666666,
      "std": 0.012422599874998837
    },
    "auprc": {
      "max": 0.7222222222222222,
      "mean": 0.5694444444444444,
      "min": 0.4166666666666667,
      "std": 0.12767205771423773
    },
    "auroc": {
      "max": 0.9595959595959596,
      "mean": 0.9272727272727271,
      "min": 0.8787878787878788,
      "std": 0.029793699401520452
    },
    "f1": {
      "max": 0.6666666666666666,
      "mean": 0.58,
      "min": 0.4,
      "std": 0.12382783747337806
    },
    "runtime_sec": {
      "max": 111.76690626190975,
      "mean": 106.44945552516728,
      "min": 104.46190549107268,
      "std": 3.0317123545443163
    },
    "runtime_sec_total": 532.2472776258364,
    "shd": {
      "max": 3.0,
      "mean": 2.2,
      "min": 2.0,
      "std": 0.44721359549995787
    },
    "threshold_accuracy": 0.9388888888888889,
    "wall_clock_sec_total": 550.3861230686307
  },
  "baseline": "uncle",
  "dataset": "nc8",
  "loss_curve_note": null,
  "mode": "latent",
  "native_binary_available": false,
  "num_samples": 5,
  "split": null,
  "threshold": {
    "accuracy": 0.9388888888888889,
    "num_edges": 180,
    "rule": "binary_graph = (score_matrix >= threshold)",
    "threshold": 15.553706645965576
  }
}
