{
  "joint_train_loss": [
    2.085186079144478,
    2.0677910074591637,
    2.049979090690613,
    2.0345915481448174,
    2.0192329064011574,
    2.0058561637997627,
    1.9932663962244987,
    1.9796747341752052,
    1.9688667804002762,
    1.9581051766872406
  ],
  "joint_val_loss": [
    1.0071191787719727,
    1.0040255784988403,
    1.0015692710876465,
    0.9997057318687439,
    0.9983797669410706,
    0.9974991679191589,
    0.9969748258590698,
    0.9966974258422852,
    0.9965562224388123,
    0.9964517951011658
  ],
  "reconstruction_train_loss": [
    1.2468375116586685,
    1.2257364392280579,
    1.2072461545467377,
    1.1879431009292603,
    1.169715441763401,
    1.1519004330039024,
    1.1320367828011513,
    1.11513202637434,
    1.0982991009950638,
    1.0848346799612045
  ],
  "reconstruction_val_loss": [
    1.1494051218032837,
    1.1292858123779297,
    1.109803557395935,
    1.0909525156021118,
    1.0727802515029907,
    1.055321455001831,
    1.0386632680892944,
    1.0227516889572144,
    1.0074822902679443,
    0.9928441643714905
  ]
}
