{
  "graph_discov_data_loss": [
    1.0337300300598145,
    0.8694092035293579,
    0.8390123844146729,
    0.7683753967285156,
    0.6350857019424438,
    0.6102961301803589,
    0.5598803758621216,
    0.5193446278572083,
    0.46503496170043945,
    0.45066913962364197,
    0.4187792241573334,
    0.39971381425857544,
    0.37829646468162537,
    0.3640305697917938,
    0.36198389530181885,
    0.33118635416030884,
    0.32637760043144226,
    0.3153421878814697,
    0.30574095249176025,
    0.30024033784866333,
    0.2915784418582916,
    0.2835245728492737,
    0.270197331905365,
    0.2709938883781433,
    0.25945502519607544,
    0.2629238963127136,
    0.2542808949947357,
    0.2438420057296753,
    0.2375306785106659,
    0.24111995100975037,
    0.2359175980091095,
    0.23817674815654755,
    0.22829276323318481,
    0.23289267718791962,
    0.22474253177642822,
    0.21908804774284363,
    0.2168775200843811,
    0.21185293793678284,
    0.21752497553825378,
    0.21251331269741058,
    0.21442051231861115,
    0.21043074131011963,
    0.21665337681770325,
    0.2114354372024536,
    0.19976183772087097,
    0.20264124870300293,
    0.208549365401268,
    0.20000681281089783,
    0.19793280959129333,
    0.19804951548576355,
    0.19647099077701569,
    0.19249162077903748,
    0.19575443863868713,
    0.18826837837696075,
    0.1936579942703247,
    0.19711889326572418,
    0.19466949999332428,
    0.1900130659341812,
    0.19173689186573029,
    0.19312502443790436,
    0.18947428464889526,
    0.18741285800933838,
    0.1911262571811676,
    0.19056034088134766
  ],
  "graph_discov_sparsity_loss": [
    0.622459352016449,
    0.6223294734954834,
    0.6222008466720581,
    0.6220805644989014,
    0.6219664812088013,
    0.6218545436859131,
    0.621745228767395,
    0.6216402053833008,
    0.6215395331382751,
    0.6214430332183838,
    0.6213507652282715,
    0.6212631464004517,
    0.6211808323860168,
    0.6211035847663879,
    0.6210317611694336,
    0.6209650039672852,
    0.6209031939506531,
    0.6208460330963135,
    0.6207931041717529,
    0.6207441091537476,
    0.5948684215545654,
    0.5948432683944702,
    0.5948198437690735,
    0.5947988629341125,
    0.5947796106338501,
    0.5947637557983398,
    0.5947496294975281,
    0.59473717212677,
    0.5947268009185791,
    0.5947177410125732,
    0.5947105884552002,
    0.5947052240371704,
    0.5947009325027466,
    0.5946978330612183,
    0.594695508480072,
    0.5946940779685974,
    0.594693660736084,
    0.5946940779685974,
    0.5946950316429138,
    0.5946967005729675,
    0.5946988463401794,
    0.5947017073631287,
    0.5947051048278809,
    0.5947092175483704,
    0.5947139263153076,
    0.5947192311286926,
    0.5947250127792358,
    0.594731330871582,
    0.5947378873825073,
    0.5947443246841431,
    0.5947511196136475,
    0.5947580933570862,
    0.594765305519104,
    0.5947725772857666,
    0.5947798490524292,
    0.5947872996330261,
    0.5947948098182678,
    0.5948021411895752,
    0.5948096513748169,
    0.5948169231414795,
    0.5948241949081421,
    0.5948313474655151,
    0.5948384404182434,
    0.5948452949523926
  ],
  "graph_discov_total_loss": [
    1.0959759950637817,
    0.9294429421424866,
    0.8969126343727112,
    0.82421875,
    0.6889457702636719,
    0.6622435450553894,
    0.6099832057952881,
    0.5676687955856323,
    0.5116438269615173,
    0.49562397599220276,
    0.46213898062705994,
    0.44153541326522827,
    0.4186348021030426,
    0.402938574552536,
    0.3995126187801361,
    0.36738497018814087,
    0.3612935543060303,
    0.34902116656303406,
    0.3382270038127899,
    0.3315759003162384,
    0.32054659724235535,
    0.31146785616874695,
    0.2971521019935608,
    0.2969951927661896,
    0.2845366597175598,
    0.2871185541152954,
    0.27761998772621155,
    0.26635587215423584,
    0.2592485547065735,
    0.26207002997398376,
    0.25612708926200867,
    0.25767189264297485,
    0.2470988631248474,
    0.25103411078453064,
    0.24224279820919037,
    0.23596984148025513,
    0.23316273093223572,
    0.22756266593933105,
    0.2326795756816864,
    0.2271324098110199,
    0.22852304577827454,
    0.22403497993946075,
    0.22977693378925323,
    0.22409531474113464,
    0.21197444200515747,
    0.21442237496376038,
    0.2199142873287201,
    0.2109702229499817,
    0.2085089087486267,
    0.2082519829273224,
    0.20631302893161774,
    0.20198597013950348,
    0.20491339266300201,
    0.19710376858711243,
    0.20218126475811005,
    0.20534107089042664,
    0.20260120928287506,
    0.19766458868980408,
    0.19911810755729675,
    0.20024548470973969,
    0.19634321331977844,
    0.19403912127017975,
    0.19751843810081482,
    0.1967267096042633
  ],
  "latent_data_pred_loss": [
    1.1195666790008545,
    0.9308794140815735,
    0.909931480884552,
    0.8398374319076538,
    0.6895492076873779,
    0.655640721321106,
    0.6058399081230164,
    0.5527112483978271,
    0.4949161410331726,
    0.4711018204689026,
    0.4289266765117645,
    0.4156304895877838,
    0.3829742670059204,
    0.3659220337867737,
    0.3769809603691101,
    0.3371956944465637,
    0.33247441053390503,
    0.31525370478630066,
    0.3022409677505493,
    0.28866294026374817,
    0.2914889454841614,
    0.2818887531757355,
    0.2675400376319885,
    0.26363420486450195,
    0.253345787525177,
    0.24656857550144196,
    0.24210169911384583,
    0.2362903654575348,
    0.2310655415058136,
    0.22958114743232727,
    0.22350938618183136,
    0.22688138484954834,
    0.22557784616947174,
    0.22089603543281555,
    0.21728429198265076,
    0.2125563770532608,
    0.20706649124622345,
    0.20327219367027283,
    0.2034178525209427,
    0.20001530647277832,
    0.19780747592449188,
    0.20034871995449066,
    0.19922295212745667,
    0.19887682795524597,
    0.18933194875717163,
    0.19444608688354492,
    0.18968184292316437,
    0.18398849666118622,
    0.18902626633644104,
    0.18295663595199585,
    0.186456561088562,
    0.1810912787914276,
    0.1821032464504242,
    0.17670348286628723,
    0.17901018261909485,
    0.18334968388080597,
    0.17976807057857513,
    0.17765621840953827,
    0.17844898998737335,
    0.17360392212867737,
    0.17700114846229553,
    0.17775952816009521,
    0.17072135210037231,
    0.17027656733989716
  ]
}
