{
  "accuracy": 0.96484375,
  "auprc": 0.1001144494029825,
  "auroc": 0.739403220591543,
  "dataset": "simulated_fMRI",
  "f1": 0.0,
  "ground_truth_edges": 144,
  "hidden_variable_count": 4,
  "mode": "latent",
  "num_variables": 64,
  "observed_variable_count": 64,
  "predicted_edges": 0,
  "runtime_sec": 10.21305208094418,
  "sample_id": "sample_00279",
  "sequence_length": 240,
  "shd": 144,
  "split": "test",
  "threshold": 0.39964994788169866
}
