{
  "joint_train_loss": [
    2.101405553519726,
    2.0813847109675407,
    2.06516020745039,
    2.0477218478918076,
    2.0328289270401,
    2.020361267030239,
    2.006366342306137,
    1.993277721107006,
    1.9833148792386055,
    1.9731732606887817
  ],
  "joint_val_loss": [
    1.0113228559494019,
    1.0076913833618164,
    1.004671335220337,
    1.002243995666504,
    1.0003610849380493,
    0.9989624619483948,
    0.997962236404419,
    0.9972586035728455,
    0.9967540502548218,
    0.9963563680648804
  ],
  "reconstruction_train_loss": [
    1.2526345402002335,
    1.2341309189796448,
    1.2129610478878021,
    1.1950654685497284,
    1.1769747138023376,
    1.1593289822340012,
    1.1396980285644531,
    1.1259453371167183,
    1.106716588139534,
    1.094032645225525
  ],
  "reconstruction_val_loss": [
    1.1435701847076416,
    1.1240612268447876,
    1.1053152084350586,
    1.0873032808303833,
    1.0700064897537231,
    1.05341374874115,
    1.037479281425476,
    1.0221595764160156,
    1.007469892501831,
    0.9932940006256104
  ]
}
