{
  "accuracy": 0.924072265625,
  "auprc": 0.08332270802078569,
  "auroc": 0.5516028323004584,
  "dataset": "simulated_EEG_68_static_v2",
  "f1": 0.0,
  "ground_truth_edges": 311,
  "hidden_variable_count": 4,
  "mode": "latent",
  "native_binary_accuracy": 0.876220703125,
  "native_binary_f1": 0.07312614259597805,
  "native_binary_shd": 489,
  "num_variables": 64,
  "observed_variable_count": 64,
  "predicted_edges": 0,
  "runtime_sec": 54.80293689388782,
  "sample_id": "sample_00258",
  "sequence_length": 1000,
  "shd": 311,
  "split": "test",
  "threshold": 300.00000000000006
}
