{
  "graph_discov_data_loss": [
    0.9359596371650696,
    0.8728282451629639,
    0.7547134160995483,
    0.6516019105911255,
    0.558082103729248,
    0.5191136598587036,
    0.469089537858963,
    0.4376503527164459,
    0.4312319755554199,
    0.40330561995506287,
    0.38211530447006226,
    0.3647121787071228,
    0.3583812117576599,
    0.3451884388923645,
    0.33912378549575806,
    0.3266860842704773,
    0.3077484369277954,
    0.3090888261795044,
    0.29658418893814087,
    0.2901252210140228,
    0.2860470414161682,
    0.2766314446926117,
    0.2749570608139038,
    0.2675061821937561,
    0.2522929012775421,
    0.26022469997406006,
    0.2496684044599533,
    0.2521093189716339,
    0.24563133716583252,
    0.24620941281318665,
    0.24281252920627594,
    0.23249289393424988,
    0.2361716330051422,
    0.23364225029945374,
    0.23023957014083862,
    0.22080257534980774,
    0.2206016182899475,
    0.21949592232704163,
    0.21414132416248322,
    0.21063731610774994,
    0.21241527795791626,
    0.20827260613441467,
    0.20353949069976807,
    0.21060098707675934,
    0.20256616175174713,
    0.20629185438156128,
    0.203481525182724,
    0.19927163422107697,
    0.1989346742630005,
    0.19651716947555542,
    0.19499912858009338,
    0.19587016105651855,
    0.19220295548439026,
    0.19131825864315033,
    0.19045346975326538,
    0.18541929125785828,
    0.18717607855796814,
    0.18526923656463623,
    0.18122288584709167,
    0.18280337750911713,
    0.18773546814918518,
    0.189186692237854,
    0.18408332765102386,
    0.189731627702713
  ],
  "graph_discov_sparsity_loss": [
    0.622459352016449,
    0.6223270893096924,
    0.6222126483917236,
    0.6221071481704712,
    0.6220067739486694,
    0.6219092011451721,
    0.6218146085739136,
    0.6217212080955505,
    0.6216303110122681,
    0.6215421557426453,
    0.621457576751709,
    0.6213770508766174,
    0.6213010549545288,
    0.6212291121482849,
    0.6211613416671753,
    0.6210979223251343,
    0.6210389733314514,
    0.6209838390350342,
    0.6209324598312378,
    0.6208852529525757,
    0.5948960781097412,
    0.5948654413223267,
    0.5948387980461121,
    0.594814121723175,
    0.5947908163070679,
    0.5947694182395935,
    0.5947495698928833,
    0.5947321057319641,
    0.5947168469429016,
    0.5947030782699585,
    0.59469074010849,
    0.594679594039917,
    0.5946698784828186,
    0.5946614742279053,
    0.5946545600891113,
    0.5946487188339233,
    0.59464430809021,
    0.5946409702301025,
    0.594638466835022,
    0.5946369767189026,
    0.5946359634399414,
    0.5946357250213623,
    0.5946358442306519,
    0.5946366190910339,
    0.5946381092071533,
    0.5946402549743652,
    0.5946427583694458,
    0.594645619392395,
    0.5946489572525024,
    0.5946526527404785,
    0.5946569442749023,
    0.59466153383255,
    0.5946664810180664,
    0.5946716070175171,
    0.5946769118309021,
    0.5946823954582214,
    0.5946878790855408,
    0.5946935415267944,
    0.5946991443634033,
    0.5947049856185913,
    0.5947109460830688,
    0.5947170257568359,
    0.5947231650352478,
    0.5947293043136597
  ],
  "graph_discov_total_loss": [
    0.9982055425643921,
    0.9328617453575134,
    0.8126147985458374,
    0.7074476480484009,
    0.6119456887245178,
    0.5710656046867371,
    0.5191980004310608,
    0.4859807789325714,
    0.4778476655483246,
    0.4482676088809967,
    0.42548251152038574,
    0.4065414369106293,
    0.3987273573875427,
    0.38410431146621704,
    0.3766603469848633,
    0.3628924489021301,
    0.3426720201969147,
    0.34277528524398804,
    0.3290775418281555,
    0.32146790623664856,
    0.3150165379047394,
    0.30457577109336853,
    0.30191266536712646,
    0.2935081422328949,
    0.2773750126361847,
    0.28441959619522095,
    0.27300751209259033,
    0.27462300658226013,
    0.26734885573387146,
    0.26715898513793945,
    0.2630213499069214,
    0.2519872188568115,
    0.254976749420166,
    0.2517825663089752,
    0.24773862957954407,
    0.23768308758735657,
    0.23688547313213348,
    0.23520424962043762,
    0.22929447889328003,
    0.22525493800640106,
    0.22651632130146027,
    0.22187533974647522,
    0.21666152775287628,
    0.2232593297958374,
    0.21477720141410828,
    0.21807141602039337,
    0.21484486758708954,
    0.21023346483707428,
    0.20950919389724731,
    0.2067180722951889,
    0.20483961701393127,
    0.2053629755973816,
    0.20136037468910217,
    0.20015215873718262,
    0.19897526502609253,
    0.19364002346992493,
    0.1951063722372055,
    0.19291935861110687,
    0.1886027306318283,
    0.189922496676445,
    0.1946030855178833,
    0.1958116888999939,
    0.190474271774292,
    0.19589678943157196
  ],
  "latent_data_pred_loss": [
    1.0268430709838867,
    0.9555015563964844,
    0.838198184967041,
    0.7386029958724976,
    0.6252732872962952,
    0.5659539103507996,
    0.49663078784942627,
    0.46155452728271484,
    0.46494269371032715,
    0.4219520688056946,
    0.3952166438102722,
    0.37648439407348633,
    0.3676621913909912,
    0.35106638073921204,
    0.33474355936050415,
    0.32121357321739197,
    0.30822500586509705,
    0.3104327619075775,
    0.29169052839279175,
    0.28023388981819153,
    0.28644219040870667,
    0.27001577615737915,
    0.2664507031440735,
    0.2584973871707916,
    0.24996547400951385,
    0.26105165481567383,
    0.2466503381729126,
    0.24401473999023438,
    0.23934721946716309,
    0.24100753664970398,
    0.2332201898097992,
    0.22595028579235077,
    0.22623959183692932,
    0.22198817133903503,
    0.22028285264968872,
    0.21175242960453033,
    0.20912940800189972,
    0.2075495570898056,
    0.19916869699954987,
    0.20435544848442078,
    0.20075669884681702,
    0.2010442018508911,
    0.20011399686336517,
    0.19448646903038025,
    0.1938943862915039,
    0.19605647027492523,
    0.19024954736232758,
    0.18848004937171936,
    0.19029854238033295,
    0.18434888124465942,
    0.18261581659317017,
    0.18336039781570435,
    0.18465745449066162,
    0.1736188530921936,
    0.17834702134132385,
    0.18456962704658508,
    0.17733383178710938,
    0.1774945855140686,
    0.17200596630573273,
    0.1724555939435959,
    0.170754075050354,
    0.18277043104171753,
    0.17296236753463745,
    0.17677916586399078
  ]
}
