{
  "accuracy": 0.924072265625,
  "auprc": 0.07525984944583058,
  "auroc": 0.49641290081426515,
  "dataset": "simulated_EEG_68_static_v2",
  "f1": 0.0,
  "ground_truth_edges": 311,
  "hidden_variable_count": 4,
  "mode": "latent",
  "native_binary_accuracy": 0.87548828125,
  "native_binary_f1": 0.06593406593406594,
  "native_binary_shd": 495,
  "num_variables": 64,
  "observed_variable_count": 64,
  "predicted_edges": 0,
  "runtime_sec": 57.05448046326637,
  "sample_id": "sample_00244",
  "sequence_length": 1000,
  "shd": 311,
  "split": "test",
  "threshold": 300.00000000000006
}
