{
  "joint_train_loss": [
    2.086459882557392,
    2.0679258853197098,
    2.0510950535535812,
    2.034953460097313,
    2.018534794449806,
    2.0044948905706406,
    1.9931859076023102,
    1.9813386797904968,
    1.9691874906420708,
    1.9578293412923813
  ],
  "joint_val_loss": [
    1.0070451498031616,
    1.003964900970459,
    1.0015207529067993,
    0.9996660351753235,
    0.9983453154563904,
    0.9974686503410339,
    0.9969370365142822,
    0.9966446757316589,
    0.9964913725852966,
    0.9963718056678772
  ],
  "reconstruction_train_loss": [
    1.2492667585611343,
    1.2259593605995178,
    1.207241527736187,
    1.1893314495682716,
    1.1679375171661377,
    1.1508146673440933,
    1.1341547891497612,
    1.1164399832487106,
    1.1010935008525848,
    1.0833198800683022
  ],
  "reconstruction_val_loss": [
    1.150496482849121,
    1.130299687385559,
    1.1107102632522583,
    1.0918329954147339,
    1.0735992193222046,
    1.0560890436172485,
    1.0393885374069214,
    1.0233922004699707,
    1.0080710649490356,
    0.9933592677116394
  ]
}
