{
  "joint_train_loss": [
    2.094715766608715,
    2.075083889067173,
    2.0571671426296234,
    2.043573275208473,
    2.024255946278572,
    2.0096758157014847,
    1.9989653527736664,
    1.9815413728356361,
    1.9709421694278717,
    1.961068294942379
  ],
  "joint_val_loss": [
    1.0109779834747314,
    1.0072543621063232,
    1.0041147470474243,
    1.0015438795089722,
    0.9995057582855225,
    0.9979336261749268,
    0.9967488050460815,
    0.9958564043045044,
    0.9951526522636414,
    0.9945527911186218
  ],
  "reconstruction_train_loss": [
    1.2493893057107925,
    1.2289583086967468,
    1.2117403149604797,
    1.1917763277888298,
    1.1721165552735329,
    1.1566279381513596,
    1.134818822145462,
    1.1210756301879883,
    1.105143427848816,
    1.0890085697174072
  ],
  "reconstruction_val_loss": [
    1.1398355960845947,
    1.1201725006103516,
    1.101277470588684,
    1.083109974861145,
    1.0656116008758545,
    1.0487890243530273,
    1.0325864553451538,
    1.017005443572998,
    1.0019853115081787,
    0.9874332547187805
  ]
}
