{
  "joint_train_loss": [
    2.0898832753300667,
    2.0710730478167534,
    2.053949363529682,
    2.0371527895331383,
    2.0252934992313385,
    2.0094746202230453,
    1.9983851537108421,
    1.9847818538546562,
    1.974527269601822,
    1.963172808289528
  ],
  "joint_val_loss": [
    1.0076981782913208,
    1.0047123432159424,
    1.002364158630371,
    1.0006111860275269,
    0.9994012713432312,
    0.9986368417739868,
    0.9982201457023621,
    0.9980466365814209,
    0.9980064630508423,
    0.9979979991912842
  ],
  "reconstruction_train_loss": [
    1.2497308403253555,
    1.226988971233368,
    1.2081178203225136,
    1.1890332698822021,
    1.1689508110284805,
    1.1510668247938156,
    1.1349059715867043,
    1.1181344464421272,
    1.1024115160107613,
    1.0864655673503876
  ],
  "reconstruction_val_loss": [
    1.1508640050888062,
    1.1308664083480835,
    1.111520767211914,
    1.092840552330017,
    1.074826955795288,
    1.0575368404388428,
    1.0410099029541016,
    1.0252059698104858,
    1.0100462436676025,
    0.9954760074615479
  ]
}
