{
  "joint_train_loss": [
    2.087106168270111,
    2.0701932087540627,
    2.051486685872078,
    2.036336198449135,
    2.020372785627842,
    2.007625661790371,
    1.9936048686504364,
    1.9810014590620995,
    1.9718852564692497,
    1.960208922624588
  ],
  "joint_val_loss": [
    1.0077084302902222,
    1.0046406984329224,
    1.002207636833191,
    1.0003706216812134,
    0.9990763068199158,
    0.9982288479804993,
    0.9977338910102844,
    0.9974888563156128,
    0.9973843097686768,
    0.9973189830780029
  ],
  "reconstruction_train_loss": [
    1.2478310018777847,
    1.2273010611534119,
    1.2074648961424828,
    1.188465341925621,
    1.1682781353592873,
    1.151387743651867,
    1.1339223757386208,
    1.1153922602534294,
    1.099918358027935,
    1.0842213034629822
  ],
  "reconstruction_val_loss": [
    1.1504242420196533,
    1.130242109298706,
    1.1106836795806885,
    1.0918023586273193,
    1.0736202001571655,
    1.0561283826828003,
    1.0394258499145508,
    1.0234485864639282,
    1.0081032514572144,
    0.9933559894561768
  ]
}
