{
  "accuracy": 0.9444444444444444,
  "auprc": 0.5317460317460317,
  "auroc": 0.9393939393939394,
  "dataset": "nc8",
  "f1": 0.6666666666666666,
  "ground_truth_edges": 3,
  "hidden_variable_count": 2,
  "mode": "latent",
  "native_binary_accuracy": 0.6666666666666666,
  "native_binary_f1": 0.33333333333333337,
  "native_binary_shd": 12,
  "num_variables": 6,
  "observed_variable_count": 6,
  "predicted_edges": 3,
  "runtime_sec": 1540.8768507060595,
  "sample_id": "replica_001",
  "sequence_length": 2000,
  "shd": 2,
  "split": null,
  "threshold": 0.03817238286137581
}
