{
  "joint_train_loss": [
    2.0867761373519897,
    2.0669322460889816,
    2.0509494468569756,
    2.0338507667183876,
    2.019728407263756,
    2.0057397559285164,
    1.9927653819322586,
    1.9798951596021652,
    1.9696147590875626,
    1.9565090984106064
  ],
  "joint_val_loss": [
    1.0070152282714844,
    1.0038996934890747,
    1.0014028549194336,
    0.9994946122169495,
    0.998114287853241,
    0.997173547744751,
    0.9965830445289612,
    0.9962421655654907,
    0.9960470199584961,
    0.9958927035331726
  ],
  "reconstruction_train_loss": [
    1.2491723448038101,
    1.2283123135566711,
    1.2078349441289902,
    1.188228264451027,
    1.1673174649477005,
    1.15097326785326,
    1.1339488849043846,
    1.1167319044470787,
    1.1003590300679207,
    1.0841888710856438
  ],
  "reconstruction_val_loss": [
    1.1506167650222778,
    1.1304551362991333,
    1.1109119653701782,
    1.0920076370239258,
    1.0737974643707275,
    1.056306004524231,
    1.0396289825439453,
    1.023654818534851,
    1.0083658695220947,
    0.9936870336532593
  ]
}
