{
  "joint_train_loss": [
    2.087879456579685,
    2.070478267967701,
    2.0511149540543556,
    2.036411926150322,
    2.0201980397105217,
    2.0082713812589645,
    1.9947040155529976,
    1.981946900486946,
    1.9713420793414116,
    1.9613609537482262
  ],
  "joint_val_loss": [
    1.0075410604476929,
    1.004486322402954,
    1.002068042755127,
    1.000253677368164,
    0.9989810585975647,
    0.9981551170349121,
    0.9976840615272522,
    0.997466504573822,
    0.997388482093811,
    0.9973501563072205
  ],
  "reconstruction_train_loss": [
    1.2503236681222916,
    1.2271050810813904,
    1.2094822973012924,
    1.1877702549099922,
    1.169132836163044,
    1.1530924439430237,
    1.1340334862470627,
    1.1163353845477104,
    1.1002079769968987,
    1.0838695168495178
  ],
  "reconstruction_val_loss": [
    1.1504467725753784,
    1.1303147077560425,
    1.1108461618423462,
    1.092020034790039,
    1.0738729238510132,
    1.0564360618591309,
    1.0397872924804688,
    1.0238957405090332,
    1.008628249168396,
    0.993916392326355
  ]
}
