{
  "graph_discov_data_loss": [
    0.9532867670059204,
    0.8679192066192627,
    0.7397910356521606,
    0.6740719079971313,
    0.5826374888420105,
    0.5199906229972839,
    0.49585404992103577,
    0.45041120052337646,
    0.41855186223983765,
    0.41019898653030396,
    0.38576507568359375,
    0.36725497245788574,
    0.37796956300735474,
    0.3528091609477997,
    0.329865962266922,
    0.33541339635849,
    0.31600308418273926,
    0.3127197027206421,
    0.2911888360977173,
    0.2870609760284424,
    0.2888592481613159,
    0.2738509476184845,
    0.26744186878204346,
    0.267299085855484,
    0.2606562077999115,
    0.2527642548084259,
    0.249819815158844,
    0.24964232742786407,
    0.23520290851593018,
    0.2344878911972046,
    0.23772823810577393,
    0.22711846232414246,
    0.22568106651306152,
    0.21636733412742615,
    0.22480997443199158,
    0.2226797342300415,
    0.21579809486865997,
    0.21039924025535583,
    0.2108728289604187,
    0.21026863157749176,
    0.2051437497138977,
    0.20400303602218628,
    0.20052580535411835,
    0.20818835496902466,
    0.19497179985046387,
    0.19973447918891907,
    0.19767016172409058,
    0.19021998345851898,
    0.1892857849597931,
    0.19325914978981018,
    0.19040796160697937,
    0.1905985325574875,
    0.1870289146900177,
    0.18781599402427673,
    0.19714173674583435,
    0.18327827751636505,
    0.18821248412132263,
    0.18419981002807617,
    0.1831989884376526,
    0.1843404620885849,
    0.1814267635345459,
    0.1818874180316925,
    0.18301528692245483,
    0.17466706037521362
  ],
  "graph_discov_sparsity_loss": [
    0.622459352016449,
    0.6223235726356506,
    0.6222025156021118,
    0.6220906972885132,
    0.6219850778579712,
    0.621881365776062,
    0.6217796206474304,
    0.621679425239563,
    0.6215822696685791,
    0.6214892864227295,
    0.6214012503623962,
    0.6213184595108032,
    0.6212409734725952,
    0.6211686730384827,
    0.621100902557373,
    0.6210377812385559,
    0.6209793090820312,
    0.6209253072738647,
    0.6208750605583191,
    0.6208282113075256,
    0.5948850512504578,
    0.5948539972305298,
    0.594825029373169,
    0.5947998762130737,
    0.5947768688201904,
    0.5947551131248474,
    0.5947350263595581,
    0.5947169065475464,
    0.5947005748748779,
    0.5946859121322632,
    0.5946727991104126,
    0.5946611762046814,
    0.59465092420578,
    0.5946420431137085,
    0.5946342349052429,
    0.5946275591850281,
    0.5946221351623535,
    0.5946177244186401,
    0.5946146845817566,
    0.5946124792098999,
    0.5946111679077148,
    0.5946106910705566,
    0.5946109294891357,
    0.5946121215820312,
    0.5946140885353088,
    0.5946166515350342,
    0.5946196913719177,
    0.594623327255249,
    0.5946275591850281,
    0.594632089138031,
    0.5946369171142578,
    0.5946418046951294,
    0.5946469306945801,
    0.5946522355079651,
    0.5946576595306396,
    0.5946632623672485,
    0.5946687459945679,
    0.5946743488311768,
    0.5946800112724304,
    0.5946856737136841,
    0.5946914553642273,
    0.5946972966194153,
    0.5947031378746033,
    0.5947088599205017
  ],
  "graph_discov_total_loss": [
    1.0155327320098877,
    0.9279523491859436,
    0.7976914644241333,
    0.7299162149429321,
    0.6364991664886475,
    0.5719402432441711,
    0.5459596514701843,
    0.4987383782863617,
    0.4651639461517334,
    0.45515716075897217,
    0.42912834882736206,
    0.40908029675483704,
    0.41831180453300476,
    0.391721248626709,
    0.36739885807037354,
    0.37161627411842346,
    0.3509233295917511,
    0.34640297293663025,
    0.3236791789531708,
    0.3184008002281189,
    0.3178282082080841,
    0.30179473757743835,
    0.29439687728881836,
    0.29330044984817505,
    0.2857377529144287,
    0.27695855498313904,
    0.27315834164619446,
    0.27215543389320374,
    0.25691983103752136,
    0.25543686747550964,
    0.2579364478588104,
    0.24661217629909515,
    0.24448558688163757,
    0.23450705409049988,
    0.24230843782424927,
    0.23955963551998138,
    0.232081338763237,
    0.2261069416999817,
    0.22602537274360657,
    0.22488565742969513,
    0.21924419701099396,
    0.21760518848896027,
    0.2136472910642624,
    0.22084617614746094,
    0.20718234777450562,
    0.21151357889175415,
    0.2090330719947815,
    0.20118141174316406,
    0.19985991716384888,
    0.203459694981575,
    0.200248122215271,
    0.20009103417396545,
    0.19618603587150574,
    0.19664959609508514,
    0.20566324889659882,
    0.1914987415075302,
    0.1961425244808197,
    0.19184967875480652,
    0.19057859480381012,
    0.19145935773849487,
    0.1882941573858261,
    0.1885121911764145,
    0.18940600752830505,
    0.18083201348781586
  ],
  "latent_data_pred_loss": [
    1.04877507686615,
    0.9534674882888794,
    0.8290704488754272,
    0.7557655572891235,
    0.6417237520217896,
    0.5551143884658813,
    0.5409623384475708,
    0.4868342876434326,
    0.4433135986328125,
    0.42903560400009155,
    0.3931785821914673,
    0.37580183148384094,
    0.3792935609817505,
    0.3516974151134491,
    0.33749067783355713,
    0.33237165212631226,
    0.3227422833442688,
    0.316650927066803,
    0.29518502950668335,
    0.2820832133293152,
    0.2876320481300354,
    0.27313053607940674,
    0.26555120944976807,
    0.25927525758743286,
    0.25708022713661194,
    0.2503112554550171,
    0.24215662479400635,
    0.24115890264511108,
    0.2266516387462616,
    0.2323799878358841,
    0.22459062933921814,
    0.2205197811126709,
    0.21597841382026672,
    0.21371661126613617,
    0.20737992227077484,
    0.2078312784433365,
    0.20521876215934753,
    0.19584590196609497,
    0.20054128766059875,
    0.20079153776168823,
    0.19657215476036072,
    0.1919686198234558,
    0.1912049651145935,
    0.18972209095954895,
    0.18594595789909363,
    0.18469083309173584,
    0.18597844243049622,
    0.1829056739807129,
    0.18285289406776428,
    0.1774825155735016,
    0.17821282148361206,
    0.17899605631828308,
    0.17424091696739197,
    0.17350822687149048,
    0.17961663007736206,
    0.17314660549163818,
    0.17022186517715454,
    0.17288315296173096,
    0.1736835390329361,
    0.17303425073623657,
    0.16744551062583923,
    0.1692495048046112,
    0.16773754358291626,
    0.16631600260734558
  ]
}
