{
  "joint_train_loss": [
    2.0949929133057594,
    2.075892373919487,
    2.0541596114635468,
    2.0418381094932556,
    2.0267651230096817,
    2.0120683684945107,
    1.99997578561306,
    1.9848561435937881,
    1.9740060791373253,
    1.9619944170117378
  ],
  "joint_val_loss": [
    1.0123424530029297,
    1.0088671445846558,
    1.0059908628463745,
    1.0036839246749878,
    1.0018937587738037,
    1.0005587339401245,
    0.999586284160614,
    0.9988857507705688,
    0.998350977897644,
    0.9978865385055542
  ],
  "reconstruction_train_loss": [
    1.2542324215173721,
    1.2321753576397896,
    1.2092445492744446,
    1.1897499784827232,
    1.1730131953954697,
    1.1548551619052887,
    1.136711798608303,
    1.1224689409136772,
    1.1017044112086296,
    1.08565454185009
  ],
  "reconstruction_val_loss": [
    1.143944263458252,
    1.123967170715332,
    1.104769229888916,
    1.0862576961517334,
    1.0684651136398315,
    1.0513474941253662,
    1.0348421335220337,
    1.0189554691314697,
    1.0036556720733643,
    0.9889208078384399
  ]
}
