{
  "joint_train_loss": [
    2.093735508620739,
    2.075201965868473,
    2.058554030954838,
    2.03865285217762,
    2.026522919535637,
    2.010778568685055,
    1.9960757791996002,
    1.981971152126789,
    1.9723952114582062,
    1.9579735919833183
  ],
  "joint_val_loss": [
    1.0107760429382324,
    1.0070345401763916,
    1.0038765668869019,
    1.0012826919555664,
    0.9992135167121887,
    0.9976064562797546,
    0.9963694214820862,
    0.9954185485839844,
    0.994659423828125,
    0.9940093159675598
  ],
  "reconstruction_train_loss": [
    1.2573446184396744,
    1.2328357100486755,
    1.2116455286741257,
    1.1948023065924644,
    1.176746092736721,
    1.1554135903716087,
    1.1403807923197746,
    1.1226646900177002,
    1.104236975312233,
    1.0889401286840439
  ],
  "reconstruction_val_loss": [
    1.1433000564575195,
    1.1234017610549927,
    1.1042702198028564,
    1.0858389139175415,
    1.0681415796279907,
    1.0510938167572021,
    1.0346382856369019,
    1.0187759399414062,
    1.0034757852554321,
    0.988707959651947
  ]
}
