{
  "joint_train_loss": [
    2.0867412611842155,
    2.0672481805086136,
    2.0504154711961746,
    2.0368889421224594,
    2.017131559550762,
    2.0043939724564552,
    1.9918012022972107,
    1.9776741862297058,
    1.967824101448059,
    1.955580934882164
  ],
  "joint_val_loss": [
    1.0110355615615845,
    1.0074671506881714,
    1.004517674446106,
    1.0021485090255737,
    1.0003159046173096,
    0.9989532828330994,
    0.9979649782180786,
    0.9972578883171082,
    0.9967292547225952,
    0.996288537979126
  ],
  "reconstruction_train_loss": [
    1.250767007470131,
    1.2277740314602852,
    1.2048364281654358,
    1.1867521852254868,
    1.167338714003563,
    1.1468839645385742,
    1.1326717510819435,
    1.1137111186981201,
    1.0964213162660599,
    1.0801710039377213
  ],
  "reconstruction_val_loss": [
    1.1385525465011597,
    1.1185060739517212,
    1.0992566347122192,
    1.080716848373413,
    1.062919020652771,
    1.0457282066345215,
    1.0292433500289917,
    1.0133663415908813,
    0.9981003403663635,
    0.9833952784538269
  ]
}
