{
  "joint_train_loss": [
    2.0875407308340073,
    2.0692409053444862,
    2.0521801188588142,
    2.035168133676052,
    2.022002764046192,
    2.0086230039596558,
    1.995572842657566,
    1.9823416247963905,
    1.9720720276236534,
    1.9607720449566841
  ],
  "joint_val_loss": [
    1.0075585842132568,
    1.0045000314712524,
    1.0020776987075806,
    1.0002509355545044,
    0.9989662170410156,
    0.9981297254562378,
    0.9976474046707153,
    0.9974178671836853,
    0.9973312020301819,
    0.997283399105072
  ],
  "reconstruction_train_loss": [
    1.2480541616678238,
    1.227523386478424,
    1.2066383212804794,
    1.18976379185915,
    1.1694463193416595,
    1.1528123542666435,
    1.1351057067513466,
    1.1164598912000656,
    1.1015320122241974,
    1.0848582684993744
  ],
  "reconstruction_val_loss": [
    1.1511059999465942,
    1.1309624910354614,
    1.1114734411239624,
    1.0926579236984253,
    1.0745234489440918,
    1.0571037530899048,
    1.0404572486877441,
    1.0245193243026733,
    1.0092391967773438,
    0.994560718536377
  ]
}
