{
  "graph_discov_data_loss": {
    "mean_curve": [
      0.9470679688453675,
      0.8666812694072723,
      0.7733695065975189,
      0.6911016702651978,
      0.6229500699043274,
      0.5698355150222778,
      0.5243514198064804,
      0.4855861359834671,
      0.45707671403884886,
      0.4349559903144836,
      0.41047757685184477,
      0.3914517241716385,
      0.3762020146846771,
      0.3593826335668564,
      0.3478140240907669,
      0.3356356537342072,
      0.3244036650657654,
      0.31546776473522187,
      0.3055151128768921,
      0.2979444706439972,
      0.29253444373607634,
      0.28675312936306,
      0.27960427224636075,
      0.2745732098817825,
      0.26801917105913164,
      0.2628076460957527,
      0.25778334587812424,
      0.25299744069576263,
      0.24953618317842483,
      0.24588988661766054,
      0.24226218551397324,
      0.23925297647714616,
      0.23555844396352768,
      0.2321121859550476,
      0.230208058655262,
      0.22813068330287933,
      0.22498047858476639,
      0.221345234811306,
      0.220403228700161,
      0.2195635426044464,
      0.21642262399196624,
      0.21409343153238297,
      0.2132869455218315,
      0.21189304918050766,
      0.20957618474960327,
      0.207441543340683,
      0.20653226971626282,
      0.20468109726905823,
      0.20403116315603256,
      0.20230211108922957,
      0.201334787607193,
      0.20063852459192277,
      0.19942115217447282,
      0.19802860885858536,
      0.1975552946329117,
      0.19662393242120743,
      0.19603172957897186,
      0.19471301704645158,
      0.19431373804807664,
      0.1935853886604309,
      0.1919782429933548,
      0.191508751809597,
      0.1910734048485756,
      0.1903211346268654
    ],
    "sample_count": 50
  },
  "graph_discov_sparsity_loss": {
    "mean_curve": [
      0.622459352016449,
      0.6223209977149964,
      0.6221974277496338,
      0.622084184885025,
      0.6219775211811066,
      0.6218741345405578,
      0.6217733454704285,
      0.621675535440445,
      0.621581267118454,
      0.6214911293983459,
      0.6214055526256561,
      0.6213248372077942,
      0.6212490177154542,
      0.6211780261993408,
      0.6211116683483123,
      0.6210498476028442,
      0.6209924364089966,
      0.6209392428398133,
      0.620890074968338,
      0.6208447420597076,
      0.5948886740207672,
      0.5948627150058746,
      0.5948387908935547,
      0.5948167943954468,
      0.5947969686985016,
      0.5947790133953095,
      0.5947628104686737,
      0.5947482192516327,
      0.5947352755069732,
      0.5947238230705261,
      0.5947138047218323,
      0.5947051286697388,
      0.5946977710723877,
      0.5946916103363037,
      0.594686564207077,
      0.594682514667511,
      0.5946795320510865,
      0.5946775233745575,
      0.5946764004230499,
      0.594676079750061,
      0.5946765422821045,
      0.5946777045726777,
      0.5946794974803925,
      0.5946818399429321,
      0.5946847510337829,
      0.5946881222724915,
      0.5946919357776642,
      0.5946961116790771,
      0.5947006297111511,
      0.5947054529190063,
      0.5947105360031127,
      0.5947158372402191,
      0.5947213530540466,
      0.594727053642273,
      0.5947329092025757,
      0.5947388660907745,
      0.5947449052333832,
      0.5947510302066803,
      0.5947571814060211,
      0.5947633600234985,
      0.5947695481777191,
      0.594775755405426,
      0.5947819340229035,
      0.5947880864143371
    ],
    "sample_count": 50
  },
  "graph_discov_total_loss": {
    "mean_curve": [
      1.0093139171600343,
      0.9267141842842102,
      0.831269463300705,
      0.746945366859436,
      0.6768111038208008,
      0.6217845463752747,
      0.5744565379619598,
      0.533913015127182,
      0.5036887323856354,
      0.47991429567337035,
      0.45384115815162657,
      0.43327747225761415,
      0.41654478549957275,
      0.39829530715942385,
      0.3853475791215897,
      0.37183922827243804,
      0.35932463586330415,
      0.34915180087089537,
      0.33800623774528504,
      0.32928512096405027,
      0.32150358974933624,
      0.314697333574295,
      0.3065598875284195,
      0.3005752980709076,
      0.29310155034065244,
      0.2870029252767563,
      0.2811229664087296,
      0.27551172375679017,
      0.2712543746829033,
      0.26684019058942793,
      0.26247179836034773,
      0.25874812960624693,
      0.2543644368648529,
      0.2502534198760986,
      0.24770806193351746,
      0.24501214921474457,
      0.24126530081033706,
      0.2370545244216919,
      0.23555734843015672,
      0.23418213218450545,
      0.2305246275663376,
      0.22769711881875992,
      0.2264099407196045,
      0.22455234825611115,
      0.22178818583488463,
      0.2192220586538315,
      0.21789655297994615,
      0.21564386218786238,
      0.21460660219192504,
      0.21250391364097596,
      0.21117615967988967,
      0.2101322031021118,
      0.20857942402362822,
      0.2068633270263672,
      0.2060778918862343,
      0.20484543710947037,
      0.20396278023719788,
      0.20236387550830842,
      0.20169430404901503,
      0.2007052120566368,
      0.19884653478860856,
      0.1981343975663185,
      0.19746497839689256,
      0.19648690432310104
    ],
    "sample_count": 50
  },
  "latent_data_pred_loss": {
    "mean_curve": [
      1.0340021991729735,
      0.9439950454235077,
      0.8529947888851166,
      0.7648795676231385,
      0.6779335701465606,
      0.6138406932353974,
      0.5638649022579193,
      0.5182246404886246,
      0.48195360481739047,
      0.45215950787067416,
      0.42333150923252105,
      0.40146670520305633,
      0.3827800124883652,
      0.3636872601509094,
      0.3505961734056473,
      0.33612357258796693,
      0.3239372855424881,
      0.31332948625087736,
      0.3016985493898392,
      0.2933319181203842,
      0.29072196304798126,
      0.28275911271572113,
      0.2744606527686119,
      0.2678107088804245,
      0.2618130958080292,
      0.25540768802165986,
      0.25048296064138414,
      0.24594165235757828,
      0.24166448384523392,
      0.23748365700244903,
      0.2330100068449974,
      0.22980375081300736,
      0.22618364810943603,
      0.22259521394968032,
      0.2202033904194832,
      0.21725183814764024,
      0.21417667508125304,
      0.21052843272686006,
      0.20873515993356706,
      0.20763608753681184,
      0.2040822222828865,
      0.20252388536930085,
      0.20147735267877578,
      0.1993211829662323,
      0.19721863389015198,
      0.19579088270664216,
      0.1935901004076004,
      0.19164504945278169,
      0.19138802647590636,
      0.1903955152630806,
      0.18873706042766572,
      0.18681054711341857,
      0.18691533625125886,
      0.1857908684015274,
      0.184540975689888,
      0.18321146965026855,
      0.18267141073942184,
      0.18124870866537093,
      0.1818426015973091,
      0.17942038893699647,
      0.17878399401903153,
      0.1779668989777565,
      0.17791906744241714,
      0.17720974415540694
    ],
    "sample_count": 50
  }
}
