{
  "joint_train_loss": [
    2.0866182669997215,
    2.067094571888447,
    2.0513800978660583,
    2.034109614789486,
    2.018583744764328,
    2.0056203827261925,
    1.9927211850881577,
    1.9790982753038406,
    1.9693643525242805,
    1.9574359953403473
  ],
  "joint_val_loss": [
    1.0072022676467896,
    1.0041643381118774,
    1.0017633438110352,
    0.9999538660049438,
    0.998681902885437,
    0.9978552460670471,
    0.9973803162574768,
    0.9971489906311035,
    0.997053861618042,
    0.9969918727874756
  ],
  "reconstruction_train_loss": [
    1.2479216009378433,
    1.2278186678886414,
    1.207963265478611,
    1.1901341527700424,
    1.1683823764324188,
    1.1518248319625854,
    1.1335243806242943,
    1.1155147701501846,
    1.0990678369998932,
    1.0829015746712685
  ],
  "reconstruction_val_loss": [
    1.150902509689331,
    1.1306673288345337,
    1.111061930656433,
    1.0920908451080322,
    1.0737866163253784,
    1.0562571287155151,
    1.0394914150238037,
    1.0234665870666504,
    1.0081074237823486,
    0.9932882189750671
  ]
}
