{
  "accuracy": 0.924072265625,
  "auprc": 0.07613644951162803,
  "auroc": 0.5017895143717586,
  "dataset": "simulated_EEG_68_static_v2",
  "f1": 0.0,
  "ground_truth_edges": 311,
  "hidden_variable_count": 4,
  "mode": "latent",
  "native_binary_accuracy": 0.88232421875,
  "native_binary_f1": 0.05859375,
  "native_binary_shd": 474,
  "num_variables": 64,
  "observed_variable_count": 64,
  "predicted_edges": 0,
  "runtime_sec": 58.054572141263634,
  "sample_id": "sample_00263",
  "sequence_length": 1000,
  "shd": 311,
  "split": "test",
  "threshold": 300.00000000000006
}
