{
  "joint_train_loss": [
    2.0886038318276405,
    2.072090618312359,
    2.053507938981056,
    2.0383142083883286,
    2.024325706064701,
    2.011634185910225,
    1.995901606976986,
    1.985268421471119,
    1.974384106695652,
    1.9630576819181442
  ],
  "joint_val_loss": [
    1.007503867149353,
    1.0045133829116821,
    1.0021549463272095,
    1.0003994703292847,
    0.9991844892501831,
    0.9984210133552551,
    0.9980096817016602,
    0.9978439211845398,
    0.9978160262107849,
    0.997830331325531
  ],
  "reconstruction_train_loss": [
    1.2465467602014542,
    1.227143108844757,
    1.208077810704708,
    1.1892209500074387,
    1.1698787584900856,
    1.1517725586891174,
    1.1339547485113144,
    1.1171153038740158,
    1.1018338799476624,
    1.0856276005506516
  ],
  "reconstruction_val_loss": [
    1.150267243385315,
    1.130380630493164,
    1.111190676689148,
    1.092625617980957,
    1.0747387409210205,
    1.057603359222412,
    1.0412410497665405,
    1.0255717039108276,
    1.0105137825012207,
    0.996041476726532
  ]
}
