{
  "accuracy": 0.924072265625,
  "auprc": 0.0802085031877267,
  "auroc": 0.5203319925072315,
  "dataset": "simulated_EEG_68_static_v2",
  "f1": 0.0,
  "ground_truth_edges": 311,
  "hidden_variable_count": 4,
  "mode": "latent",
  "native_binary_accuracy": 0.8828125,
  "native_binary_f1": 0.058823529411764705,
  "native_binary_shd": 468,
  "num_variables": 64,
  "observed_variable_count": 64,
  "predicted_edges": 0,
  "runtime_sec": 56.11283789342269,
  "sample_id": "sample_00271",
  "sequence_length": 1000,
  "shd": 311,
  "split": "test",
  "threshold": 300.00000000000006
}
