{
  "graph_discov_data_loss": [
    0.9607476592063904,
    0.892048716545105,
    0.7633960247039795,
    0.7280874848365784,
    0.6181260347366333,
    0.5662007331848145,
    0.5142865777015686,
    0.48545414209365845,
    0.4531515836715698,
    0.4269421696662903,
    0.40613847970962524,
    0.3844657838344574,
    0.38352328538894653,
    0.35476788878440857,
    0.3460577130317688,
    0.3254784941673279,
    0.3297703266143799,
    0.3103249669075012,
    0.3096234202384949,
    0.2992887794971466,
    0.29595208168029785,
    0.28014934062957764,
    0.27298402786254883,
    0.27684640884399414,
    0.26438790559768677,
    0.26243558526039124,
    0.2545289099216461,
    0.24893823266029358,
    0.2541038691997528,
    0.2435508370399475,
    0.2400849610567093,
    0.23649711906909943,
    0.23346102237701416,
    0.2289470136165619,
    0.2319389283657074,
    0.2304096221923828,
    0.22391538321971893,
    0.22472867369651794,
    0.2202991247177124,
    0.21730481088161469,
    0.21714018285274506,
    0.2112787812948227,
    0.20997920632362366,
    0.21258129179477692,
    0.2047688215970993,
    0.2010418176651001,
    0.20583850145339966,
    0.20075784623622894,
    0.20142370462417603,
    0.19817087054252625,
    0.20067359507083893,
    0.19832095503807068,
    0.1956305205821991,
    0.19377022981643677,
    0.19681838154792786,
    0.19641312956809998,
    0.1957104206085205,
    0.1900234818458557,
    0.19430634379386902,
    0.18952906131744385,
    0.19302722811698914,
    0.19348447024822235,
    0.1884119063615799,
    0.19076737761497498
  ],
  "graph_discov_sparsity_loss": [
    0.622459352016449,
    0.6223183274269104,
    0.6221935153007507,
    0.6220781803131104,
    0.6219730973243713,
    0.621874213218689,
    0.6217780113220215,
    0.6216838955879211,
    0.6215922832489014,
    0.6215038299560547,
    0.6214185953140259,
    0.6213383674621582,
    0.6212630867958069,
    0.6211930513381958,
    0.6211276054382324,
    0.6210664510726929,
    0.6210092902183533,
    0.6209566593170166,
    0.6209079623222351,
    0.6208629608154297,
    0.5948923826217651,
    0.594866156578064,
    0.5948410034179688,
    0.5948185920715332,
    0.5947984457015991,
    0.5947800874710083,
    0.5947635173797607,
    0.5947492122650146,
    0.5947363376617432,
    0.5947251319885254,
    0.5947155952453613,
    0.5947075486183167,
    0.5947006344795227,
    0.5946950912475586,
    0.5946907997131348,
    0.5946874618530273,
    0.594684898853302,
    0.5946832895278931,
    0.5946823358535767,
    0.594681978225708,
    0.5946823954582214,
    0.5946837663650513,
    0.5946855545043945,
    0.5946880578994751,
    0.5946913361549377,
    0.594694972038269,
    0.5946987867355347,
    0.5947028994560242,
    0.5947072505950928,
    0.5947118401527405,
    0.5947166681289673,
    0.5947216749191284,
    0.594727098941803,
    0.5947326421737671,
    0.594738245010376,
    0.5947438478469849,
    0.5947495698928833,
    0.5947554111480713,
    0.5947612524032593,
    0.5947672128677368,
    0.5947732925415039,
    0.5947792530059814,
    0.5947850942611694,
    0.5947909355163574
  ],
  "graph_discov_total_loss": [
    1.022993564605713,
    0.9520813822746277,
    0.8212956190109253,
    0.7839306592941284,
    0.6719866991043091,
    0.6181497573852539,
    0.56439208984375,
    0.5337816476821899,
    0.49976444244384766,
    0.47190138697624207,
    0.44950297474861145,
    0.42629244923591614,
    0.42386695742607117,
    0.39368149638175964,
    0.3835922181606293,
    0.36168304085731506,
    0.36469224095344543,
    0.3440099358558655,
    0.34211549162864685,
    0.330630362033844,
    0.3249213993549347,
    0.30809369683265686,
    0.29993975162506104,
    0.30284857749938965,
    0.2894703447818756,
    0.28663089871406555,
    0.2778685688972473,
    0.27145254611968994,
    0.27582210302352905,
    0.2645011842250824,
    0.260294646024704,
    0.2559923529624939,
    0.25226712226867676,
    0.24708835780620575,
    0.2494390606880188,
    0.24729123711585999,
    0.24020035564899445,
    0.24043811857700348,
    0.23545339703559875,
    0.23192355036735535,
    0.2312423288822174,
    0.2248826026916504,
    0.22310233116149902,
    0.22524072229862213,
    0.2169809639453888,
    0.21282246708869934,
    0.21720291674137115,
    0.21172073483467102,
    0.21199926733970642,
    0.2083727866411209,
    0.2105150669813156,
    0.20781472325325012,
    0.20478887856006622,
    0.20260502398014069,
    0.20534105598926544,
    0.20463469624519348,
    0.20364153385162354,
    0.19767439365386963,
    0.20168696343898773,
    0.19664892554283142,
    0.19989556074142456,
    0.20011015236377716,
    0.19480350613594055,
    0.19693318009376526
  ],
  "latent_data_pred_loss": [
    1.0418630838394165,
    0.96853107213974,
    0.8347688913345337,
    0.8024572134017944,
    0.6898343563079834,
    0.6136218309402466,
    0.5468107461929321,
    0.5168951153755188,
    0.47090378403663635,
    0.44849759340286255,
    0.4205605387687683,
    0.3990718722343445,
    0.3939017653465271,
    0.36240726709365845,
    0.34504035115242004,
    0.3251999318599701,
    0.3235993981361389,
    0.31178998947143555,
    0.30388355255126953,
    0.2907918691635132,
    0.29091379046440125,
    0.27905941009521484,
    0.2734116017818451,
    0.26565438508987427,
    0.2533304691314697,
    0.2527880072593689,
    0.24501067399978638,
    0.2414696216583252,
    0.2437862753868103,
    0.23721948266029358,
    0.2261739820241928,
    0.2264270782470703,
    0.22118012607097626,
    0.2135436236858368,
    0.21988952159881592,
    0.2133968025445938,
    0.21123303472995758,
    0.21166154742240906,
    0.20723626017570496,
    0.2053845226764679,
    0.20257778465747833,
    0.1987241506576538,
    0.19111815094947815,
    0.19547508656978607,
    0.19356314837932587,
    0.18852396309375763,
    0.190933957695961,
    0.18761104345321655,
    0.18484944105148315,
    0.18791410326957703,
    0.18950527906417847,
    0.18104568123817444,
    0.1839771419763565,
    0.18363520503044128,
    0.1820734143257141,
    0.18149863183498383,
    0.17974646389484406,
    0.174004465341568,
    0.17599111795425415,
    0.17935539782047272,
    0.17904064059257507,
    0.17788147926330566,
    0.17629313468933105,
    0.1773943156003952
  ]
}
