{
  "graph_discov_data_loss": [
    0.9204782247543335,
    0.8596983551979065,
    0.7616502046585083,
    0.6728109121322632,
    0.6016647219657898,
    0.5543151497840881,
    0.49661704897880554,
    0.46988776326179504,
    0.45218390226364136,
    0.4397584795951843,
    0.40777379274368286,
    0.3784368336200714,
    0.37248367071151733,
    0.33644238114356995,
    0.33983278274536133,
    0.33591848611831665,
    0.32664918899536133,
    0.32266831398010254,
    0.314919650554657,
    0.30040255188941956,
    0.2922164797782898,
    0.2909015417098999,
    0.27878338098526,
    0.26926231384277344,
    0.2699764370918274,
    0.26733139157295227,
    0.2571447193622589,
    0.2553251087665558,
    0.24551326036453247,
    0.24114449322223663,
    0.2410019338130951,
    0.2492169439792633,
    0.23877805471420288,
    0.23923006653785706,
    0.2358493208885193,
    0.23322650790214539,
    0.22813886404037476,
    0.2210690677165985,
    0.2265738546848297,
    0.22443386912345886,
    0.21766039729118347,
    0.21211934089660645,
    0.22440846264362335,
    0.22363106906414032,
    0.21344666182994843,
    0.21591873466968536,
    0.20634596049785614,
    0.21462392807006836,
    0.20767265558242798,
    0.20518125593662262,
    0.20758628845214844,
    0.20687708258628845,
    0.19987207651138306,
    0.2048444300889969,
    0.20501428842544556,
    0.2022249400615692,
    0.19753190875053406,
    0.1998061239719391,
    0.19778555631637573,
    0.19617801904678345,
    0.20190580189228058,
    0.1983436495065689,
    0.1926424205303192,
    0.192858025431633
  ],
  "graph_discov_sparsity_loss": [
    0.622459352016449,
    0.6223250031471252,
    0.6222047805786133,
    0.6220966577529907,
    0.6219965815544128,
    0.6219004392623901,
    0.6218075752258301,
    0.621717095375061,
    0.6216287612915039,
    0.6215442419052124,
    0.6214634776115417,
    0.6213870644569397,
    0.6213160753250122,
    0.6212500333786011,
    0.6211888790130615,
    0.621131956577301,
    0.62107914686203,
    0.6210306286811829,
    0.6209861040115356,
    0.6209450960159302,
    0.5949090719223022,
    0.5948861837387085,
    0.594863772392273,
    0.5948421955108643,
    0.5948232412338257,
    0.5948062539100647,
    0.5947911739349365,
    0.5947774648666382,
    0.5947660207748413,
    0.5947561860084534,
    0.5947473645210266,
    0.5947399139404297,
    0.5947335958480835,
    0.5947282910346985,
    0.5947235822677612,
    0.5947194695472717,
    0.5947162508964539,
    0.5947138071060181,
    0.5947120189666748,
    0.5947108864784241,
    0.5947107076644897,
    0.5947109460830688,
    0.5947116613388062,
    0.5947132110595703,
    0.5947147607803345,
    0.5947168469429016,
    0.5947191715240479,
    0.5947218537330627,
    0.5947247743606567,
    0.5947278738021851,
    0.5947310924530029,
    0.5947346687316895,
    0.5947383642196655,
    0.5947422385215759,
    0.594746470451355,
    0.5947508215904236,
    0.5947550535202026,
    0.5947596430778503,
    0.5947642922401428,
    0.5947690010070801,
    0.5947736501693726,
    0.5947783589363098,
    0.5947830677032471,
    0.5947877764701843
  ],
  "graph_discov_total_loss": [
    0.9827241897583008,
    0.9197316765785217,
    0.8195508718490601,
    0.7286557555198669,
    0.6555274128913879,
    0.6062663793563843,
    0.5467249155044556,
    0.5182178616523743,
    0.49879947304725647,
    0.4847206175327301,
    0.4511414170265198,
    0.4202667772769928,
    0.41283079981803894,
    0.37535956501960754,
    0.37737101316452026,
    0.37212684750556946,
    0.36157503724098206,
    0.35635730624198914,
    0.3474158048629761,
    0.33174827694892883,
    0.3211866319179535,
    0.31884685158729553,
    0.3057401180267334,
    0.2952655255794525,
    0.2950599193572998,
    0.29152777791023254,
    0.28048545122146606,
    0.2778404951095581,
    0.2672325670719147,
    0.26209592819213867,
    0.26121267676353455,
    0.26871323585510254,
    0.25758516788482666,
    0.2573724091053009,
    0.2533504068851471,
    0.2501090168952942,
    0.24442468583583832,
    0.2367793172597885,
    0.24172888696193695,
    0.23905330896377563,
    0.23176321387290955,
    0.22572378814220428,
    0.23753216862678528,
    0.2362910360097885,
    0.22565928101539612,
    0.22769981622695923,
    0.21771076321601868,
    0.2255871742963791,
    0.21824851632118225,
    0.21538344025611877,
    0.21742799878120422,
    0.2163710594177246,
    0.2090306133031845,
    0.21367937326431274,
    0.2135370820760727,
    0.21044661104679108,
    0.20546309649944305,
    0.20745709538459778,
    0.20516620576381683,
    0.2032979130744934,
    0.208774134516716,
    0.20496933162212372,
    0.19903400540351868,
    0.1990237981081009
  ],
  "latent_data_pred_loss": [
    1.0086246728897095,
    0.9351459741592407,
    0.8385301828384399,
    0.749578595161438,
    0.6634371876716614,
    0.5956676006317139,
    0.522750973701477,
    0.5075501203536987,
    0.47724664211273193,
    0.4574682116508484,
    0.4305744767189026,
    0.38275760412216187,
    0.3794724941253662,
    0.337488055229187,
    0.3395254611968994,
    0.33209294080734253,
    0.31954339146614075,
    0.3169522285461426,
    0.30645468831062317,
    0.29472804069519043,
    0.28922390937805176,
    0.2787399888038635,
    0.26999419927597046,
    0.2613188624382019,
    0.2644748091697693,
    0.2543807029724121,
    0.24205641448497772,
    0.249626025557518,
    0.23452264070510864,
    0.23157998919487,
    0.2287599742412567,
    0.2329411804676056,
    0.23001711070537567,
    0.2229847013950348,
    0.22255535423755646,
    0.21669353544712067,
    0.21966764330863953,
    0.21538224816322327,
    0.20732605457305908,
    0.21313774585723877,
    0.20826025307178497,
    0.20145562291145325,
    0.20898887515068054,
    0.20694281160831451,
    0.20114880800247192,
    0.20054735243320465,
    0.20260632038116455,
    0.1962006688117981,
    0.19931477308273315,
    0.19903244078159332,
    0.19927579164505005,
    0.19243386387825012,
    0.18705356121063232,
    0.19821898639202118,
    0.19168101251125336,
    0.1955614537000656,
    0.18477050960063934,
    0.18654268980026245,
    0.18491488695144653,
    0.17827363312244415,
    0.18804433941841125,
    0.18694309890270233,
    0.18188899755477905,
    0.17508696019649506
  ]
}
