{
  "joint_train_loss": [
    2.090534806251526,
    2.0728616565465927,
    2.052615135908127,
    2.037079319357872,
    2.0211940184235573,
    2.0057767182588577,
    1.9897947758436203,
    1.9785110801458359,
    1.9670329466462135,
    1.951882727444172
  ],
  "joint_val_loss": [
    1.0082283020019531,
    1.0042868852615356,
    1.0009435415267944,
    0.9981757998466492,
    0.9959583878517151,
    0.9942224621772766,
    0.9928772449493408,
    0.9918311238288879,
    0.9909961223602295,
    0.9902767539024353
  ],
  "reconstruction_train_loss": [
    1.2524969726800919,
    1.2334025502204895,
    1.2101451084017754,
    1.1953902319073677,
    1.1754497066140175,
    1.1568207070231438,
    1.1385480985045433,
    1.120837651193142,
    1.104170300066471,
    1.0881693065166473
  ],
  "reconstruction_val_loss": [
    1.1432875394821167,
    1.123223066329956,
    1.1039791107177734,
    1.085450291633606,
    1.0675839185714722,
    1.0504604578018188,
    1.033905267715454,
    1.0180641412734985,
    1.0028096437454224,
    0.9880881309509277
  ]
}
