{
  "joint_train_loss": [
    2.080301508307457,
    2.0602989718317986,
    2.0408927127718925,
    2.022430941462517,
    2.0041326731443405,
    1.9869436398148537,
    1.974132940173149,
    1.9588259607553482,
    1.9477569609880447,
    1.9338152781128883
  ],
  "joint_val_loss": [
    1.009308099746704,
    1.0053672790527344,
    1.0020195245742798,
    0.9992352724075317,
    0.9969842433929443,
    0.9952026009559631,
    0.9938056468963623,
    0.9926960468292236,
    0.9917847514152527,
    0.9909828305244446
  ],
  "reconstruction_train_loss": [
    1.248087301850319,
    1.2303480505943298,
    1.2094340696930885,
    1.1892901957035065,
    1.1678329557180405,
    1.14994665235281,
    1.1278637573122978,
    1.1138704791665077,
    1.0935851484537125,
    1.0784340873360634
  ],
  "reconstruction_val_loss": [
    1.1395888328552246,
    1.1189848184585571,
    1.0991405248641968,
    1.0799970626831055,
    1.061514139175415,
    1.0436456203460693,
    1.0263961553573608,
    1.0097265243530273,
    0.993613600730896,
    0.9780113101005554
  ]
}
