{
  "joint_train_loss": [
    2.086889922618866,
    2.0698476806282997,
    2.0515231043100357,
    2.0332977697253227,
    2.0199676007032394,
    2.00152650475502,
    1.989926517009735,
    1.9751450717449188,
    1.9631207585334778,
    1.952960081398487
  ],
  "joint_val_loss": [
    1.0120654106140137,
    1.0083547830581665,
    1.0052534341812134,
    1.0027389526367188,
    1.0007824897766113,
    0.9993144273757935,
    0.9982448816299438,
    0.9974815845489502,
    0.9969378709793091,
    0.9965078234672546
  ],
  "reconstruction_train_loss": [
    1.255313292145729,
    1.2324690222740173,
    1.2103616446256638,
    1.1903466805815697,
    1.1715404763817787,
    1.1515608951449394,
    1.134319081902504,
    1.1182749420404434,
    1.0989310815930367,
    1.083569511771202
  ],
  "reconstruction_val_loss": [
    1.1420601606369019,
    1.1219061613082886,
    1.1025365591049194,
    1.083888292312622,
    1.065934658050537,
    1.048621654510498,
    1.0319074392318726,
    1.015839695930481,
    1.0003072023391724,
    0.985285222530365
  ]
}
