{
  "joint_train_loss": [
    2.087780587375164,
    2.0687700659036636,
    2.051194980740547,
    2.034774124622345,
    2.0205943286418915,
    2.0077326595783234,
    1.994027927517891,
    1.9809150621294975,
    1.9695713892579079,
    1.9595861732959747
  ],
  "joint_val_loss": [
    1.007257103919983,
    1.0041399002075195,
    1.0016441345214844,
    0.9997336864471436,
    0.9983580112457275,
    0.9974254965782166,
    0.9968430399894714,
    0.9965065121650696,
    0.9963095188140869,
    0.9961510300636292
  ],
  "reconstruction_train_loss": [
    1.2488782554864883,
    1.2270082831382751,
    1.2082633897662163,
    1.1899361610412598,
    1.1695876568555832,
    1.1541367545723915,
    1.1343792825937271,
    1.1165044084191322,
    1.1007312089204788,
    1.0855284929275513
  ],
  "reconstruction_val_loss": [
    1.1513055562973022,
    1.1311577558517456,
    1.1116292476654053,
    1.092776894569397,
    1.0745917558670044,
    1.0571337938308716,
    1.0404670238494873,
    1.0245176553726196,
    1.0092098712921143,
    0.9945124387741089
  ]
}
