{
  "joint_train_loss": [
    2.0904122814536095,
    2.0665616020560265,
    2.0494073629379272,
    2.0303623899817467,
    2.0127878561615944,
    1.9967996180057526,
    1.983108177781105,
    1.9658066183328629,
    1.957127332687378,
    1.9415734931826591
  ],
  "joint_val_loss": [
    1.0081629753112793,
    1.0040690898895264,
    1.0005652904510498,
    0.997635543346405,
    0.9952309131622314,
    0.9933062195777893,
    0.9917714595794678,
    0.9905383586883545,
    0.9895092248916626,
    0.988595187664032
  ],
  "reconstruction_train_loss": [
    1.256054773926735,
    1.235053837299347,
    1.209697611629963,
    1.194515198469162,
    1.174482673406601,
    1.1561547741293907,
    1.1369832009077072,
    1.1187188625335693,
    1.1011311039328575,
    1.0845710560679436
  ],
  "reconstruction_val_loss": [
    1.1420996189117432,
    1.1219500303268433,
    1.1025418043136597,
    1.0838063955307007,
    1.065792441368103,
    1.0484259128570557,
    1.0316725969314575,
    1.0154575109481812,
    0.9998236298561096,
    0.9846395254135132
  ]
}
