{
  "joint_train_loss": [
    2.0831829234957695,
    2.0629463866353035,
    2.0451475232839584,
    2.0281499177217484,
    2.0077686235308647,
    1.9922047480940819,
    1.9770708084106445,
    1.9638178199529648,
    1.948587842285633,
    1.9386793300509453
  ],
  "joint_val_loss": [
    1.0103014707565308,
    1.0064009428024292,
    1.0031044483184814,
    1.0003759860992432,
    0.9981894493103027,
    0.9964829087257385,
    0.9951667189598083,
    0.9941475987434387,
    0.9933335781097412,
    0.9926396012306213
  ],
  "reconstruction_train_loss": [
    1.2544560581445694,
    1.2315052151679993,
    1.2135222256183624,
    1.1883066594600677,
    1.1706660315394402,
    1.1505275592207909,
    1.1299223527312279,
    1.1129605993628502,
    1.1000144854187965,
    1.07793428003788
  ],
  "reconstruction_val_loss": [
    1.1416066884994507,
    1.1209362745285034,
    1.1010100841522217,
    1.0818126201629639,
    1.0633002519607544,
    1.0454429388046265,
    1.0281774997711182,
    1.0114895105361938,
    0.9953636527061462,
    0.9796737432479858
  ]
}
