{
  "accuracy": 0.924072265625,
  "auprc": 0.23839749559990514,
  "auroc": 0.7818449030909793,
  "dataset": "simulated_EEG_68_static_v2",
  "f1": 0.0,
  "ground_truth_edges": 311,
  "hidden_variable_count": 4,
  "mode": "latent",
  "num_variables": 64,
  "observed_variable_count": 64,
  "predicted_edges": 0,
  "runtime_sec": 67.07407455891371,
  "sample_id": "sample_00242",
  "sequence_length": 1000,
  "shd": 311,
  "split": "test",
  "threshold": 0.50242817401886
}
