{
  "joint_train_loss": {
    "mean_curve": [
      2.088905807584524,
      2.0703848886489866,
      2.051682507842779,
      2.0341611236333845,
      2.017366844713688,
      2.0023224183917048,
      1.9888786669075489,
      1.974760694205761,
      1.963167218118906,
      1.951114275753498
    ],
    "sample_count": 50
  },
  "joint_val_loss": {
    "mean_curve": [
      1.0102552962303162,
      1.0064439868927002,
      1.0032322669029237,
      1.0005920290946961,
      0.998485723733902,
      0.9968497812747955,
      0.9955987131595612,
      0.9946392834186554,
      0.9938756120204926,
      0.9932143747806549
    ],
    "sample_count": 50
  },
  "reconstruction_train_loss": {
    "mean_curve": [
      1.2535603576898575,
      1.2321434852480888,
      1.2102799905836583,
      1.1913517479598523,
      1.1723038877546788,
      1.1535862864553927,
      1.1346173720061778,
      1.1184434424340726,
      1.1008568178117275,
      1.0843090048432351
    ],
    "sample_count": 50
  },
  "reconstruction_val_loss": {
    "mean_curve": [
      1.1427055788040161,
      1.1225051641464234,
      1.103081443309784,
      1.0843603944778442,
      1.0663482785224914,
      1.0489950489997864,
      1.032268497943878,
      1.0161571979522706,
      1.0006239330768585,
      0.9856115198135376
    ],
    "sample_count": 50
  }
}
