{
  "aggregate": {
    "accuracy": {
      "max": 0.96484375,
      "mean": 0.96484375,
      "min": 0.96484375,
      "std": 0.0
    },
    "auprc": {
      "max": 0.09974589729340268,
      "mean": 0.07685022124980333,
      "min": 0.06023424006397714,
      "std": 0.009068933831678413
    },
    "auroc": {
      "max": 0.7006420799595142,
      "mean": 0.6339375281151597,
      "min": 0.5959131100989654,
      "std": 0.023958592935083987
    },
    "f1": {
      "max": 0.0,
      "mean": 0.0,
      "min": 0.0,
      "std": 0.0
    },
    "runtime_sec": {
      "max": 1.2946031037718058,
      "mean": 0.5212422508653254,
      "min": 0.46378594590350986,
      "std": 0.11673861114093256
    },
    "runtime_sec_total": 26.062112543266267,
    "shd": {
      "max": 144.0,
      "mean": 144.0,
      "min": 144.0,
      "std": 0.0
    },
    "threshold_accuracy": 0.96484375,
    "wall_clock_sec_total": 45.03583837393671
  },
  "baseline": "uncle",
  "dataset": "simulated_fMRI",
  "loss_curve_note": null,
  "mode": "latent",
  "native_binary_available": false,
  "num_samples": 50,
  "split": "test",
  "threshold": {
    "accuracy": 0.96484375,
    "num_edges": 204800,
    "rule": "binary_graph = (score_matrix >= threshold)",
    "threshold": 0.03617477416992188
  }
}
