{
  "accuracy": 0.9166666666666666,
  "auprc": 0.4166666666666667,
  "auroc": 0.8787878787878788,
  "dataset": "nc8",
  "f1": 0.4,
  "ground_truth_edges": 3,
  "hidden_variable_count": 2,
  "mode": "latent",
  "num_variables": 6,
  "observed_variable_count": 6,
  "predicted_edges": 2,
  "runtime_sec": 105.78637814801186,
  "sample_id": "replica_001",
  "sequence_length": 2000,
  "shd": 3,
  "split": null,
  "threshold": 15.553706645965576
}
