{
  "accuracy": 0.9166666666666666,
  "auprc": 0.4666666666666666,
  "auroc": 0.9242424242424242,
  "dataset": "nc8",
  "f1": 0.0,
  "ground_truth_edges": 3,
  "hidden_variable_count": 2,
  "mode": "latent",
  "native_binary_accuracy": 0.3888888888888889,
  "native_binary_f1": 0.21428571428571425,
  "native_binary_shd": 22,
  "num_variables": 6,
  "observed_variable_count": 6,
  "predicted_edges": 0,
  "runtime_sec": 2.6645264117978513,
  "sample_id": "replica_002",
  "sequence_length": 2000,
  "shd": 3,
  "split": null,
  "threshold": 300.00000000000006
}
