{
  "graph_discov_data_loss": [
    0.8914139866828918,
    0.8710997104644775,
    0.7938076257705688,
    0.7357028126716614,
    0.6763142347335815,
    0.6133643388748169,
    0.5969675779342651,
    0.5203841924667358,
    0.5011310577392578,
    0.47869110107421875,
    0.459362268447876,
    0.45702219009399414,
    0.43568944931030273,
    0.3946992754936218,
    0.3936117887496948,
    0.3660469353199005,
    0.3682362735271454,
    0.3469245433807373,
    0.347724586725235,
    0.32432132959365845,
    0.31957197189331055,
    0.32549524307250977,
    0.3114674389362335,
    0.31241530179977417,
    0.2939911484718323,
    0.2968255877494812,
    0.28667333722114563,
    0.27546799182891846,
    0.2797855734825134,
    0.26522815227508545,
    0.2698560953140259,
    0.272170752286911,
    0.26148489117622375,
    0.2506631910800934,
    0.25595003366470337,
    0.2547172009944916,
    0.2517625689506531,
    0.2454838752746582,
    0.24068844318389893,
    0.23708228766918182,
    0.23834528028964996,
    0.23120996356010437,
    0.2363889217376709,
    0.2306438684463501,
    0.2138640433549881,
    0.22183376550674438,
    0.22573435306549072,
    0.22272829711437225,
    0.22051867842674255,
    0.21496933698654175,
    0.22129611670970917,
    0.21852347254753113,
    0.21579566597938538,
    0.21063201129436493,
    0.21154749393463135,
    0.21083244681358337,
    0.21587076783180237,
    0.21046286821365356,
    0.20822176337242126,
    0.2068067491054535,
    0.2053530216217041,
    0.20713649690151215,
    0.1977548450231552,
    0.20704707503318787
  ],
  "graph_discov_sparsity_loss": [
    0.622459352016449,
    0.6223140358924866,
    0.6221871972084045,
    0.622069776058197,
    0.6219598054885864,
    0.6218512058258057,
    0.6217458248138428,
    0.6216440200805664,
    0.621545672416687,
    0.6214510798454285,
    0.6213613152503967,
    0.6212775707244873,
    0.6211991906166077,
    0.621125340461731,
    0.6210564374923706,
    0.6209920048713684,
    0.6209319829940796,
    0.6208760738372803,
    0.6208238005638123,
    0.6207756996154785,
    0.5948747396469116,
    0.5948429107666016,
    0.5948171615600586,
    0.5947916507720947,
    0.5947683453559875,
    0.5947463512420654,
    0.5947265028953552,
    0.5947084426879883,
    0.5946919322013855,
    0.5946769118309021,
    0.5946632623672485,
    0.5946511030197144,
    0.5946407318115234,
    0.5946316719055176,
    0.5946235656738281,
    0.5946165323257446,
    0.5946106314659119,
    0.5946061611175537,
    0.5946027636528015,
    0.5946004390716553,
    0.5945988893508911,
    0.5945982933044434,
    0.5945984721183777,
    0.5945998430252075,
    0.5946017503738403,
    0.5946040749549866,
    0.594606876373291,
    0.5946100950241089,
    0.5946137309074402,
    0.5946178436279297,
    0.5946223735809326,
    0.5946271419525146,
    0.5946322083473206,
    0.5946375131607056,
    0.5946428775787354,
    0.5946484804153442,
    0.5946543216705322,
    0.5946601629257202,
    0.5946661233901978,
    0.5946720838546753,
    0.5946779847145081,
    0.5946840047836304,
    0.5946898460388184,
    0.5946958065032959
  ],
  "graph_discov_total_loss": [
    0.9536598920822144,
    0.9311319589614868,
    0.8517066240310669,
    0.7915452122688293,
    0.7301737070083618,
    0.6653114557266235,
    0.6470704674720764,
    0.568708598613739,
    0.5477403998374939,
    0.5236465334892273,
    0.5027227401733398,
    0.4988447427749634,
    0.4760289788246155,
    0.43360865116119385,
    0.43114200234413147,
    0.4022471308708191,
    0.40315383672714233,
    0.38060516119003296,
    0.3802122473716736,
    0.35565850138664246,
    0.34854042530059814,
    0.35343852639198303,
    0.3384220600128174,
    0.33841627836227417,
    0.31907230615615845,
    0.3210195302963257,
    0.31001153588294983,
    0.29798078536987305,
    0.30150216817855835,
    0.28617680072784424,
    0.2900639772415161,
    0.29166412353515625,
    0.28028908371925354,
    0.26880258321762085,
    0.2734481692314148,
    0.2715967893600464,
    0.2680455148220062,
    0.2611912786960602,
    0.2558406889438629,
    0.2516990303993225,
    0.25244542956352234,
    0.24481183290481567,
    0.24951012432575226,
    0.2433014214038849,
    0.22607433795928955,
    0.23361261188983917,
    0.23709701001644135,
    0.23368947207927704,
    0.23109257221221924,
    0.22516962885856628,
    0.2311360239982605,
    0.22801573574543,
    0.2249525636434555,
    0.21946540474891663,
    0.2200687974691391,
    0.21905270218849182,
    0.22380061447620392,
    0.21811255812644958,
    0.21560120582580566,
    0.21392548084259033,
    0.21222025156021118,
    0.2137611210346222,
    0.2041454315185547,
    0.21321189403533936
  ],
  "latent_data_pred_loss": [
    0.972069501876831,
    0.9508199691772461,
    0.8677942752838135,
    0.7997796535491943,
    0.7274706363677979,
    0.6619826555252075,
    0.6377653479576111,
    0.5541841387748718,
    0.526894748210907,
    0.510063886642456,
    0.47363483905792236,
    0.45958250761032104,
    0.4420776963233948,
    0.406093031167984,
    0.3999415934085846,
    0.36689493060112,
    0.37278616428375244,
    0.3451700210571289,
    0.34166884422302246,
    0.3175262212753296,
    0.3252827227115631,
    0.3253840506076813,
    0.30979204177856445,
    0.3030861020088196,
    0.29385989904403687,
    0.2825987637042999,
    0.27869582176208496,
    0.27034708857536316,
    0.2716112732887268,
    0.25924158096313477,
    0.2621750831604004,
    0.26095491647720337,
    0.2597864270210266,
    0.24624693393707275,
    0.24757257103919983,
    0.23833951354026794,
    0.24194693565368652,
    0.232108935713768,
    0.2304123342037201,
    0.23083704710006714,
    0.2245175838470459,
    0.22269567847251892,
    0.2182084619998932,
    0.21686424314975739,
    0.20681244134902954,
    0.21722304821014404,
    0.21322929859161377,
    0.21123456954956055,
    0.20788446068763733,
    0.20485569536685944,
    0.21172648668289185,
    0.20328289270401,
    0.20535549521446228,
    0.19918017089366913,
    0.19503997266292572,
    0.19133293628692627,
    0.19785186648368835,
    0.19582030177116394,
    0.1950860619544983,
    0.19116485118865967,
    0.19215571880340576,
    0.18886978924274445,
    0.18376709520816803,
    0.19247138500213623
  ]
}
