{
  "graph_discov_data_loss": [
    0.9613305330276489,
    0.8425147533416748,
    0.771491527557373,
    0.6745010614395142,
    0.6059625148773193,
    0.5584979057312012,
    0.5322320461273193,
    0.4880058169364929,
    0.4663234353065491,
    0.4495810866355896,
    0.421617329120636,
    0.39977318048477173,
    0.3942735195159912,
    0.3725734353065491,
    0.3601703643798828,
    0.3395911455154419,
    0.33564770221710205,
    0.3203822076320648,
    0.31055909395217896,
    0.3123396933078766,
    0.3054050803184509,
    0.2940855026245117,
    0.29072660207748413,
    0.29081112146377563,
    0.2907758057117462,
    0.27459394931793213,
    0.2732192873954773,
    0.2593969702720642,
    0.2625011205673218,
    0.2553875148296356,
    0.24919971823692322,
    0.24286481738090515,
    0.23828473687171936,
    0.23463279008865356,
    0.23207294940948486,
    0.2272721827030182,
    0.2306932806968689,
    0.2259017825126648,
    0.22612503170967102,
    0.22454111278057098,
    0.21824859082698822,
    0.21329806745052338,
    0.21332161128520966,
    0.2133454978466034,
    0.2120542824268341,
    0.20885080099105835,
    0.20212087035179138,
    0.20926451683044434,
    0.20320503413677216,
    0.20522071421146393,
    0.19652490317821503,
    0.1955166608095169,
    0.19944575428962708,
    0.1998538225889206,
    0.19240163266658783,
    0.19873261451721191,
    0.1941322386264801,
    0.19570621848106384,
    0.19243784248828888,
    0.1940530240535736,
    0.18775099515914917,
    0.1892504096031189,
    0.19056309759616852,
    0.18826474249362946
  ],
  "graph_discov_sparsity_loss": [
    0.622459352016449,
    0.6223224401473999,
    0.6221994161605835,
    0.6220889091491699,
    0.621984601020813,
    0.6218810081481934,
    0.6217777729034424,
    0.6216773986816406,
    0.6215819120407104,
    0.6214916706085205,
    0.6214073300361633,
    0.6213275790214539,
    0.621252715587616,
    0.6211833953857422,
    0.6211185455322266,
    0.6210577487945557,
    0.6210009455680847,
    0.620948076248169,
    0.6208989024162292,
    0.6208536624908447,
    0.5948903560638428,
    0.594862699508667,
    0.5948354005813599,
    0.5948102474212646,
    0.5947879552841187,
    0.5947680473327637,
    0.5947505235671997,
    0.5947350859642029,
    0.5947213768959045,
    0.594709038734436,
    0.5946986675262451,
    0.594689130783081,
    0.5946804285049438,
    0.5946733951568604,
    0.5946677327156067,
    0.5946630239486694,
    0.5946593284606934,
    0.5946569442749023,
    0.594655454158783,
    0.59465491771698,
    0.5946552157402039,
    0.5946561098098755,
    0.5946576595306396,
    0.5946595668792725,
    0.5946619510650635,
    0.5946645140647888,
    0.5946674942970276,
    0.5946704745292664,
    0.5946739315986633,
    0.5946778059005737,
    0.5946818590164185,
    0.5946861505508423,
    0.5946906805038452,
    0.5946956872940063,
    0.5947010517120361,
    0.5947065353393555,
    0.5947122573852539,
    0.5947179198265076,
    0.5947235822677612,
    0.5947294235229492,
    0.5947352051734924,
    0.5947411060333252,
    0.5947468876838684,
    0.5947527885437012
  ],
  "graph_discov_total_loss": [
    1.0235764980316162,
    0.9025478363037109,
    0.8293916583061218,
    0.7303451895713806,
    0.6598241329193115,
    0.6104475259780884,
    0.582337498664856,
    0.5363328456878662,
    0.5129355192184448,
    0.49453943967819214,
    0.4649810194969177,
    0.4415991008281708,
    0.4346165359020233,
    0.4114864468574524,
    0.3977043330669403,
    0.3757951855659485,
    0.3705691397190094,
    0.35406672954559326,
    0.34305068850517273,
    0.34368079900741577,
    0.3343743085861206,
    0.322029709815979,
    0.31768205761909485,
    0.3168129324913025,
    0.31585779786109924,
    0.29878878593444824,
    0.2965584397315979,
    0.2819107472896576,
    0.28421881794929504,
    0.27633729577064514,
    0.26940882205963135,
    0.2623594403266907,
    0.25709018111228943,
    0.2527734637260437,
    0.24957239627838135,
    0.24415309727191925,
    0.2469775527715683,
    0.24161052703857422,
    0.24127861857414246,
    0.23915918171405792,
    0.23235008120536804,
    0.22690126299858093,
    0.22644412517547607,
    0.22600431740283966,
    0.22426581382751465,
    0.22063085436820984,
    0.21348468959331512,
    0.22022680938243866,
    0.2137800008058548,
    0.21542204916477203,
    0.20636579394340515,
    0.20500986278057098,
    0.20860356092453003,
    0.20868808031082153,
    0.20092377066612244,
    0.20695367455482483,
    0.20206286013126373,
    0.20335665345191956,
    0.1998179852962494,
    0.20117244124412537,
    0.19461889564990997,
    0.19587567448616028,
    0.19695429503917694,
    0.1944301426410675
  ],
  "latent_data_pred_loss": [
    1.0507937669754028,
    0.91789710521698,
    0.8618497848510742,
    0.7436004877090454,
    0.6512671113014221,
    0.5846183896064758,
    0.578061580657959,
    0.5275542140007019,
    0.4968552589416504,
    0.457154244184494,
    0.433523952960968,
    0.41673868894577026,
    0.40262502431869507,
    0.37858670949935913,
    0.3688584566116333,
    0.34091368317604065,
    0.3356037735939026,
    0.31773173809051514,
    0.3043268620967865,
    0.3034572899341583,
    0.3075501322746277,
    0.2883460819721222,
    0.2888701856136322,
    0.27782589197158813,
    0.2779500484466553,
    0.26506495475769043,
    0.2691448926925659,
    0.25717079639434814,
    0.2574968934059143,
    0.24719800055027008,
    0.24399583041667938,
    0.23406104743480682,
    0.23464436829090118,
    0.22642932832241058,
    0.22279903292655945,
    0.21370966732501984,
    0.22266022861003876,
    0.21154406666755676,
    0.2136526107788086,
    0.2140132188796997,
    0.2044992744922638,
    0.198827862739563,
    0.20316845178604126,
    0.2024715393781662,
    0.19737780094146729,
    0.19716104865074158,
    0.19034719467163086,
    0.19788604974746704,
    0.1908474713563919,
    0.19301837682724,
    0.18486344814300537,
    0.18337920308113098,
    0.1867218315601349,
    0.1843653917312622,
    0.1820860505104065,
    0.18646946549415588,
    0.18363744020462036,
    0.1784735918045044,
    0.18227124214172363,
    0.17736360430717468,
    0.17409470677375793,
    0.1780833601951599,
    0.17924174666404724,
    0.17620450258255005
  ]
}
