{
  "aggregate": {
    "accuracy": {
      "max": 0.924072265625,
      "mean": 0.924072265625,
      "min": 0.924072265625,
      "std": 0.0
    },
    "auprc": {
      "max": 0.23709282128697146,
      "mean": 0.2172391020734315,
      "min": 0.19458456027770965,
      "std": 0.010700765121652227
    },
    "auroc": {
      "max": 0.7863550060103557,
      "mean": 0.751039749051723,
      "min": 0.719783202436424,
      "std": 0.013721161589623256
    },
    "f1": {
      "max": 0.0,
      "mean": 0.0,
      "min": 0.0,
      "std": 0.0
    },
    "runtime_sec": {
      "max": 77.23566581681371,
      "mean": 71.3839378774981,
      "min": 70.89247336098924,
      "std": 0.9754547771318257
    },
    "runtime_sec_total": 2855.357515099924,
    "shd": {
      "max": 311.0,
      "mean": 311.0,
      "min": 311.0,
      "std": 0.0
    },
    "threshold_accuracy": 0.924072265625,
    "wall_clock_sec_total": 2861.302621190902
  },
  "baseline": "TCDF",
  "dataset": "simulated_EEG_68_static_v2",
  "loss_curve_note": "TCDF exposes only per-target final losses from the official path, not a meaningful epoch-wise loss curve.",
  "mode": "latent",
  "native_binary_available": true,
  "num_samples": 40,
  "split": "test",
  "threshold": {
    "accuracy": 0.924072265625,
    "num_edges": 163840,
    "rule": "binary_graph = (score_matrix >= threshold)",
    "threshold": 4.347411632537843
  }
}
