{
  "accuracy": 0.924072265625,
  "auprc": 0.07892156093673687,
  "auroc": 0.5258725634697804,
  "dataset": "simulated_EEG_68_static_v2",
  "f1": 0.0,
  "ground_truth_edges": 311,
  "hidden_variable_count": 4,
  "mode": "latent",
  "native_binary_accuracy": 0.8681640625,
  "native_binary_f1": 0.059233449477351915,
  "native_binary_shd": 523,
  "num_variables": 64,
  "observed_variable_count": 64,
  "predicted_edges": 0,
  "runtime_sec": 57.60989966383204,
  "sample_id": "sample_00252",
  "sequence_length": 1000,
  "shd": 311,
  "split": "test",
  "threshold": 300.00000000000006
}
