{
  "graph_discov_data_loss": [
    0.9255760908126831,
    0.883805513381958,
    0.7552828788757324,
    0.7280106544494629,
    0.6283199191093445,
    0.5674830675125122,
    0.5373642444610596,
    0.4831218719482422,
    0.48550111055374146,
    0.4576893448829651,
    0.41959428787231445,
    0.385901540517807,
    0.3961932063102722,
    0.36971378326416016,
    0.3628963232040405,
    0.342806339263916,
    0.32592207193374634,
    0.32364529371261597,
    0.30387938022613525,
    0.30471140146255493,
    0.29807624220848083,
    0.2866624593734741,
    0.28691643476486206,
    0.277561217546463,
    0.27080395817756653,
    0.28404998779296875,
    0.245743989944458,
    0.25773632526397705,
    0.2517986297607422,
    0.24602770805358887,
    0.24533307552337646,
    0.23721915483474731,
    0.24317985773086548,
    0.22829921543598175,
    0.2399301528930664,
    0.2266865074634552,
    0.21760444343090057,
    0.22405484318733215,
    0.2189975082874298,
    0.22835004329681396,
    0.2168550193309784,
    0.21250176429748535,
    0.21660560369491577,
    0.2136814445257187,
    0.21795740723609924,
    0.21065762639045715,
    0.20106934010982513,
    0.20466995239257812,
    0.20650650560855865,
    0.1993122398853302,
    0.20410636067390442,
    0.20249471068382263,
    0.20192453265190125,
    0.19873857498168945,
    0.19558385014533997,
    0.19667644798755646,
    0.20106241106987,
    0.1980549693107605,
    0.19466057419776917,
    0.1930043250322342,
    0.19356423616409302,
    0.19230709969997406,
    0.1909152716398239,
    0.18418115377426147
  ],
  "graph_discov_sparsity_loss": [
    0.622459352016449,
    0.6223182082176208,
    0.6221932768821716,
    0.6220759749412537,
    0.6219688057899475,
    0.6218645572662354,
    0.6217632293701172,
    0.6216652989387512,
    0.6215705275535583,
    0.6214795112609863,
    0.6213922500610352,
    0.621309757232666,
    0.6212315559387207,
    0.6211578845977783,
    0.6210886836051941,
    0.6210238933563232,
    0.620963454246521,
    0.6209067702293396,
    0.6208540201187134,
    0.6208053827285767,
    0.5948804616928101,
    0.5948584079742432,
    0.5948371291160583,
    0.5948164463043213,
    0.5947977304458618,
    0.5947809219360352,
    0.5947655439376831,
    0.5947508215904236,
    0.594738245010376,
    0.5947270393371582,
    0.5947175025939941,
    0.5947097539901733,
    0.594702959060669,
    0.5946974754333496,
    0.5946927666664124,
    0.5946890115737915,
    0.5946860313415527,
    0.5946841835975647,
    0.5946829319000244,
    0.5946826934814453,
    0.5946834087371826,
    0.5946848392486572,
    0.5946868658065796,
    0.5946891903877258,
    0.594692051410675,
    0.5946953296661377,
    0.5946989059448242,
    0.5947026014328003,
    0.594706654548645,
    0.5947109460830688,
    0.5947153568267822,
    0.5947201251983643,
    0.5947252511978149,
    0.5947306156158447,
    0.5947360992431641,
    0.5947418212890625,
    0.5947476625442505,
    0.5947538614273071,
    0.5947601795196533,
    0.59476637840271,
    0.5947726368904114,
    0.5947787761688232,
    0.5947849750518799,
    0.5947911739349365
  ],
  "graph_discov_total_loss": [
    0.9878220558166504,
    0.9438381791114807,
    0.8131824731826782,
    0.7838535904884338,
    0.6821801662445068,
    0.6194313168525696,
    0.5874685645103455,
    0.5314479470252991,
    0.5321123003959656,
    0.502646803855896,
    0.4629569351673126,
    0.42772626876831055,
    0.4365348517894745,
    0.40862518548965454,
    0.4004284739494324,
    0.379008412361145,
    0.36084142327308655,
    0.35732758045196533,
    0.3363686203956604,
    0.3360500633716583,
    0.3270449936389923,
    0.3146064579486847,
    0.31387197971343994,
    0.30356329679489136,
    0.295886367559433,
    0.30824533104896545,
    0.269083708524704,
    0.2802506983280182,
    0.2735169231891632,
    0.26697811484336853,
    0.26554280519485474,
    0.25671446323394775,
    0.26198601722717285,
    0.24644063413143158,
    0.2574303448200226,
    0.24356815218925476,
    0.23388944566249847,
    0.23976430296897888,
    0.23415179550647736,
    0.24296879768371582,
    0.23095718026161194,
    0.22610561549663544,
    0.22972875833511353,
    0.2263409048318863,
    0.23016956448554993,
    0.2224382907152176,
    0.21243375539779663,
    0.2156328409910202,
    0.21708205342292786,
    0.20951414108276367,
    0.2139478176832199,
    0.2119884490966797,
    0.21108286082744598,
    0.20757333934307098,
    0.20410649478435516,
    0.20489799976348877,
    0.20899349451065063,
    0.20570586621761322,
    0.20204117894172668,
    0.20012418925762177,
    0.20043256878852844,
    0.19893278181552887,
    0.19730687141418457,
    0.19034695625305176
  ],
  "latent_data_pred_loss": [
    1.0092461109161377,
    0.9619491100311279,
    0.8246477842330933,
    0.8095458745956421,
    0.6798137426376343,
    0.6106301546096802,
    0.5792496800422668,
    0.5207234621047974,
    0.510473370552063,
    0.4793839156627655,
    0.4333444833755493,
    0.3961902856826782,
    0.40373149514198303,
    0.3778412342071533,
    0.3638894557952881,
    0.3458695411682129,
    0.3308306336402893,
    0.3273087739944458,
    0.2981824278831482,
    0.2996469736099243,
    0.29178303480148315,
    0.2861899435520172,
    0.28219854831695557,
    0.2702080011367798,
    0.26029109954833984,
    0.2720373868942261,
    0.24573318660259247,
    0.2558201551437378,
    0.2427615374326706,
    0.2371598780155182,
    0.23362278938293457,
    0.22717225551605225,
    0.22891171276569366,
    0.22193855047225952,
    0.23097889125347137,
    0.21968340873718262,
    0.20880883932113647,
    0.21303030848503113,
    0.20814728736877441,
    0.21498873829841614,
    0.20164194703102112,
    0.20649701356887817,
    0.20725978910923004,
    0.2059316337108612,
    0.2034817337989807,
    0.19574138522148132,
    0.19317471981048584,
    0.187473863363266,
    0.19448712468147278,
    0.18820521235466003,
    0.1912739872932434,
    0.1924123466014862,
    0.18532630801200867,
    0.1849341094493866,
    0.18758900463581085,
    0.18254581093788147,
    0.18331319093704224,
    0.18463647365570068,
    0.18309319019317627,
    0.18014423549175262,
    0.18279717862606049,
    0.1773575246334076,
    0.18135321140289307,
    0.17369423806667328
  ]
}
