{
  "accuracy": 0.924072265625,
  "auprc": 0.0746088458748658,
  "auroc": 0.493284967314709,
  "dataset": "simulated_EEG_68_static_v2",
  "f1": 0.0,
  "ground_truth_edges": 311,
  "hidden_variable_count": 4,
  "mode": "latent",
  "native_binary_accuracy": 0.87451171875,
  "native_binary_f1": 0.06545454545454546,
  "native_binary_shd": 493,
  "num_variables": 64,
  "observed_variable_count": 64,
  "predicted_edges": 0,
  "runtime_sec": 59.495156335644424,
  "sample_id": "sample_00278",
  "sequence_length": 1000,
  "shd": 311,
  "split": "test",
  "threshold": 300.00000000000006
}
