{
  "joint_train_loss": [
    2.089892014861107,
    2.075198754668236,
    2.0546243488788605,
    2.0367555916309357,
    2.018397368490696,
    2.0076667219400406,
    1.9928890988230705,
    1.9787576645612717,
    1.9667083248496056,
    1.9556136205792427
  ],
  "joint_val_loss": [
    1.01017427444458,
    1.0063687562942505,
    1.0031546354293823,
    1.0005156993865967,
    0.9984115958213806,
    0.9967831969261169,
    0.9955460429191589,
    0.9946172833442688,
    0.9938896894454956,
    0.9932804703712463
  ],
  "reconstruction_train_loss": [
    1.2548266798257828,
    1.2370337843894958,
    1.2129424810409546,
    1.194432906806469,
    1.176314853131771,
    1.1567771136760712,
    1.1371167451143265,
    1.1203596740961075,
    1.1036893799901009,
    1.0865031331777573
  ],
  "reconstruction_val_loss": [
    1.1428258419036865,
    1.1227893829345703,
    1.1034811735153198,
    1.0848588943481445,
    1.0669645071029663,
    1.0496753454208374,
    1.0330406427383423,
    1.0169503688812256,
    1.0014299154281616,
    0.9863916635513306
  ]
}
