{
  "joint_train_loss": [
    2.088759556412697,
    2.070359967648983,
    2.0526858419179916,
    2.0379047468304634,
    2.021851032972336,
    2.0095456689596176,
    1.9959625974297523,
    1.9827906340360641,
    1.971035473048687,
    1.961475782096386
  ],
  "joint_val_loss": [
    1.0073562860488892,
    1.0043491125106812,
    1.0019782781600952,
    1.0002070665359497,
    0.9989790916442871,
    0.9982010722160339,
    0.997769832611084,
    0.9975844621658325,
    0.9975337982177734,
    0.9975187182426453
  ],
  "reconstruction_train_loss": [
    1.2486349493265152,
    1.228274643421173,
    1.2078173011541367,
    1.1892813444137573,
    1.1690862476825714,
    1.1521274149417877,
    1.1354982405900955,
    1.1166920214891434,
    1.100828267633915,
    1.0868288204073906
  ],
  "reconstruction_val_loss": [
    1.1511311531066895,
    1.1310944557189941,
    1.1117037534713745,
    1.0929943323135376,
    1.0749330520629883,
    1.0576679706573486,
    1.0411293506622314,
    1.0253185033798218,
    1.0101455450057983,
    0.9955190420150757
  ]
}
