{
  "graph_discov_data_loss": [
    0.9693129062652588,
    0.8618226051330566,
    0.7651040554046631,
    0.7263305187225342,
    0.6270891427993774,
    0.5694810748100281,
    0.5151265263557434,
    0.46665501594543457,
    0.46227002143859863,
    0.4256756901741028,
    0.4012264907360077,
    0.3746277689933777,
    0.3766987919807434,
    0.3452765941619873,
    0.3359268009662628,
    0.33690154552459717,
    0.312870591878891,
    0.3057284653186798,
    0.2923101782798767,
    0.29055434465408325,
    0.287281334400177,
    0.27311408519744873,
    0.2780204117298126,
    0.2642548084259033,
    0.2596909999847412,
    0.253934383392334,
    0.2522762715816498,
    0.251248836517334,
    0.25413942337036133,
    0.23987016081809998,
    0.23228885233402252,
    0.23038077354431152,
    0.23623228073120117,
    0.22560825943946838,
    0.21674394607543945,
    0.22876323759555817,
    0.219497948884964,
    0.2118142992258072,
    0.21843454241752625,
    0.2198432832956314,
    0.21307359635829926,
    0.2088480293750763,
    0.20738549530506134,
    0.20282167196273804,
    0.20178058743476868,
    0.2033800482749939,
    0.20284263789653778,
    0.19807681441307068,
    0.20334935188293457,
    0.1931784451007843,
    0.19643928110599518,
    0.19825568795204163,
    0.18991582095623016,
    0.1893233358860016,
    0.19227319955825806,
    0.1920563131570816,
    0.19283375144004822,
    0.19039590656757355,
    0.19134537875652313,
    0.19091877341270447,
    0.19134250283241272,
    0.1865638792514801,
    0.18906554579734802,
    0.18682421743869781
  ],
  "graph_discov_sparsity_loss": [
    0.622459352016449,
    0.6223229169845581,
    0.6221984624862671,
    0.6220851540565491,
    0.6219770908355713,
    0.6218754053115845,
    0.6217782497406006,
    0.6216835379600525,
    0.6215900778770447,
    0.6214999556541443,
    0.6214132308959961,
    0.621330976486206,
    0.6212530732154846,
    0.6211799383163452,
    0.621111273765564,
    0.6210471391677856,
    0.6209874153137207,
    0.6209324598312378,
    0.6208817958831787,
    0.6208348870277405,
    0.5948865413665771,
    0.5948565602302551,
    0.5948300957679749,
    0.5948070287704468,
    0.5947868824005127,
    0.5947694778442383,
    0.5947531461715698,
    0.5947386026382446,
    0.5947256088256836,
    0.5947145223617554,
    0.5947047472000122,
    0.594696044921875,
    0.5946886539459229,
    0.5946826934814453,
    0.5946779847145081,
    0.5946742296218872,
    0.5946714282035828,
    0.5946698784828186,
    0.5946688055992126,
    0.5946687459945679,
    0.5946696996688843,
    0.5946712493896484,
    0.5946733951568604,
    0.5946759581565857,
    0.5946791172027588,
    0.5946828126907349,
    0.5946869850158691,
    0.594691276550293,
    0.5946959257125854,
    0.594700813293457,
    0.5947061777114868,
    0.5947116017341614,
    0.5947173833847046,
    0.5947232842445374,
    0.5947293639183044,
    0.5947355031967163,
    0.5947418212890625,
    0.5947482585906982,
    0.5947547554969788,
    0.5947612524032593,
    0.5947677493095398,
    0.5947742462158203,
    0.5947808027267456,
    0.5947875380516052
  ],
  "graph_discov_total_loss": [
    1.031558871269226,
    0.9218556880950928,
    0.8230041265487671,
    0.782174289226532,
    0.6809501647949219,
    0.6214302182197571,
    0.5652320384979248,
    0.5149825215339661,
    0.5088827013969421,
    0.4706346392631531,
    0.44459059834480286,
    0.41645392775535583,
    0.4170418381690979,
    0.3841893970966339,
    0.3734603226184845,
    0.3731049597263336,
    0.34779128432273865,
    0.339412122964859,
    0.32480087876319885,
    0.32189449667930603,
    0.31625038385391235,
    0.30105799436569214,
    0.30497562885284424,
    0.29025647044181824,
    0.28477296233177185,
    0.2781292796134949,
    0.27561551332473755,
    0.2737627625465393,
    0.27585726976394653,
    0.2608201503753662,
    0.25249814987182617,
    0.24987563490867615,
    0.25503799319267273,
    0.2437492161989212,
    0.23424369096755981,
    0.2456444650888443,
    0.23578254878520966,
    0.22752338647842407,
    0.23358847200870514,
    0.2344616949558258,
    0.22717544436454773,
    0.2224515676498413,
    0.22050835192203522,
    0.21548084914684296,
    0.21399247646331787,
    0.21516045928001404,
    0.21420682966709137,
    0.20903949439525604,
    0.21392470598220825,
    0.20338016748428345,
    0.20628057420253754,
    0.20774929225444794,
    0.19907402992248535,
    0.19815799593925476,
    0.2007957398891449,
    0.20027777552604675,
    0.2007647603750229,
    0.1980467289686203,
    0.19872590899467468,
    0.19803857803344727,
    0.19821077585220337,
    0.19318950176239014,
    0.1954571008682251,
    0.19298997521400452
  ],
  "latent_data_pred_loss": [
    1.0587403774261475,
    0.9403368234634399,
    0.836018979549408,
    0.7949949502944946,
    0.6863523125648499,
    0.6268938779830933,
    0.5549241304397583,
    0.49717915058135986,
    0.48375460505485535,
    0.442111074924469,
    0.41385889053344727,
    0.3869515657424927,
    0.38477346301078796,
    0.348918616771698,
    0.3373567461967468,
    0.336875855922699,
    0.3198699653148651,
    0.30610862374305725,
    0.2869984209537506,
    0.28753846883773804,
    0.2856903076171875,
    0.26917994022369385,
    0.2725857198238373,
    0.25456470251083374,
    0.25366246700286865,
    0.2503226399421692,
    0.247507244348526,
    0.24198229610919952,
    0.24530097842216492,
    0.23020599782466888,
    0.2259524166584015,
    0.22155383229255676,
    0.22742441296577454,
    0.21720582246780396,
    0.21053515374660492,
    0.21459001302719116,
    0.2068082094192505,
    0.20543530583381653,
    0.20511281490325928,
    0.2039802521467209,
    0.2024732083082199,
    0.19632092118263245,
    0.19430795311927795,
    0.19142761826515198,
    0.1853080838918686,
    0.191502183675766,
    0.18863943219184875,
    0.18584328889846802,
    0.1857372522354126,
    0.18203267455101013,
    0.1841045618057251,
    0.18494459986686707,
    0.18082080781459808,
    0.18309232592582703,
    0.17714112997055054,
    0.1774061918258667,
    0.17378342151641846,
    0.17604677379131317,
    0.1782812774181366,
    0.17677021026611328,
    0.17706936597824097,
    0.17169880867004395,
    0.171121746301651,
    0.17418095469474792
  ]
}
