{
  "joint_train_loss": [
    2.0905498936772346,
    2.074014149606228,
    2.056644693017006,
    2.0381477773189545,
    2.0215193033218384,
    2.0083262771368027,
    1.9942975416779518,
    1.9796544313430786,
    1.9695293456315994,
    1.9578507989645004
  ],
  "joint_val_loss": [
    1.011584997177124,
    1.0078619718551636,
    1.0047307014465332,
    1.0021568536758423,
    1.000097393989563,
    0.9984818696975708,
    0.9972251057624817,
    0.9962377548217773,
    0.9954206943511963,
    0.9946826100349426
  ],
  "reconstruction_train_loss": [
    1.2487964779138565,
    1.229901559650898,
    1.209067352116108,
    1.1887693256139755,
    1.1681612879037857,
    1.153121754527092,
    1.1327272057533264,
    1.1179189085960388,
    1.0995734930038452,
    1.0849322378635406
  ],
  "reconstruction_val_loss": [
    1.1407188177108765,
    1.1207901239395142,
    1.101675033569336,
    1.0832606554031372,
    1.0655674934387207,
    1.0486047267913818,
    1.0322437286376953,
    1.016538381576538,
    1.0013823509216309,
    0.9868012070655823
  ]
}
