{
  "joint_train_loss": [
    2.080387219786644,
    2.060870051383972,
    2.0439937710762024,
    2.026473492383957,
    2.0101736038923264,
    1.993491306900978,
    1.9767731577157974,
    1.961306869983673,
    1.951104387640953,
    1.937662124633789
  ],
  "joint_val_loss": [
    1.0107619762420654,
    1.0070008039474487,
    1.00385320186615,
    1.0012754201889038,
    0.9992269277572632,
    0.9976266026496887,
    0.9963800311088562,
    0.9953885674476624,
    0.9945494532585144,
    0.9937829375267029
  ],
  "reconstruction_train_loss": [
    1.2522139698266983,
    1.2311986759305,
    1.205538421869278,
    1.1866594478487968,
    1.1687280610203743,
    1.149430401623249,
    1.1268973723053932,
    1.1158979013562202,
    1.0919578224420547,
    1.0752057582139969
  ],
  "reconstruction_val_loss": [
    1.1443504095077515,
    1.1233583688735962,
    1.1031813621520996,
    1.0837123394012451,
    1.0649325847625732,
    1.046849012374878,
    1.0293309688568115,
    1.0124433040618896,
    0.9962366223335266,
    0.9805795550346375
  ]
}
