{
  "accuracy": 0.924072265625,
  "auprc": 0.08237879331337196,
  "auroc": 0.5315957812825207,
  "dataset": "simulated_EEG_68_static_v2",
  "f1": 0.0,
  "ground_truth_edges": 311,
  "hidden_variable_count": 4,
  "mode": "latent",
  "native_binary_accuracy": 0.87890625,
  "native_binary_f1": 0.0746268656716418,
  "native_binary_shd": 480,
  "num_variables": 64,
  "observed_variable_count": 64,
  "predicted_edges": 0,
  "runtime_sec": 55.74254406383261,
  "sample_id": "sample_00279",
  "sequence_length": 1000,
  "shd": 311,
  "split": "test",
  "threshold": 300.00000000000006
}
