{
  "graph_discov_data_loss": [
    0.8997405767440796,
    0.8672105669975281,
    0.7739735841751099,
    0.6588400602340698,
    0.5989056825637817,
    0.5157145261764526,
    0.49378257989883423,
    0.4723038971424103,
    0.44315844774246216,
    0.4284796118736267,
    0.3926369845867157,
    0.3910859227180481,
    0.38306573033332825,
    0.3464358448982239,
    0.34480738639831543,
    0.34072116017341614,
    0.3133293390274048,
    0.3217904269695282,
    0.31192103028297424,
    0.31360915303230286,
    0.30264103412628174,
    0.29272741079330444,
    0.2832999527454376,
    0.2809332013130188,
    0.2753862142562866,
    0.2641826570034027,
    0.2641978859901428,
    0.25211483240127563,
    0.2614443898200989,
    0.2445778101682663,
    0.24558159708976746,
    0.2479589283466339,
    0.2400895655155182,
    0.23727482557296753,
    0.2430688440799713,
    0.22852936387062073,
    0.2376275360584259,
    0.22815681993961334,
    0.23018157482147217,
    0.2324962615966797,
    0.225223109126091,
    0.2252185344696045,
    0.22557300329208374,
    0.21581780910491943,
    0.22148922085762024,
    0.21642431616783142,
    0.21289889514446259,
    0.21495318412780762,
    0.20875245332717896,
    0.2123020589351654,
    0.2047957181930542,
    0.2037239521741867,
    0.20861965417861938,
    0.1978929042816162,
    0.20813527703285217,
    0.20251554250717163,
    0.20102009177207947,
    0.20309743285179138,
    0.20827960968017578,
    0.20019817352294922,
    0.20319820940494537,
    0.20091655850410461,
    0.197051003575325,
    0.20239612460136414
  ],
  "graph_discov_sparsity_loss": [
    0.622459352016449,
    0.622314453125,
    0.6221867799758911,
    0.6220715641975403,
    0.6219649910926819,
    0.621862530708313,
    0.6217637062072754,
    0.6216688752174377,
    0.6215771436691284,
    0.6214893460273743,
    0.6214056015014648,
    0.6213262677192688,
    0.6212517023086548,
    0.6211816072463989,
    0.6211155652999878,
    0.6210535168647766,
    0.6209957599639893,
    0.6209420561790466,
    0.6208921670913696,
    0.6208457946777344,
    0.5948886275291443,
    0.594861626625061,
    0.5948353409767151,
    0.5948091745376587,
    0.594785213470459,
    0.5947633981704712,
    0.5947432518005371,
    0.594724714756012,
    0.5947074890136719,
    0.5946915745735168,
    0.5946769714355469,
    0.5946639776229858,
    0.5946528315544128,
    0.5946429967880249,
    0.5946345925331116,
    0.5946274399757385,
    0.5946216583251953,
    0.5946173667907715,
    0.5946142673492432,
    0.5946120023727417,
    0.5946104526519775,
    0.5946096181869507,
    0.5946096181869507,
    0.594610333442688,
    0.5946118831634521,
    0.5946139097213745,
    0.5946164131164551,
    0.5946195125579834,
    0.5946229696273804,
    0.594626784324646,
    0.5946308374404907,
    0.5946351289749146,
    0.594639778137207,
    0.5946446657180786,
    0.594649612903595,
    0.5946548581123352,
    0.5946601629257202,
    0.59466552734375,
    0.5946710109710693,
    0.594676673412323,
    0.5946824550628662,
    0.5946881771087646,
    0.5946939587593079,
    0.5946997404098511
  ],
  "graph_discov_total_loss": [
    0.9619865417480469,
    0.9272428750991821,
    0.8318725228309631,
    0.7146826386451721,
    0.6527656316757202,
    0.5676625967025757,
    0.5438868999481201,
    0.5206302404403687,
    0.48977017402648926,
    0.4734377861022949,
    0.4360005855560303,
    0.43291175365448,
    0.4234086871147156,
    0.38534873723983765,
    0.3823411762714386,
    0.37692496180534363,
    0.34825050830841064,
    0.3554746210575104,
    0.34441226720809937,
    0.3449498414993286,
    0.33161017298698425,
    0.32067155838012695,
    0.31025540828704834,
    0.3069349527359009,
    0.3004680871963501,
    0.2883773148059845,
    0.28753674030303955,
    0.274628221988678,
    0.28316158056259155,
    0.26552698016166687,
    0.2657899558544159,
    0.26745274662971497,
    0.258894145488739,
    0.25541457533836365,
    0.260567307472229,
    0.2454092651605606,
    0.25391077995300293,
    0.2438645213842392,
    0.24533411860466003,
    0.24711327254772186,
    0.23932354152202606,
    0.23882067203521729,
    0.2386944591999054,
    0.22847558557987213,
    0.2336997240781784,
    0.22820335626602173,
    0.22426173090934753,
    0.22591453790664673,
    0.21932651102542877,
    0.22250251471996307,
    0.21463577449321747,
    0.21321633458137512,
    0.21777667105197906,
    0.20672640204429626,
    0.21665668487548828,
    0.21073588728904724,
    0.208950012922287,
    0.21074719727039337,
    0.21565911173820496,
    0.20731696486473083,
    0.21006549894809723,
    0.20754122734069824,
    0.20344163477420807,
    0.208560973405838
  ],
  "latent_data_pred_loss": [
    0.9811341762542725,
    0.9456933736801147,
    0.8531882762908936,
    0.7307516932487488,
    0.6548813581466675,
    0.5648064613342285,
    0.5266472101211548,
    0.5082019567489624,
    0.4622935652732849,
    0.43815499544143677,
    0.40110379457473755,
    0.40149515867233276,
    0.39703601598739624,
    0.3547126054763794,
    0.34630951285362244,
    0.3330061733722687,
    0.3145926594734192,
    0.31858912110328674,
    0.3065148890018463,
    0.30164864659309387,
    0.29920387268066406,
    0.2905626893043518,
    0.280168354511261,
    0.2752189636230469,
    0.26629772782325745,
    0.26552605628967285,
    0.2546689212322235,
    0.25417834520339966,
    0.2544427514076233,
    0.23866784572601318,
    0.23658660054206848,
    0.23630470037460327,
    0.22995278239250183,
    0.22542592883110046,
    0.2343406081199646,
    0.21613812446594238,
    0.2261822372674942,
    0.21245306730270386,
    0.21815674006938934,
    0.21778088808059692,
    0.20961874723434448,
    0.21469321846961975,
    0.21144232153892517,
    0.20460201799869537,
    0.2054712027311325,
    0.20371173322200775,
    0.19626253843307495,
    0.19911083579063416,
    0.19878239929676056,
    0.20321670174598694,
    0.19268323481082916,
    0.19330987334251404,
    0.19372916221618652,
    0.18856918811798096,
    0.18895462155342102,
    0.18667113780975342,
    0.19098874926567078,
    0.19152958691120148,
    0.19608238339424133,
    0.18291518092155457,
    0.1893981695175171,
    0.1823352426290512,
    0.18552535772323608,
    0.18702861666679382
  ]
}
