{
  "accuracy": 0.924072265625,
  "auprc": 0.08654288808794125,
  "auroc": 0.5596605317147141,
  "dataset": "simulated_EEG_68_static_v2",
  "f1": 0.0,
  "ground_truth_edges": 311,
  "hidden_variable_count": 4,
  "mode": "latent",
  "native_binary_accuracy": 0.87890625,
  "native_binary_f1": 0.07116104868913858,
  "native_binary_shd": 480,
  "num_variables": 64,
  "observed_variable_count": 64,
  "predicted_edges": 0,
  "runtime_sec": 54.51060340600088,
  "sample_id": "sample_00257",
  "sequence_length": 1000,
  "shd": 311,
  "split": "test",
  "threshold": 300.00000000000006
}
