{
  "accuracy": 0.924072265625,
  "auprc": 0.2635520244526056,
  "auroc": 0.7989695319568274,
  "dataset": "simulated_EEG_68_static_v2",
  "f1": 0.0,
  "ground_truth_edges": 311,
  "hidden_variable_count": 4,
  "mode": "latent",
  "num_variables": 64,
  "observed_variable_count": 64,
  "predicted_edges": 0,
  "runtime_sec": 67.23867876129225,
  "sample_id": "sample_00249",
  "sequence_length": 1000,
  "shd": 311,
  "split": "test",
  "threshold": 0.50242817401886
}
