{
  "graph_discov_data_loss": [
    0.9470991492271423,
    0.8648411631584167,
    0.8038058876991272,
    0.6945643424987793,
    0.6107912063598633,
    0.5645767450332642,
    0.5422184467315674,
    0.48284387588500977,
    0.47569745779037476,
    0.45605194568634033,
    0.41289597749710083,
    0.41428816318511963,
    0.398037314414978,
    0.371629536151886,
    0.3648366928100586,
    0.356369286775589,
    0.3358358144760132,
    0.3185867667198181,
    0.31628409028053284,
    0.303962767124176,
    0.29222267866134644,
    0.30306190252304077,
    0.28936636447906494,
    0.28411251306533813,
    0.2762279510498047,
    0.2641681432723999,
    0.26691046357154846,
    0.254793643951416,
    0.2519321143627167,
    0.24934107065200806,
    0.24649843573570251,
    0.24973896145820618,
    0.23862722516059875,
    0.230873703956604,
    0.23324692249298096,
    0.2265232801437378,
    0.22124439477920532,
    0.22797423601150513,
    0.22420594096183777,
    0.22567372024059296,
    0.21615667641162872,
    0.22323670983314514,
    0.22134391963481903,
    0.20933635532855988,
    0.21528765559196472,
    0.20735980570316315,
    0.21155190467834473,
    0.21491128206253052,
    0.20754510164260864,
    0.20298056304454803,
    0.20460711419582367,
    0.20759110152721405,
    0.1961628645658493,
    0.19898732006549835,
    0.19944782555103302,
    0.19616034626960754,
    0.19689960777759552,
    0.19263017177581787,
    0.1950053721666336,
    0.19862699508666992,
    0.19232699275016785,
    0.18997405469417572,
    0.19098010659217834,
    0.1949438601732254
  ],
  "graph_discov_sparsity_loss": [
    0.622459352016449,
    0.6223244667053223,
    0.6222051382064819,
    0.6220957040786743,
    0.6219910383224487,
    0.6218864917755127,
    0.6217819452285767,
    0.6216791272163391,
    0.6215789318084717,
    0.6214828491210938,
    0.6213914155960083,
    0.6213045120239258,
    0.6212218999862671,
    0.6211445331573486,
    0.6210720539093018,
    0.6210037469863892,
    0.6209400296211243,
    0.620880126953125,
    0.620824933052063,
    0.6207740306854248,
    0.5948737859725952,
    0.5948410034179688,
    0.5948131680488586,
    0.594788134098053,
    0.5947654247283936,
    0.5947454571723938,
    0.5947283506393433,
    0.5947130918502808,
    0.594700038433075,
    0.5946891903877258,
    0.5946798324584961,
    0.5946716070175171,
    0.594664454460144,
    0.594658374786377,
    0.5946534872055054,
    0.5946499109268188,
    0.5946474075317383,
    0.5946453809738159,
    0.5946444869041443,
    0.5946441888809204,
    0.5946449041366577,
    0.5946463942527771,
    0.5946488380432129,
    0.5946516990661621,
    0.5946551561355591,
    0.5946589708328247,
    0.5946633219718933,
    0.5946680307388306,
    0.5946731567382812,
    0.5946782827377319,
    0.5946837663650513,
    0.5946894884109497,
    0.5946953296661377,
    0.59470134973526,
    0.5947074890136719,
    0.5947138071060181,
    0.5947202444076538,
    0.5947265625,
    0.5947328209877014,
    0.5947390794754028,
    0.5947453379631042,
    0.5947517156600952,
    0.5947579145431519,
    0.5947641730308533
  ],
  "graph_discov_total_loss": [
    1.0093450546264648,
    0.9248744249343872,
    0.861706554889679,
    0.7504090666770935,
    0.6646534204483032,
    0.6165268421173096,
    0.5923242568969727,
    0.5311710238456726,
    0.5223093032836914,
    0.5010096430778503,
    0.4562585651874542,
    0.4561125338077545,
    0.43837833404541016,
    0.4105401039123535,
    0.40236786007881165,
    0.3925701677799225,
    0.37075382471084595,
    0.3522675931453705,
    0.3487718105316162,
    0.33529984951019287,
    0.32119110226631165,
    0.3310050964355469,
    0.3163208067417145,
    0.3101133406162262,
    0.3013089895248413,
    0.288362056016922,
    0.29024872183799744,
    0.27730658650398254,
    0.2736490070819855,
    0.27029016613960266,
    0.2667068839073181,
    0.26923301815986633,
    0.25743216276168823,
    0.24901393055915833,
    0.250745952129364,
    0.243403822183609,
    0.23752833902835846,
    0.24368268251419067,
    0.23935924470424652,
    0.2402915209531784,
    0.23025792837142944,
    0.2368396818637848,
    0.23446623980998993,
    0.221995010972023,
    0.22749905288219452,
    0.21913973987102509,
    0.2229156345129013,
    0.22587352991104126,
    0.2181200534105301,
    0.21318189799785614,
    0.21444804966449738,
    0.2170843631029129,
    0.20532073080539703,
    0.20782165229320526,
    0.2079700529575348,
    0.20438151061534882,
    0.2048303335905075,
    0.20028071105480194,
    0.20238563418388367,
    0.20574653148651123,
    0.199194997549057,
    0.19659943878650665,
    0.19737142324447632,
    0.201109379529953
  ],
  "latent_data_pred_loss": [
    1.0351197719573975,
    0.9463125467300415,
    0.8836867809295654,
    0.7676804661750793,
    0.6571376323699951,
    0.6069534420967102,
    0.580694317817688,
    0.5086570978164673,
    0.5008161067962646,
    0.4710906147956848,
    0.4270400404930115,
    0.4327336251735687,
    0.40350115299224854,
    0.3736637830734253,
    0.36672443151474,
    0.3565198481082916,
    0.3413272202014923,
    0.3199205994606018,
    0.31244128942489624,
    0.29864105582237244,
    0.2950964570045471,
    0.29881751537323,
    0.28230684995651245,
    0.28211909532546997,
    0.27252835035324097,
    0.25845739245414734,
    0.25795263051986694,
    0.2476959377527237,
    0.24405765533447266,
    0.24111858010292053,
    0.23013722896575928,
    0.2343800812959671,
    0.22808030247688293,
    0.22474732995033264,
    0.22357207536697388,
    0.224553644657135,
    0.21491757035255432,
    0.21762201189994812,
    0.21500936150550842,
    0.20949280261993408,
    0.19933050870895386,
    0.21048679947853088,
    0.20471927523612976,
    0.20071715116500854,
    0.20124095678329468,
    0.19710573554039001,
    0.19477292895317078,
    0.1907651722431183,
    0.1933395266532898,
    0.18805673718452454,
    0.1896270513534546,
    0.1896432638168335,
    0.18386991322040558,
    0.1939757913351059,
    0.1869671642780304,
    0.1810389757156372,
    0.1823233813047409,
    0.18038740754127502,
    0.18552929162979126,
    0.18285296857357025,
    0.18109625577926636,
    0.17903031408786774,
    0.18252448737621307,
    0.17811551690101624
  ]
}
