{
  "aggregate": {
    "accuracy": {
      "max": 0.9722222222222222,
      "mean": 0.9222222222222222,
      "min": 0.8888888888888888,
      "std": 0.03042903097250924
    },
    "auprc": {
      "max": 0.8095238095238094,
      "mean": 0.4788095238095238,
      "min": 0.3416666666666666,
      "std": 0.19491916459297576
    },
    "auroc": {
      "max": 0.9595959595959596,
      "mean": 0.9191919191919192,
      "min": 0.8888888888888888,
      "std": 0.029449251994168195
    },
    "f1": {
      "max": 0.8,
      "mean": 0.16,
      "min": 0.0,
      "std": 0.35777087639996635
    },
    "runtime_sec": {
      "max": 18.16841925913468,
      "mean": 13.189226749911905,
      "min": 11.823482431937009,
      "std": 2.7844685053462546
    },
    "runtime_sec_total": 65.94613374955952,
    "shd": {
      "max": 4.0,
      "mean": 2.8,
      "min": 1.0,
      "std": 1.0954451150103321
    },
    "threshold_accuracy": 0.9222222222222223,
    "wall_clock_sec_total": 70.93372813099995
  },
  "baseline": "TCDF",
  "dataset": "nc8",
  "loss_curve_note": "TCDF exposes only per-target final losses from the official path, not a meaningful epoch-wise loss curve.",
  "mode": "latent",
  "native_binary_available": true,
  "num_samples": 5,
  "split": null,
  "threshold": {
    "accuracy": 0.9222222222222223,
    "num_edges": 180,
    "rule": "binary_graph = (score_matrix >= threshold)",
    "threshold": 1.8244324326515198
  }
}
