{
  "graph_discov_data_loss": [
    0.9256455898284912,
    0.902657687664032,
    0.7533946633338928,
    0.7148270010948181,
    0.6406508684158325,
    0.5789892673492432,
    0.5421457886695862,
    0.49527743458747864,
    0.4595295488834381,
    0.45277920365333557,
    0.421008437871933,
    0.4023662209510803,
    0.37934309244155884,
    0.371576726436615,
    0.3557884693145752,
    0.3375609517097473,
    0.33442652225494385,
    0.32133734226226807,
    0.31659942865371704,
    0.3059406876564026,
    0.30042600631713867,
    0.2925398647785187,
    0.2850295901298523,
    0.2791363596916199,
    0.2706345021724701,
    0.2758488059043884,
    0.2631896436214447,
    0.2557070255279541,
    0.2606552839279175,
    0.2599414587020874,
    0.24885427951812744,
    0.25000253319740295,
    0.24526631832122803,
    0.23813685774803162,
    0.23357181251049042,
    0.236063152551651,
    0.23258234560489655,
    0.22631922364234924,
    0.22666986286640167,
    0.22690200805664062,
    0.22058464586734772,
    0.2154044806957245,
    0.20911681652069092,
    0.213943213224411,
    0.21766528487205505,
    0.21116288006305695,
    0.20998819172382355,
    0.21261724829673767,
    0.20627978444099426,
    0.20595036447048187,
    0.20439431071281433,
    0.20492126047611237,
    0.20344695448875427,
    0.19810736179351807,
    0.20039263367652893,
    0.1992424726486206,
    0.19862478971481323,
    0.19694623351097107,
    0.20287208259105682,
    0.19818919897079468,
    0.20177218317985535,
    0.19196435809135437,
    0.1936662346124649,
    0.19429047405719757
  ],
  "graph_discov_sparsity_loss": [
    0.622459352016449,
    0.6223083734512329,
    0.6221762299537659,
    0.6220561861991882,
    0.6219449639320374,
    0.6218374967575073,
    0.6217331290245056,
    0.6216342449188232,
    0.6215395927429199,
    0.6214491128921509,
    0.6213628053665161,
    0.6212811470031738,
    0.6212047338485718,
    0.62113356590271,
    0.6210668683052063,
    0.6210052967071533,
    0.6209484338760376,
    0.6208961606025696,
    0.6208478808403015,
    0.6208034753799438,
    0.5948808193206787,
    0.5948612689971924,
    0.5948426723480225,
    0.5948234796524048,
    0.5948058366775513,
    0.5947897434234619,
    0.5947767496109009,
    0.5947647094726562,
    0.5947540402412415,
    0.5947444438934326,
    0.5947362184524536,
    0.5947291851043701,
    0.5947233438491821,
    0.5947186946868896,
    0.5947149991989136,
    0.5947121381759644,
    0.594710111618042,
    0.5947089195251465,
    0.5947083830833435,
    0.5947089195251465,
    0.5947100520133972,
    0.5947118997573853,
    0.5947142839431763,
    0.5947167873382568,
    0.5947198867797852,
    0.5947235226631165,
    0.5947275161743164,
    0.5947319269180298,
    0.5947366952896118,
    0.5947418212890625,
    0.5947471857070923,
    0.5947527289390564,
    0.5947586297988892,
    0.5947646498680115,
    0.5947709679603577,
    0.5947773456573486,
    0.59478360414505,
    0.594789981842041,
    0.5947962999343872,
    0.5948026180267334,
    0.5948088765144348,
    0.5948152542114258,
    0.594821572303772,
    0.5948278307914734
  ],
  "graph_discov_total_loss": [
    0.9878915548324585,
    0.9626893997192383,
    0.8112926483154297,
    0.7706682085990906,
    0.6945090889930725,
    0.6309352517127991,
    0.5922476649284363,
    0.5436010956764221,
    0.5061384439468384,
    0.4977344572544098,
    0.4643690288066864,
    0.44418901205062866,
    0.41968297958374023,
    0.4104866087436676,
    0.393319308757782,
    0.373761922121048,
    0.3693450093269348,
    0.3550190329551697,
    0.3490883409976959,
    0.3372792601585388,
    0.32939475774765015,
    0.3204840123653412,
    0.3119853734970093,
    0.3051387369632721,
    0.2957172691822052,
    0.30004453659057617,
    0.2865298092365265,
    0.2782219350337982,
    0.28237417340278625,
    0.2808924913406372,
    0.26906466484069824,
    0.26949846744537354,
    0.26407313346862793,
    0.256278932094574,
    0.25107264518737793,
    0.2529454529285431,
    0.24886800348758698,
    0.2420293390750885,
    0.24182479083538055,
    0.24152140319347382,
    0.2346874475479126,
    0.22900894284248352,
    0.22224058210849762,
    0.22660325467586517,
    0.2298780083656311,
    0.22294409573078156,
    0.22135315835475922,
    0.22358067333698273,
    0.21685586869716644,
    0.21615278720855713,
    0.2142362892627716,
    0.2144155204296112,
    0.2126058042049408,
    0.2069426327943802,
    0.20891577005386353,
    0.20746451616287231,
    0.20655634999275208,
    0.2045975923538208,
    0.21025313436985016,
    0.20530949532985687,
    0.2086409330368042,
    0.1985904425382614,
    0.2000582367181778,
    0.2004566490650177
  ],
  "latent_data_pred_loss": [
    0.9996421933174133,
    0.9746483564376831,
    0.8241474628448486,
    0.7794824838638306,
    0.6928672790527344,
    0.6185674667358398,
    0.5860731601715088,
    0.5208730697631836,
    0.4809776246547699,
    0.4699556231498718,
    0.43827760219573975,
    0.41654273867607117,
    0.3883996605873108,
    0.37858185172080994,
    0.3600732386112213,
    0.33708521723747253,
    0.3323460817337036,
    0.3097901940345764,
    0.31188902258872986,
    0.30372941493988037,
    0.2925311326980591,
    0.28668317198753357,
    0.276891827583313,
    0.2772606611251831,
    0.2602217197418213,
    0.2625102996826172,
    0.25529149174690247,
    0.2461308240890503,
    0.25184762477874756,
    0.24952584505081177,
    0.23369750380516052,
    0.23874202370643616,
    0.23504990339279175,
    0.22808778285980225,
    0.22203963994979858,
    0.22478337585926056,
    0.22154900431632996,
    0.22218966484069824,
    0.20795097947120667,
    0.21022245287895203,
    0.20815958082675934,
    0.20380011200904846,
    0.19967320561408997,
    0.19859442114830017,
    0.20360474288463593,
    0.1998966932296753,
    0.19376757740974426,
    0.19244615733623505,
    0.1954127997159958,
    0.1897622048854828,
    0.18776394426822662,
    0.1910739243030548,
    0.18924885988235474,
    0.18522149324417114,
    0.1847955286502838,
    0.1854490041732788,
    0.18801988661289215,
    0.1947472095489502,
    0.18363893032073975,
    0.18432408571243286,
    0.18514099717140198,
    0.1772177517414093,
    0.17312440276145935,
    0.17810307443141937
  ]
}
