{
  "accuracy": 0.924072265625,
  "auprc": 0.24609421516530736,
  "auroc": 0.7734473955833443,
  "dataset": "simulated_EEG_68_static_v2",
  "f1": 0.0,
  "ground_truth_edges": 311,
  "hidden_variable_count": 4,
  "mode": "latent",
  "native_binary_accuracy": 0.912353515625,
  "native_binary_f1": 0.31878557874762814,
  "native_binary_shd": 349,
  "num_variables": 64,
  "observed_variable_count": 64,
  "predicted_edges": 0,
  "runtime_sec": 174.46000618999824,
  "sample_id": "sample_00240",
  "sequence_length": 1000,
  "shd": 311,
  "split": "test",
  "threshold": 1.1633313894271853
}
