{
  "graph_discov_data_loss": [
    0.9706689715385437,
    0.8460094928741455,
    0.7686805725097656,
    0.6913335919380188,
    0.6422516107559204,
    0.5680514574050903,
    0.5424336194992065,
    0.5056140422821045,
    0.47592470049858093,
    0.4442192316055298,
    0.423584520816803,
    0.4116087257862091,
    0.38369396328926086,
    0.3706292510032654,
    0.348476380109787,
    0.331089049577713,
    0.3336656093597412,
    0.32180577516555786,
    0.31031960248947144,
    0.30005383491516113,
    0.29944348335266113,
    0.28465256094932556,
    0.2809861898422241,
    0.2798585891723633,
    0.2734502851963043,
    0.2598443925380707,
    0.2713742256164551,
    0.25113314390182495,
    0.25182467699050903,
    0.2502281069755554,
    0.24509716033935547,
    0.23989076912403107,
    0.24238134920597076,
    0.23369058966636658,
    0.22592693567276,
    0.227923184633255,
    0.22612068057060242,
    0.2224569320678711,
    0.21460311114788055,
    0.21902117133140564,
    0.22374439239501953,
    0.2177245318889618,
    0.21076741814613342,
    0.21873606741428375,
    0.20891399681568146,
    0.21317538619041443,
    0.20771712064743042,
    0.2070055454969406,
    0.2022273689508438,
    0.2005300372838974,
    0.20370033383369446,
    0.20213884115219116,
    0.20418402552604675,
    0.19801920652389526,
    0.19961613416671753,
    0.20207974314689636,
    0.19453179836273193,
    0.19251903891563416,
    0.1970972716808319,
    0.19314515590667725,
    0.1932114213705063,
    0.18633362650871277,
    0.19161194562911987,
    0.19350668787956238
  ],
  "graph_discov_sparsity_loss": [
    0.622459352016449,
    0.6223174333572388,
    0.6221876740455627,
    0.6220697164535522,
    0.6219593286514282,
    0.6218547821044922,
    0.6217523217201233,
    0.6216526031494141,
    0.6215567588806152,
    0.6214645504951477,
    0.62137770652771,
    0.621295154094696,
    0.6212180256843567,
    0.6211459636688232,
    0.621078372001648,
    0.6210158467292786,
    0.6209574341773987,
    0.620903491973877,
    0.6208539009094238,
    0.6208081245422363,
    0.594881534576416,
    0.5948541164398193,
    0.5948299169540405,
    0.5948083400726318,
    0.5947888493537903,
    0.5947715044021606,
    0.5947569608688354,
    0.5947445631027222,
    0.5947334170341492,
    0.5947239995002747,
    0.5947160124778748,
    0.5947095155715942,
    0.5947043299674988,
    0.594700038433075,
    0.5946966409683228,
    0.5946940779685974,
    0.5946926474571228,
    0.5946923494338989,
    0.5946930646896362,
    0.5946941375732422,
    0.5946958065032959,
    0.5946979522705078,
    0.5947009921073914,
    0.5947043895721436,
    0.5947083234786987,
    0.594712495803833,
    0.5947172045707703,
    0.5947222113609314,
    0.5947275757789612,
    0.5947329998016357,
    0.5947384834289551,
    0.594744086265564,
    0.5947499871253967,
    0.594756007194519,
    0.5947622060775757,
    0.5947685837745667,
    0.5947750806808472,
    0.5947815775871277,
    0.594788134098053,
    0.5947946310043335,
    0.5948011875152588,
    0.5948076248168945,
    0.5948139429092407,
    0.5948203802108765
  ],
  "graph_discov_total_loss": [
    1.0329148769378662,
    0.9060420393943787,
    0.8265796303749084,
    0.7471759915351868,
    0.6961110830307007,
    0.6199988722801208,
    0.5925370454788208,
    0.553939163684845,
    0.5225349068641663,
    0.48917561769485474,
    0.46694615483283997,
    0.45343247056007385,
    0.4240347146987915,
    0.4095399081707001,
    0.3860079348087311,
    0.3672906458377838,
    0.36858460307121277,
    0.3554878830909729,
    0.3428088426589966,
    0.33139264583587646,
    0.3284122943878174,
    0.3125963509082794,
    0.30794140696525574,
    0.305860310792923,
    0.29853230714797974,
    0.28403937816619873,
    0.2947136163711548,
    0.273647278547287,
    0.2735427916049957,
    0.2711784243583679,
    0.26530686020851135,
    0.2593860626220703,
    0.2611875534057617,
    0.2518320679664612,
    0.24342723190784454,
    0.2448049783706665,
    0.24240586161613464,
    0.23816661536693573,
    0.2297576516866684,
    0.23364020884037018,
    0.23784685134887695,
    0.23132868111133575,
    0.22389088571071625,
    0.23139584064483643,
    0.2211264818906784,
    0.22495637834072113,
    0.21908189356327057,
    0.21796879172325134,
    0.21280328929424286,
    0.21073231101036072,
    0.2135421633720398,
    0.21163296699523926,
    0.21334274113178253,
    0.20685435831546783,
    0.20813915133476257,
    0.21030165255069733,
    0.20246325433254242,
    0.20017029345035553,
    0.2044782191514969,
    0.20026534795761108,
    0.20008008182048798,
    0.19295962154865265,
    0.1980038583278656,
    0.19967278838157654
  ],
  "latent_data_pred_loss": [
    1.0629031658172607,
    0.9172799587249756,
    0.8352591395378113,
    0.7604464888572693,
    0.6941770911216736,
    0.6130741834640503,
    0.5778173208236694,
    0.5378373861312866,
    0.5004268884658813,
    0.4579172134399414,
    0.43994247913360596,
    0.42091837525367737,
    0.3884626626968384,
    0.37874266505241394,
    0.34891176223754883,
    0.34156545996665955,
    0.3367679715156555,
    0.32637399435043335,
    0.30801934003829956,
    0.290113240480423,
    0.2976832985877991,
    0.28297948837280273,
    0.2784344255924225,
    0.27522632479667664,
    0.2694009244441986,
    0.2521044909954071,
    0.2568399906158447,
    0.24689941108226776,
    0.2478325068950653,
    0.24056528508663177,
    0.2344467043876648,
    0.22839991748332977,
    0.2237221896648407,
    0.22429487109184265,
    0.21961718797683716,
    0.2178211808204651,
    0.2190476655960083,
    0.2143833041191101,
    0.20944572985172272,
    0.20368921756744385,
    0.20464545488357544,
    0.2032657116651535,
    0.19784367084503174,
    0.2051078826189041,
    0.199475958943367,
    0.2004156857728958,
    0.19933852553367615,
    0.19454842805862427,
    0.19118064641952515,
    0.19151026010513306,
    0.1894047111272812,
    0.1875501275062561,
    0.19015944004058838,
    0.18616554141044617,
    0.18535393476486206,
    0.187301903963089,
    0.18499594926834106,
    0.1802937090396881,
    0.18848374485969543,
    0.1784818470478058,
    0.17968091368675232,
    0.17876850068569183,
    0.17854627966880798,
    0.17828130722045898
  ]
}
