{
  "accuracy": 0.924072265625,
  "auprc": 0.08464822884022202,
  "auroc": 0.5501815849498995,
  "dataset": "simulated_EEG_68_static_v2",
  "f1": 0.0,
  "ground_truth_edges": 311,
  "hidden_variable_count": 4,
  "mode": "latent",
  "native_binary_accuracy": 0.880615234375,
  "native_binary_f1": 0.06142034548944338,
  "native_binary_shd": 474,
  "num_variables": 64,
  "observed_variable_count": 64,
  "predicted_edges": 0,
  "runtime_sec": 56.436984258238226,
  "sample_id": "sample_00269",
  "sequence_length": 1000,
  "shd": 311,
  "split": "test",
  "threshold": 300.00000000000006
}
