{
  "joint_train_loss": [
    2.088246464729309,
    2.0687779560685158,
    2.0516249909996986,
    2.034998506307602,
    2.021899290382862,
    2.0075500532984734,
    1.995546042919159,
    1.9827275797724724,
    1.9713892191648483,
    1.9620403051376343
  ],
  "joint_val_loss": [
    1.0074280500411987,
    1.0043784379959106,
    1.0019657611846924,
    1.000157117843628,
    0.9988865852355957,
    0.9980686902999878,
    0.9976089596748352,
    0.9973916411399841,
    0.9973115921020508,
    0.9972704648971558
  ],
  "reconstruction_train_loss": [
    1.2493300586938858,
    1.227078378200531,
    1.2078052461147308,
    1.1878549084067345,
    1.170481912791729,
    1.1511767357587814,
    1.1340414062142372,
    1.117664359509945,
    1.1007872894406319,
    1.0853138715028763
  ],
  "reconstruction_val_loss": [
    1.1505546569824219,
    1.1304961442947388,
    1.111074447631836,
    1.0923138856887817,
    1.0742443799972534,
    1.056901454925537,
    1.040307641029358,
    1.0244044065475464,
    1.0092045068740845,
    0.9945986270904541
  ]
}
