{
  "accuracy": 0.924072265625,
  "auprc": 0.08443901586548022,
  "auroc": 0.5371151142392334,
  "dataset": "simulated_EEG_68_static_v2",
  "f1": 0.0,
  "ground_truth_edges": 311,
  "hidden_variable_count": 4,
  "mode": "latent",
  "native_binary_accuracy": 0.87548828125,
  "native_binary_f1": 0.07608695652173912,
  "native_binary_shd": 492,
  "num_variables": 64,
  "observed_variable_count": 64,
  "predicted_edges": 0,
  "runtime_sec": 57.975714144762605,
  "sample_id": "sample_00253",
  "sequence_length": 1000,
  "shd": 311,
  "split": "test",
  "threshold": 300.00000000000006
}
