{
  "joint_train_loss": [
    2.0882078260183334,
    2.0714157596230507,
    2.049102172255516,
    2.034036487340927,
    2.0152311846613884,
    1.9982386231422424,
    1.9910515770316124,
    1.9761447757482529,
    1.9627749174833298,
    1.9488271549344063
  ],
  "joint_val_loss": [
    1.0101615190505981,
    1.0062756538391113,
    1.0029833316802979,
    1.0002574920654297,
    0.9980682730674744,
    0.9963541030883789,
    0.995030403137207,
    0.99400395154953,
    0.9931730031967163,
    0.9924298524856567
  ],
  "reconstruction_train_loss": [
    1.2562823444604874,
    1.232376754283905,
    1.212329052388668,
    1.19489423930645,
    1.171984925866127,
    1.1555136367678642,
    1.134908251464367,
    1.1187188550829887,
    1.1009267196059227,
    1.0818244740366936
  ],
  "reconstruction_val_loss": [
    1.144524335861206,
    1.1241275072097778,
    1.1045202016830444,
    1.0856448411941528,
    1.067541480064392,
    1.0501008033752441,
    1.0333045721054077,
    1.0171518325805664,
    1.0015796422958374,
    0.986543595790863
  ]
}
