{
  "graph_discov_data_loss": [
    0.9689302444458008,
    0.8493759632110596,
    0.7620751261711121,
    0.6705029010772705,
    0.593651533126831,
    0.5608066320419312,
    0.5134361982345581,
    0.4670889973640442,
    0.4282624125480652,
    0.414084255695343,
    0.38333919644355774,
    0.37606120109558105,
    0.3510526120662689,
    0.34045156836509705,
    0.3366420567035675,
    0.31670552492141724,
    0.3121059536933899,
    0.2917290925979614,
    0.2827349305152893,
    0.2691776156425476,
    0.26840490102767944,
    0.25832274556159973,
    0.2558853030204773,
    0.24856072664260864,
    0.24645252525806427,
    0.23949068784713745,
    0.24356096982955933,
    0.2344350516796112,
    0.23056381940841675,
    0.2269761562347412,
    0.215229332447052,
    0.2221086323261261,
    0.2153574377298355,
    0.21495555341243744,
    0.20555371046066284,
    0.21199794113636017,
    0.2143649458885193,
    0.19813291728496552,
    0.20178130269050598,
    0.20310279726982117,
    0.20563901960849762,
    0.19631481170654297,
    0.18843096494674683,
    0.19583448767662048,
    0.19417385756969452,
    0.18706735968589783,
    0.18758362531661987,
    0.18880125880241394,
    0.18883953988552094,
    0.1854916512966156,
    0.18915362656116486,
    0.18450111150741577,
    0.186201810836792,
    0.18937841057777405,
    0.18427592515945435,
    0.18465331196784973,
    0.17816504836082458,
    0.17948344349861145,
    0.18522678315639496,
    0.18047097325325012,
    0.17876411974430084,
    0.17950654029846191,
    0.17520193755626678,
    0.17694827914237976
  ],
  "graph_discov_sparsity_loss": [
    0.622459352016449,
    0.6223203539848328,
    0.622197151184082,
    0.6220821142196655,
    0.6219736337661743,
    0.6218699216842651,
    0.6217684149742126,
    0.6216700077056885,
    0.6215738654136658,
    0.6214814782142639,
    0.6213937401771545,
    0.6213117837905884,
    0.6212341785430908,
    0.6211607456207275,
    0.6210916638374329,
    0.6210269331932068,
    0.620966911315918,
    0.6209110617637634,
    0.620858907699585,
    0.6208103895187378,
    0.5948814153671265,
    0.5948563814163208,
    0.5948331356048584,
    0.5948116183280945,
    0.5947908163070679,
    0.5947719812393188,
    0.5947542786598206,
    0.5947386622428894,
    0.5947244763374329,
    0.5947122573852539,
    0.5947014093399048,
    0.5946916341781616,
    0.5946833491325378,
    0.5946760773658752,
    0.5946698784828186,
    0.5946648716926575,
    0.5946611166000366,
    0.594658613204956,
    0.5946570038795471,
    0.5946565270423889,
    0.5946569442749023,
    0.5946582555770874,
    0.5946601033210754,
    0.5946624279022217,
    0.5946654081344604,
    0.5946691036224365,
    0.5946731567382812,
    0.5946775674819946,
    0.5946824550628662,
    0.5946877002716064,
    0.5946931838989258,
    0.5946987271308899,
    0.5947044491767883,
    0.5947104692459106,
    0.5947166681289673,
    0.5947232246398926,
    0.5947297811508179,
    0.5947365164756775,
    0.5947431325912476,
    0.594749927520752,
    0.5947566628456116,
    0.5947633981704712,
    0.5947701334953308,
    0.5947768688201904
  ],
  "graph_discov_total_loss": [
    1.031176209449768,
    0.9094088077545166,
    0.8199750781059265,
    0.7263464331626892,
    0.6475121974945068,
    0.612755298614502,
    0.5635409355163574,
    0.5154154300689697,
    0.4748738706111908,
    0.45904186367988586,
    0.42670196294784546,
    0.41788607835769653,
    0.3913944363594055,
    0.37936317920684814,
    0.37417441606521606,
    0.35290777683258057,
    0.34702548384666443,
    0.3254115879535675,
    0.31522440910339355,
    0.3005165457725525,
    0.2973736822605133,
    0.28626665472984314,
    0.28284066915512085,
    0.2745625972747803,
    0.27153465151786804,
    0.2636856734752655,
    0.2669002413749695,
    0.25694897770881653,
    0.2522816061973572,
    0.24792605638504028,
    0.2354385256767273,
    0.24160334467887878,
    0.23416297137737274,
    0.23309631645679474,
    0.2230532169342041,
    0.228878915309906,
    0.23064926266670227,
    0.21384170651435852,
    0.216934934258461,
    0.2177209109067917,
    0.21974055469036102,
    0.2099180519580841,
    0.20155353844165802,
    0.20849336683750153,
    0.20638546347618103,
    0.19884750247001648,
    0.19894754886627197,
    0.199763685464859,
    0.19941465556621552,
    0.19569315016269684,
    0.1989947110414505,
    0.19399452209472656,
    0.19535982608795166,
    0.1982128769159317,
    0.19279828667640686,
    0.19287459552288055,
    0.18609589338302612,
    0.18713411688804626,
    0.19260717928409576,
    0.18759062886238098,
    0.18563225865364075,
    0.1861320436000824,
    0.1815933883190155,
    0.1831139326095581
  ],
  "latent_data_pred_loss": [
    1.0563337802886963,
    0.9257228374481201,
    0.8379801511764526,
    0.7450117468833923,
    0.6590431928634644,
    0.6103514432907104,
    0.5457611680030823,
    0.49692270159721375,
    0.45592039823532104,
    0.43387022614479065,
    0.4003903567790985,
    0.38096699118614197,
    0.35658639669418335,
    0.3388547897338867,
    0.33293241262435913,
    0.3152022659778595,
    0.31739383935928345,
    0.29347845911979675,
    0.2834613025188446,
    0.26623106002807617,
    0.26064997911453247,
    0.257238507270813,
    0.24900317192077637,
    0.24200347065925598,
    0.23821890354156494,
    0.23303134739398956,
    0.23465298116207123,
    0.22428107261657715,
    0.22107477486133575,
    0.22123537957668304,
    0.2102595865726471,
    0.21614930033683777,
    0.20631888508796692,
    0.20941972732543945,
    0.19958354532718658,
    0.20036789774894714,
    0.19955743849277496,
    0.1914898157119751,
    0.19041532278060913,
    0.19303420186042786,
    0.18577606976032257,
    0.18709233403205872,
    0.18081308901309967,
    0.1836937963962555,
    0.17773188650608063,
    0.17772451043128967,
    0.17322418093681335,
    0.17376253008842468,
    0.17513597011566162,
    0.1766701638698578,
    0.17624187469482422,
    0.17411589622497559,
    0.17127829790115356,
    0.1727771908044815,
    0.17052417993545532,
    0.17554272711277008,
    0.1690133512020111,
    0.16640818119049072,
    0.16796332597732544,
    0.16294702887535095,
    0.16887834668159485,
    0.1680823564529419,
    0.16688500344753265,
    0.16590198874473572
  ]
}
