{
  "graph_discov_data_loss": [
    0.9386941194534302,
    0.8608559370040894,
    0.7750627398490906,
    0.7188832759857178,
    0.6371865272521973,
    0.6248220205307007,
    0.5775048136711121,
    0.5059105157852173,
    0.4662480652332306,
    0.45644593238830566,
    0.4159001111984253,
    0.408856064081192,
    0.38650983572006226,
    0.3649944067001343,
    0.3442550301551819,
    0.33192145824432373,
    0.3219805657863617,
    0.301637202501297,
    0.3071291148662567,
    0.27875185012817383,
    0.2962266504764557,
    0.28414684534072876,
    0.28240203857421875,
    0.27580076456069946,
    0.2690220773220062,
    0.2611534893512726,
    0.2582721710205078,
    0.2537410259246826,
    0.251680463552475,
    0.24979734420776367,
    0.2414187490940094,
    0.23907071352005005,
    0.2326050102710724,
    0.236494243144989,
    0.2304442822933197,
    0.2225942611694336,
    0.22205767035484314,
    0.21362239122390747,
    0.22190158069133759,
    0.2227993756532669,
    0.21413294970989227,
    0.20826877653598785,
    0.2105202078819275,
    0.21907725930213928,
    0.2130715698003769,
    0.20307308435440063,
    0.20248880982398987,
    0.20497116446495056,
    0.19891822338104248,
    0.19570598006248474,
    0.19718745350837708,
    0.19607380032539368,
    0.19657087326049805,
    0.19796690344810486,
    0.19520524144172668,
    0.19103580713272095,
    0.19379083812236786,
    0.19767460227012634,
    0.18854616582393646,
    0.19053152203559875,
    0.1908428966999054,
    0.18956124782562256,
    0.18624359369277954,
    0.18810588121414185
  ],
  "graph_discov_sparsity_loss": [
    0.622459352016449,
    0.6223242282867432,
    0.6222061514854431,
    0.6220954060554504,
    0.6219879984855652,
    0.6218815445899963,
    0.6217784881591797,
    0.621679961681366,
    0.6215853691101074,
    0.621495246887207,
    0.6214091777801514,
    0.6213281750679016,
    0.6212518811225891,
    0.6211802363395691,
    0.6211133599281311,
    0.6210508346557617,
    0.6209927797317505,
    0.620938777923584,
    0.6208884716033936,
    0.6208416223526001,
    0.5948877930641174,
    0.5948590040206909,
    0.5948331356048584,
    0.5948096513748169,
    0.5947887897491455,
    0.5947691202163696,
    0.5947517156600952,
    0.5947365164756775,
    0.5947226285934448,
    0.5947103500366211,
    0.5946993231773376,
    0.5946896076202393,
    0.5946807861328125,
    0.5946730375289917,
    0.5946661829948425,
    0.5946604013442993,
    0.5946555137634277,
    0.5946514010429382,
    0.5946482419967651,
    0.594646155834198,
    0.594645082950592,
    0.5946447253227234,
    0.5946449637413025,
    0.5946458578109741,
    0.5946474671363831,
    0.594649612903595,
    0.5946520566940308,
    0.5946550369262695,
    0.5946582555770874,
    0.5946619510650635,
    0.5946658253669739,
    0.5946699380874634,
    0.5946743488311768,
    0.5946789979934692,
    0.594683825969696,
    0.5946888327598572,
    0.5946939587593079,
    0.5946990847587585,
    0.5947043299674988,
    0.5947096347808838,
    0.594714879989624,
    0.5947203040122986,
    0.5947257876396179,
    0.5947312712669373
  ],
  "graph_discov_total_loss": [
    1.0009400844573975,
    0.920889139175415,
    0.8329635262489319,
    0.774728000164032,
    0.6910484433174133,
    0.6767717003822327,
    0.6276103258132935,
    0.5542377233505249,
    0.5128604173660278,
    0.5014045238494873,
    0.45926395058631897,
    0.45068204402923584,
    0.4268527925014496,
    0.4039072096347809,
    0.3817886710166931,
    0.3681250810623169,
    0.3569015562534332,
    0.33532121777534485,
    0.3396201431751251,
    0.31009232997894287,
    0.3251957595348358,
    0.3120908737182617,
    0.3093574047088623,
    0.30180254578590393,
    0.29410409927368164,
    0.2853483557701111,
    0.2816113531589508,
    0.2762548625469208,
    0.27339819073677063,
    0.27074718475341797,
    0.2616278827190399,
    0.25856536626815796,
    0.25141045451164246,
    0.25463491678237915,
    0.2479436844587326,
    0.2394751012325287,
    0.23834183812141418,
    0.22933098673820496,
    0.2370549887418747,
    0.23741723597049713,
    0.228234201669693,
    0.22187170386314392,
    0.22364243865013123,
    0.23173579573631287,
    0.22528280317783356,
    0.21485283970832825,
    0.21385233104228973,
    0.2159331738948822,
    0.20949290692806244,
    0.20590703189373016,
    0.2070280909538269,
    0.20556674897670746,
    0.2057284265756607,
    0.2068009078502655,
    0.2037271410226822,
    0.19925661385059357,
    0.2017212063074112,
    0.20532479882240295,
    0.19592607021331787,
    0.1976507008075714,
    0.1977105587720871,
    0.19618627429008484,
    0.19263456761837006,
    0.194271057844162
  ],
  "latent_data_pred_loss": [
    1.026320457458496,
    0.9493288397789001,
    0.8538800477981567,
    0.7772865295410156,
    0.6807210445404053,
    0.6717529296875,
    0.6299309730529785,
    0.5437389612197876,
    0.49090537428855896,
    0.4716605544090271,
    0.4267028570175171,
    0.42247268557548523,
    0.39313310384750366,
    0.3750598430633545,
    0.3476595878601074,
    0.3362901508808136,
    0.3198392391204834,
    0.30585595965385437,
    0.30491095781326294,
    0.28168147802352905,
    0.2945537269115448,
    0.28463584184646606,
    0.27092307806015015,
    0.2709699869155884,
    0.2606274485588074,
    0.25517719984054565,
    0.25127893686294556,
    0.25316253304481506,
    0.24027614295482635,
    0.2462717592716217,
    0.2297307252883911,
    0.23052969574928284,
    0.21938614547252655,
    0.22161641716957092,
    0.2230488508939743,
    0.21356402337551117,
    0.21737390756607056,
    0.20348688960075378,
    0.214440256357193,
    0.20699486136436462,
    0.20324349403381348,
    0.19695121049880981,
    0.20108941197395325,
    0.20077748596668243,
    0.20083042979240417,
    0.19234034419059753,
    0.19712874293327332,
    0.1907777488231659,
    0.18917110562324524,
    0.1859576553106308,
    0.17955251038074493,
    0.1834285855293274,
    0.18392445147037506,
    0.18293212354183197,
    0.18445762991905212,
    0.18135935068130493,
    0.18140757083892822,
    0.17758628726005554,
    0.18041035532951355,
    0.17432132363319397,
    0.17318737506866455,
    0.17166540026664734,
    0.17406462132930756,
    0.17745283246040344
  ]
}
