{
  "graph_discov_data_loss": [
    0.9442800879478455,
    0.8724930286407471,
    0.8002902865409851,
    0.6990346908569336,
    0.6331464648246765,
    0.586639940738678,
    0.5313345193862915,
    0.4767434298992157,
    0.47025421261787415,
    0.4061606228351593,
    0.415572851896286,
    0.3914712071418762,
    0.3831188678741455,
    0.35865887999534607,
    0.3401879668235779,
    0.3304210901260376,
    0.32203811407089233,
    0.3128601908683777,
    0.294883131980896,
    0.2870732545852661,
    0.28380000591278076,
    0.2808828055858612,
    0.26627975702285767,
    0.27250486612319946,
    0.2626129984855652,
    0.26301664113998413,
    0.2517893314361572,
    0.24900919198989868,
    0.23803099989891052,
    0.24281242489814758,
    0.2351483404636383,
    0.23627331852912903,
    0.2185477763414383,
    0.221604585647583,
    0.2255944013595581,
    0.21884381771087646,
    0.2192215621471405,
    0.21325251460075378,
    0.21641336381435394,
    0.20778554677963257,
    0.2069399058818817,
    0.20319518446922302,
    0.20802512764930725,
    0.20123054087162018,
    0.20337992906570435,
    0.20086432993412018,
    0.19452697038650513,
    0.19946575164794922,
    0.19501234591007233,
    0.19485382735729218,
    0.1962558478116989,
    0.19459974765777588,
    0.19621644914150238,
    0.1928328275680542,
    0.1868261992931366,
    0.1915694922208786,
    0.19153523445129395,
    0.19141656160354614,
    0.19099417328834534,
    0.18636837601661682,
    0.18678238987922668,
    0.18580642342567444,
    0.18723611533641815,
    0.18669530749320984
  ],
  "graph_discov_sparsity_loss": [
    0.622459352016449,
    0.6223259568214417,
    0.6222097873687744,
    0.62210613489151,
    0.622008204460144,
    0.62191241979599,
    0.6218187212944031,
    0.6217262744903564,
    0.6216367483139038,
    0.6215506792068481,
    0.6214686632156372,
    0.6213909983634949,
    0.6213189363479614,
    0.6212519407272339,
    0.6211903095245361,
    0.6211338043212891,
    0.6210815906524658,
    0.6210341453552246,
    0.6209908723831177,
    0.6209515929222107,
    0.5949106216430664,
    0.5948889851570129,
    0.5948693752288818,
    0.5948513746261597,
    0.5948348641395569,
    0.5948187708854675,
    0.5948044061660767,
    0.5947907567024231,
    0.5947785973548889,
    0.5947679281234741,
    0.5947587490081787,
    0.5947509407997131,
    0.5947445034980774,
    0.5947389602661133,
    0.5947343111038208,
    0.5947309136390686,
    0.5947285890579224,
    0.5947273373603821,
    0.5947267413139343,
    0.5947269201278687,
    0.5947277545928955,
    0.594728946685791,
    0.5947308540344238,
    0.5947328805923462,
    0.5947354435920715,
    0.5947384834289551,
    0.5947421193122864,
    0.5947460532188416,
    0.5947504043579102,
    0.5947549939155579,
    0.5947598218917847,
    0.5947648286819458,
    0.5947698354721069,
    0.5947751402854919,
    0.5947805643081665,
    0.5947859287261963,
    0.5947915315628052,
    0.5947971343994141,
    0.5948029160499573,
    0.5948086977005005,
    0.5948144197463989,
    0.5948202610015869,
    0.5948260426521301,
    0.5948318839073181
  ],
  "graph_discov_total_loss": [
    1.006525993347168,
    0.9325264096260071,
    0.8581913709640503,
    0.7548803687095642,
    0.6870101690292358,
    0.6385921835899353,
    0.5814433097839355,
    0.5250742435455322,
    0.516870379447937,
    0.4511232376098633,
    0.4589408338069916,
    0.4333014190196991,
    0.42346617579460144,
    0.3975761830806732,
    0.377726286649704,
    0.36662957072257996,
    0.356964111328125,
    0.3465493619441986,
    0.3273795247077942,
    0.31841930747032166,
    0.31277021765708923,
    0.3088282346725464,
    0.29323676228523254,
    0.2985084652900696,
    0.2876969873905182,
    0.287213534116745,
    0.27513056993484497,
    0.2715250849723816,
    0.2597507834434509,
    0.26376429200172424,
    0.2553594708442688,
    0.2557699680328369,
    0.23735524713993073,
    0.23974725604057312,
    0.24309581518173218,
    0.23572665452957153,
    0.23550772666931152,
    0.22896312177181244,
    0.23156876862049103,
    0.22240538895130157,
    0.22104312479496002,
    0.2168000489473343,
    0.2211492508649826,
    0.2138909250497818,
    0.21559296548366547,
    0.21264584362506866,
    0.20589220523834229,
    0.21042943000793457,
    0.2055886685848236,
    0.20505647361278534,
    0.2060980349779129,
    0.20409420132637024,
    0.20537546277046204,
    0.20166826248168945,
    0.19534948468208313,
    0.19979164004325867,
    0.19946691393852234,
    0.19906800985336304,
    0.19837531447410583,
    0.19348874688148499,
    0.1936511993408203,
    0.19243256747722626,
    0.19362816214561462,
    0.19286152720451355
  ],
  "latent_data_pred_loss": [
    1.029525637626648,
    0.945091724395752,
    0.8823254108428955,
    0.7592555284500122,
    0.6857815384864807,
    0.6303791999816895,
    0.5685225129127502,
    0.506176233291626,
    0.4893748164176941,
    0.4276982545852661,
    0.42907777428627014,
    0.4081849157810211,
    0.39360448718070984,
    0.36948585510253906,
    0.35082486271858215,
    0.33116012811660767,
    0.3265994191169739,
    0.3127008378505707,
    0.29184168577194214,
    0.29026851058006287,
    0.28119534254074097,
    0.27127647399902344,
    0.2591472268104553,
    0.2564694285392761,
    0.2568340301513672,
    0.24988621473312378,
    0.24750776588916779,
    0.24207961559295654,
    0.2301517128944397,
    0.23607425391674042,
    0.22634154558181763,
    0.2294011116027832,
    0.21049275994300842,
    0.21360784769058228,
    0.21412986516952515,
    0.21303606033325195,
    0.20735511183738708,
    0.20656909048557281,
    0.2061040699481964,
    0.19636502861976624,
    0.19352880120277405,
    0.19615185260772705,
    0.19502705335617065,
    0.1936441957950592,
    0.1936766356229782,
    0.1838526725769043,
    0.1838119626045227,
    0.1913236379623413,
    0.18080900609493256,
    0.18772335350513458,
    0.18361930549144745,
    0.1801779419183731,
    0.18808501958847046,
    0.1795690655708313,
    0.17712116241455078,
    0.1797606647014618,
    0.17840683460235596,
    0.1751052439212799,
    0.1764579564332962,
    0.17224940657615662,
    0.17279356718063354,
    0.17336171865463257,
    0.17110291123390198,
    0.17556051909923553
  ]
}
