{
  "accuracy": 0.96484375,
  "num_edges": 204800,
  "rule": "binary_graph = (score_matrix >= threshold)",
  "threshold": 0.3947333693504334
}
