{
  "joint_train_loss": [
    2.0874936878681183,
    2.06705828756094,
    2.050010606646538,
    2.0288412496447563,
    2.014052800834179,
    2.0002620220184326,
    1.9861581325531006,
    1.9725426957011223,
    1.9598519802093506,
    1.9479877054691315
  ],
  "joint_val_loss": [
    1.0084830522537231,
    1.0045377016067505,
    1.0012061595916748,
    0.9984503388404846,
    0.9962350726127625,
    0.9944961071014404,
    0.9931524395942688,
    0.9920992851257324,
    0.9912506937980652,
    0.9905087351799011
  ],
  "reconstruction_train_loss": [
    1.2560558468103409,
    1.2335876300930977,
    1.2127293348312378,
    1.1943364068865776,
    1.1729535460472107,
    1.1545048877596855,
    1.1363113150000572,
    1.1202390417456627,
    1.1022107526659966,
    1.087178535759449
  ],
  "reconstruction_val_loss": [
    1.147688865661621,
    1.12723708152771,
    1.107556700706482,
    1.0886061191558838,
    1.070342779159546,
    1.0526924133300781,
    1.0357182025909424,
    1.0193363428115845,
    1.0035474300384521,
    0.9882731437683105
  ]
}
