{
  "joint_train_loss": [
    2.087823621928692,
    2.069421961903572,
    2.050595223903656,
    2.0335009917616844,
    2.0203163474798203,
    2.005844406783581,
    1.992173008620739,
    1.9791116639971733,
    1.9706520065665245,
    1.9591365605592728
  ],
  "joint_val_loss": [
    1.007312536239624,
    1.004303216934204,
    1.0019264221191406,
    1.0001529455184937,
    0.99892258644104,
    0.9981415271759033,
    0.997713565826416,
    0.9975351095199585,
    0.9974985718727112,
    0.9974992871284485
  ],
  "reconstruction_train_loss": [
    1.249096766114235,
    1.2286712527275085,
    1.2085216045379639,
    1.1894649863243103,
    1.1701905578374863,
    1.1508532166481018,
    1.1333322003483772,
    1.1159631684422493,
    1.1003153324127197,
    1.0852201581001282
  ],
  "reconstruction_val_loss": [
    1.151764988899231,
    1.1315219402313232,
    1.1118911504745483,
    1.09292471408844,
    1.0746469497680664,
    1.0571421384811401,
    1.0403679609298706,
    1.02435302734375,
    1.0089868307113647,
    0.9941545128822327
  ]
}
