{
  "train_loss": {
    "mean_curve": [
      2.323280763626099,
      1.3099223613739013,
      0.7086812853813171,
      0.43081256151199343,
      0.2941372632980347,
      0.2203487992286682,
      0.1770153671503067,
      0.14958734214305877,
      0.13113127946853637,
      0.11843583136796951
    ],
    "sample_count": 5
  }
}
