{
  "accuracy": 0.9277777777777778,
  "num_edges": 180,
  "rule": "binary_graph = (score_matrix >= threshold)",
  "threshold": 0.3606680929660797
}
