{
  "joint_train_loss": [
    2.0886267125606537,
    2.068630166351795,
    2.051445946097374,
    2.0348404347896576,
    2.020066976547241,
    2.0062204897403717,
    1.9920429289340973,
    1.9793585911393166,
    1.969604678452015,
    1.9580509290099144
  ],
  "joint_val_loss": [
    1.007322907447815,
    1.0041931867599487,
    1.0016865730285645,
    0.9997609853744507,
    0.9983599781990051,
    0.997398316860199,
    0.9967838525772095,
    0.996411919593811,
    0.9961857199668884,
    0.9960004091262817
  ],
  "reconstruction_train_loss": [
    1.2489458471536636,
    1.2265800833702087,
    1.2084373086690903,
    1.187719501554966,
    1.1686444580554962,
    1.1519585251808167,
    1.1335261762142181,
    1.1167436242103577,
    1.1015960946679115,
    1.0835003852844238
  ],
  "reconstruction_val_loss": [
    1.150992751121521,
    1.1308544874191284,
    1.1113265752792358,
    1.092469573020935,
    1.0742624998092651,
    1.056801199913025,
    1.0401191711425781,
    1.0241447687149048,
    1.0088565349578857,
    0.994174599647522
  ]
}
