{
  "joint_train_loss": [
    2.088651552796364,
    2.0711825266480446,
    2.0529246032238007,
    2.0364208817481995,
    2.0219463035464287,
    2.008556768298149,
    1.996809609234333,
    1.9827014580368996,
    1.9745200648903847,
    1.9617256745696068
  ],
  "joint_val_loss": [
    1.0078034400939941,
    1.0047873258590698,
    1.002402424812317,
    1.0006095170974731,
    0.9993487596511841,
    0.9985283017158508,
    0.9980572462081909,
    0.9978287220001221,
    0.9977285265922546,
    0.9976649880409241
  ],
  "reconstruction_train_loss": [
    1.2490457445383072,
    1.2276503443717957,
    1.2080694437026978,
    1.1904082149267197,
    1.1710893213748932,
    1.1508989706635475,
    1.1338683813810349,
    1.117463082075119,
    1.0999232679605484,
    1.0849166810512543
  ],
  "reconstruction_val_loss": [
    1.1509597301483154,
    1.130860686302185,
    1.1114215850830078,
    1.0925856828689575,
    1.0744633674621582,
    1.057051181793213,
    1.0404144525527954,
    1.0245221853256226,
    1.00925874710083,
    0.994567334651947
  ]
}
