{
  "graph_discov_data_loss": [
    0.9296268224716187,
    0.8901505470275879,
    0.8160943984985352,
    0.7175180315971375,
    0.60577392578125,
    0.5419273376464844,
    0.5441830158233643,
    0.498137891292572,
    0.45881980657577515,
    0.4569745659828186,
    0.40878188610076904,
    0.39685335755348206,
    0.3761821389198303,
    0.36599835753440857,
    0.34762078523635864,
    0.33970126509666443,
    0.32545483112335205,
    0.3204076588153839,
    0.2979210615158081,
    0.2985556721687317,
    0.2831781804561615,
    0.28785207867622375,
    0.2744622230529785,
    0.2664232850074768,
    0.25857609510421753,
    0.25701791048049927,
    0.24974000453948975,
    0.2414322793483734,
    0.24107907712459564,
    0.2339029610157013,
    0.22596046328544617,
    0.22442416846752167,
    0.22469893097877502,
    0.21957142651081085,
    0.21811121702194214,
    0.214511901140213,
    0.2125217169523239,
    0.20283517241477966,
    0.21270570158958435,
    0.20399248600006104,
    0.20379137992858887,
    0.2044379562139511,
    0.1968236118555069,
    0.1942499279975891,
    0.19717681407928467,
    0.19514162838459015,
    0.19561061263084412,
    0.18800045549869537,
    0.19021543860435486,
    0.1920260637998581,
    0.1874968707561493,
    0.1813521832227707,
    0.18610671162605286,
    0.1829501986503601,
    0.18621249496936798,
    0.17864829301834106,
    0.18468016386032104,
    0.18037794530391693,
    0.18049809336662292,
    0.1802540272474289,
    0.17584356665611267,
    0.17782017588615417,
    0.1740993708372116,
    0.17421892285346985
  ],
  "graph_discov_sparsity_loss": [
    0.622459352016449,
    0.6223123669624329,
    0.622177243232727,
    0.6220532059669495,
    0.6219372153282166,
    0.621825098991394,
    0.6217163801193237,
    0.6216112971305847,
    0.6215108633041382,
    0.6214146614074707,
    0.6213240623474121,
    0.6212381720542908,
    0.6211572885513306,
    0.6210813522338867,
    0.621010422706604,
    0.6209443211555481,
    0.6208824515342712,
    0.620824933052063,
    0.6207715272903442,
    0.6207228302955627,
    0.5948642492294312,
    0.5948345065116882,
    0.5948083400726318,
    0.5947845578193665,
    0.5947635769844055,
    0.5947447419166565,
    0.5947275161743164,
    0.5947113633155823,
    0.5946972370147705,
    0.5946846604347229,
    0.5946740508079529,
    0.5946649312973022,
    0.5946569442749023,
    0.594650387763977,
    0.5946450233459473,
    0.5946410298347473,
    0.5946382284164429,
    0.5946364402770996,
    0.5946356058120728,
    0.5946356654167175,
    0.5946364998817444,
    0.594637930393219,
    0.5946402549743652,
    0.5946433544158936,
    0.5946469306945801,
    0.5946510434150696,
    0.5946556925773621,
    0.5946606397628784,
    0.5946660041809082,
    0.5946717262268066,
    0.5946775674819946,
    0.5946835279464722,
    0.5946896076202393,
    0.5946958065032959,
    0.5947021842002869,
    0.5947086215019226,
    0.5947151184082031,
    0.594721794128418,
    0.5947283506393433,
    0.5947349667549133,
    0.5947414636611938,
    0.5947479605674744,
    0.5947544574737549,
    0.5947607755661011
  ],
  "graph_discov_total_loss": [
    0.9918727874755859,
    0.9501826167106628,
    0.8739925026893616,
    0.773358941078186,
    0.6596314907073975,
    0.5938722491264343,
    0.5942835211753845,
    0.5464597940444946,
    0.5054265260696411,
    0.5019273161888123,
    0.45213979482650757,
    0.4386732578277588,
    0.4165189564228058,
    0.40490496158599854,
    0.38514822721481323,
    0.37589868903160095,
    0.36036962270736694,
    0.3540855050086975,
    0.33040598034858704,
    0.3298901617527008,
    0.3121461272239685,
    0.3157949447631836,
    0.30141645669937134,
    0.29242396354675293,
    0.2836570739746094,
    0.281211793422699,
    0.27307823300361633,
    0.26394516229629517,
    0.2627958655357361,
    0.2548518776893616,
    0.24616873264312744,
    0.24391800165176392,
    0.2435036301612854,
    0.23771139979362488,
    0.2356099933385849,
    0.23139218986034393,
    0.22880540788173676,
    0.2185433804988861,
    0.2278587818145752,
    0.21861007809638977,
    0.21789243817329407,
    0.21804073452949524,
    0.20994573831558228,
    0.20690840482711792,
    0.20938803255558014,
    0.20692141354084015,
    0.20697420835494995,
    0.19896256923675537,
    0.20079025626182556,
    0.20222729444503784,
    0.19733770191669464,
    0.1908453404903412,
    0.19526448845863342,
    0.19178445637226105,
    0.19473464787006378,
    0.18686938285827637,
    0.19261081516742706,
    0.18802842497825623,
    0.1878782957792282,
    0.18737350404262543,
    0.18271152675151825,
    0.18444551527500153,
    0.180490642786026,
    0.18038441240787506
  ],
  "latent_data_pred_loss": [
    1.011579990386963,
    0.9582556486129761,
    0.8913612365722656,
    0.7997223138809204,
    0.668667197227478,
    0.5936129689216614,
    0.57785564661026,
    0.5193018913269043,
    0.4824940264225006,
    0.47233065962791443,
    0.42504197359085083,
    0.41266265511512756,
    0.38552325963974,
    0.36723601818084717,
    0.3502223789691925,
    0.3388808071613312,
    0.32213538885116577,
    0.31787121295928955,
    0.2982284426689148,
    0.296077162027359,
    0.2813510298728943,
    0.284526526927948,
    0.2682371139526367,
    0.2590060234069824,
    0.2466752827167511,
    0.24614351987838745,
    0.24987584352493286,
    0.23858854174613953,
    0.23236384987831116,
    0.2272331714630127,
    0.21898581087589264,
    0.21556106209754944,
    0.2212400883436203,
    0.21374741196632385,
    0.2081572413444519,
    0.2057557851076126,
    0.20323854684829712,
    0.19553998112678528,
    0.19670569896697998,
    0.19240647554397583,
    0.19536609947681427,
    0.18901488184928894,
    0.184463769197464,
    0.18921636044979095,
    0.18440890312194824,
    0.18057915568351746,
    0.184070885181427,
    0.17073655128479004,
    0.1788203865289688,
    0.1810634732246399,
    0.17357346415519714,
    0.16828441619873047,
    0.1748935878276825,
    0.17346040904521942,
    0.1659046858549118,
    0.16665783524513245,
    0.1660647690296173,
    0.16944050788879395,
    0.17172279953956604,
    0.167118102312088,
    0.1656160056591034,
    0.1648290753364563,
    0.16262060403823853,
    0.15887659788131714
  ]
}
