{
  "graph_discov_data_loss": [
    0.9421238899230957,
    0.867455005645752,
    0.7651209831237793,
    0.668529748916626,
    0.6395912170410156,
    0.5890796184539795,
    0.5395729541778564,
    0.5121861100196838,
    0.4896230697631836,
    0.46190354228019714,
    0.43368080258369446,
    0.41136887669563293,
    0.39169546961784363,
    0.3779921531677246,
    0.35774844884872437,
    0.3477618098258972,
    0.3424513638019562,
    0.33642858266830444,
    0.3268088698387146,
    0.31309184432029724,
    0.3145601153373718,
    0.3127283453941345,
    0.30425310134887695,
    0.3013027310371399,
    0.2956870496273041,
    0.28042536973953247,
    0.28756654262542725,
    0.2726927101612091,
    0.26967117190361023,
    0.2720935046672821,
    0.26207229495048523,
    0.2592925429344177,
    0.2550177574157715,
    0.2458871603012085,
    0.25202542543411255,
    0.25229400396347046,
    0.24041777849197388,
    0.24174077808856964,
    0.23772215843200684,
    0.23548656702041626,
    0.22853024303913116,
    0.232168048620224,
    0.2311607301235199,
    0.22238802909851074,
    0.23070010542869568,
    0.22341099381446838,
    0.22678382694721222,
    0.21736164391040802,
    0.22879135608673096,
    0.22071020305156708,
    0.2174338847398758,
    0.2232375144958496,
    0.2140129804611206,
    0.2133215218782425,
    0.2204425036907196,
    0.21084779500961304,
    0.21122825145721436,
    0.21423663198947906,
    0.2040281593799591,
    0.20995067059993744,
    0.20102083683013916,
    0.20294612646102905,
    0.20867589116096497,
    0.2050141990184784
  ],
  "graph_discov_sparsity_loss": [
    0.622459352016449,
    0.6223240494728088,
    0.6222021579742432,
    0.6220880746841431,
    0.6219785213470459,
    0.6218722462654114,
    0.6217668652534485,
    0.6216648817062378,
    0.6215673685073853,
    0.621475100517273,
    0.6213883757591248,
    0.6213065981864929,
    0.6212297677993774,
    0.6211583614349365,
    0.6210916042327881,
    0.6210291981697083,
    0.6209706664085388,
    0.6209162473678589,
    0.6208659410476685,
    0.6208187341690063,
    0.5948830842971802,
    0.5948580503463745,
    0.5948339700698853,
    0.5948116779327393,
    0.5947905778884888,
    0.5947716236114502,
    0.5947537422180176,
    0.5947372913360596,
    0.5947221517562866,
    0.5947086811065674,
    0.5946964025497437,
    0.5946855545043945,
    0.5946763157844543,
    0.5946681499481201,
    0.5946606397628784,
    0.5946541428565979,
    0.5946487188339233,
    0.59464430809021,
    0.594640851020813,
    0.5946382284164429,
    0.5946363210678101,
    0.5946350693702698,
    0.5946344137191772,
    0.5946345329284668,
    0.5946351289749146,
    0.5946359634399414,
    0.594637393951416,
    0.5946391820907593,
    0.5946413278579712,
    0.5946439504623413,
    0.5946469306945801,
    0.594650387763977,
    0.5946543216705322,
    0.594658613204956,
    0.5946629643440247,
    0.5946675539016724,
    0.5946722030639648,
    0.5946769714355469,
    0.5946817398071289,
    0.5946865677833557,
    0.5946915149688721,
    0.5946964025497437,
    0.5947014689445496,
    0.5947064757347107
  ],
  "graph_discov_total_loss": [
    1.004369854927063,
    0.9274882078170776,
    0.8230213522911072,
    0.7243738174438477,
    0.6934523582458496,
    0.6410285234451294,
    0.5896775722503662,
    0.5605121850967407,
    0.5362340211868286,
    0.5068606734275818,
    0.47704318165779114,
    0.45319339632987976,
    0.43203699588775635,
    0.4169035851955414,
    0.39528077840805054,
    0.3839641809463501,
    0.3773711025714874,
    0.3701113760471344,
    0.3592987358570099,
    0.34443119168281555,
    0.34352898597717285,
    0.3406723439693451,
    0.3312084972858429,
    0.3273046016693115,
    0.32076916098594666,
    0.3046203553676605,
    0.3109058141708374,
    0.29520657658576965,
    0.2913888990879059,
    0.2930432856082916,
    0.2822813093662262,
    0.2787870466709137,
    0.273823082447052,
    0.2640276849269867,
    0.2695246636867523,
    0.2691746652126312,
    0.2567017674446106,
    0.2574491798877716,
    0.25287535786628723,
    0.25010421872138977,
    0.24263128638267517,
    0.24577076733112335,
    0.24428272247314453,
    0.23504632711410522,
    0.24291108548641205,
    0.2351904809474945,
    0.2381470650434494,
    0.22832335531711578,
    0.23936574161052704,
    0.23091095685958862,
    0.22727420926094055,
    0.23273015022277832,
    0.2231702208518982,
    0.22215522825717926,
    0.22896410524845123,
    0.21906831860542297,
    0.219158336520195,
    0.221886545419693,
    0.21140779554843903,
    0.2170695811510086,
    0.20788823068141937,
    0.20957088470458984,
    0.215066596865654,
    0.21117912232875824
  ],
  "latent_data_pred_loss": [
    1.0287055969238281,
    0.9429628849029541,
    0.8463735580444336,
    0.7402608394622803,
    0.6902077794075012,
    0.626274049282074,
    0.5828742384910583,
    0.5476037859916687,
    0.5096490383148193,
    0.47433894872665405,
    0.4451183080673218,
    0.4224250018596649,
    0.40168339014053345,
    0.3835083246231079,
    0.35820508003234863,
    0.3526749014854431,
    0.3320305347442627,
    0.32787567377090454,
    0.32551807165145874,
    0.3154691457748413,
    0.30624887347221375,
    0.30941665172576904,
    0.2939668595790863,
    0.30479276180267334,
    0.2868860960006714,
    0.28039315342903137,
    0.27909690141677856,
    0.2659432291984558,
    0.26189887523651123,
    0.2630220055580139,
    0.25021374225616455,
    0.25155875086784363,
    0.24590608477592468,
    0.23905828595161438,
    0.24447064101696014,
    0.2378234714269638,
    0.23224374651908875,
    0.23048198223114014,
    0.22668763995170593,
    0.22258678078651428,
    0.2199467420578003,
    0.2226393222808838,
    0.22311995923519135,
    0.2144005000591278,
    0.2193996012210846,
    0.20950770378112793,
    0.20629557967185974,
    0.20610442757606506,
    0.21508823335170746,
    0.21029327809810638,
    0.20653016865253448,
    0.20257428288459778,
    0.20292508602142334,
    0.20242922008037567,
    0.20437204837799072,
    0.19625867903232574,
    0.20379230380058289,
    0.1960914433002472,
    0.19350352883338928,
    0.19517838954925537,
    0.19432465732097626,
    0.188825324177742,
    0.19807088375091553,
    0.19694292545318604
  ]
}
