{
  "joint_train_loss": [
    2.0867128297686577,
    2.0661257952451706,
    2.0495172142982483,
    2.031628981232643,
    2.0182600542902946,
    2.004873886704445,
    1.9909625872969627,
    1.9783087447285652,
    1.967602550983429,
    1.9555052518844604
  ],
  "joint_val_loss": [
    1.0072553157806396,
    1.0041247606277466,
    1.0016270875930786,
    0.9997204542160034,
    0.9983531832695007,
    0.997429609298706,
    0.9968574643135071,
    0.996533215045929,
    0.9963523149490356,
    0.9962143898010254
  ],
  "reconstruction_train_loss": [
    1.2495330721139908,
    1.2265923619270325,
    1.2070818915963173,
    1.187929280102253,
    1.166858784854412,
    1.150417000055313,
    1.1331922560930252,
    1.1150508746504784,
    1.0992908626794815,
    1.083856739103794
  ],
  "reconstruction_val_loss": [
    1.1498647928237915,
    1.129570722579956,
    1.1098785400390625,
    1.0908414125442505,
    1.0724936723709106,
    1.0548863410949707,
    1.0380396842956543,
    1.0219870805740356,
    1.0065463781356812,
    0.9917091131210327
  ]
}
