{
  "accuracy": 0.924072265625,
  "auprc": 0.11260584206385066,
  "auroc": 0.5496595547664457,
  "dataset": "simulated_EEG_68_static_v2",
  "f1": 0.0,
  "ground_truth_edges": 311,
  "hidden_variable_count": 4,
  "mode": "latent",
  "num_variables": 64,
  "observed_variable_count": 64,
  "predicted_edges": 0,
  "runtime_sec": 1.503225159831345,
  "sample_id": "sample_00263",
  "sequence_length": 1000,
  "shd": 311,
  "split": "test",
  "threshold": 0.05323410034179688
}
