{
  "joint_train_loss": [
    2.082826681435108,
    2.0618481263518333,
    2.0444523245096207,
    2.0246396586298943,
    2.0101575776934624,
    1.9938603937625885,
    1.9798159673810005,
    1.9629845395684242,
    1.9529357925057411,
    1.9400697574019432
  ],
  "joint_val_loss": [
    1.0082614421844482,
    1.0042732954025269,
    1.0008890628814697,
    0.9980812668800354,
    0.9958049058914185,
    0.9940028190612793,
    0.9925811290740967,
    0.9914429187774658,
    0.9904874563217163,
    0.9896162152290344
  ],
  "reconstruction_train_loss": [
    1.2535509020090103,
    1.2305067852139473,
    1.211531713604927,
    1.1902118846774101,
    1.1698669418692589,
    1.1525776609778404,
    1.1340706497430801,
    1.114264152944088,
    1.100237898528576,
    1.0818567052483559
  ],
  "reconstruction_val_loss": [
    1.1443307399749756,
    1.1237714290618896,
    1.1040292978286743,
    1.084973931312561,
    1.06666898727417,
    1.0489987134933472,
    1.0319291353225708,
    1.0155165195465088,
    0.9996809959411621,
    0.9843187928199768
  ]
}
