{
  "joint_train_loss": [
    2.090314731001854,
    2.072462849318981,
    2.052951566874981,
    2.0357136577367783,
    2.0179363787174225,
    2.001570999622345,
    1.9867425188422203,
    1.97754318267107,
    1.9653136134147644,
    1.9534586891531944
  ],
  "joint_val_loss": [
    1.0115745067596436,
    1.0079318284988403,
    1.004882574081421,
    1.0023947954177856,
    1.0004298686981201,
    0.9989115595817566,
    0.9977516531944275,
    0.996849536895752,
    0.9961013793945312,
    0.9954259991645813
  ],
  "reconstruction_train_loss": [
    1.253868356347084,
    1.2322313860058784,
    1.2119287848472595,
    1.1926699504256248,
    1.171705685555935,
    1.1552529782056808,
    1.1348926275968552,
    1.1184845641255379,
    1.098253071308136,
    1.0834201723337173
  ],
  "reconstruction_val_loss": [
    1.1469038724899292,
    1.1263976097106934,
    1.1067084074020386,
    1.087707281112671,
    1.0694512128829956,
    1.0518549680709839,
    1.0349189043045044,
    1.018576979637146,
    1.0028566122055054,
    0.9876996278762817
  ]
}
