{
  "joint_train_loss": [
    2.086625263094902,
    2.0665076673030853,
    2.0499450638890266,
    2.0337911546230316,
    2.019699804484844,
    2.004932753741741,
    1.99176387488842,
    1.978806160390377,
    1.9674869179725647,
    1.9574690759181976
  ],
  "joint_val_loss": [
    1.0072945356369019,
    1.0041860342025757,
    1.0017118453979492,
    0.9998268485069275,
    0.9984756112098694,
    0.9975697994232178,
    0.9970185160636902,
    0.9967139959335327,
    0.9965513348579407,
    0.9964261651039124
  ],
  "reconstruction_train_loss": [
    1.2486701160669327,
    1.2263566851615906,
    1.2081584855914116,
    1.1897059828042984,
    1.1685572639107704,
    1.1508086994290352,
    1.1333613321185112,
    1.1155311837792397,
    1.1003227457404137,
    1.0856969133019447
  ],
  "reconstruction_val_loss": [
    1.1508361101150513,
    1.1305640935897827,
    1.1109129190444946,
    1.0919477939605713,
    1.0736395120620728,
    1.0560648441314697,
    1.0392687320709229,
    1.0232360363006592,
    1.007849097251892,
    0.993049144744873
  ]
}
