{
  "joint_train_loss": [
    2.0865987837314606,
    2.0698660984635353,
    2.0467213094234467,
    2.0294179469347,
    2.0186382457613945,
    1.9999695420265198,
    1.985227346420288,
    1.9726171121001244,
    1.9600885212421417,
    1.9461462125182152
  ],
  "joint_val_loss": [
    1.0103648900985718,
    1.0066362619400024,
    1.0035173892974854,
    1.0009618997573853,
    0.9989246726036072,
    0.997340202331543,
    0.9961177110671997,
    0.9951631426811218,
    0.9943772554397583,
    0.993677020072937
  ],
  "reconstruction_train_loss": [
    1.2530932575464249,
    1.230825312435627,
    1.2094620764255524,
    1.1883236169815063,
    1.1700638607144356,
    1.1504240781068802,
    1.1336143612861633,
    1.1150915250182152,
    1.098655827343464,
    1.0797199830412865
  ],
  "reconstruction_val_loss": [
    1.1447454690933228,
    1.1241024732589722,
    1.1043189764022827,
    1.0851702690124512,
    1.0667763948440552,
    1.0490213632583618,
    1.031898856163025,
    1.0154242515563965,
    0.9995444416999817,
    0.9842389822006226
  ]
}
