{
  "joint_train_loss": [
    2.087944880127907,
    2.068836063146591,
    2.0524462312459946,
    2.0358733162283897,
    2.020279161632061,
    2.0069219917058945,
    1.9936866760253906,
    1.9804814606904984,
    1.9706878960132599,
    1.9595144838094711
  ],
  "joint_val_loss": [
    1.007225513458252,
    1.0041346549987793,
    1.0016813278198242,
    0.9998264908790588,
    0.9985136389732361,
    0.9976528882980347,
    0.9971463084220886,
    0.9968909621238708,
    0.9967777729034424,
    0.9967048168182373
  ],
  "reconstruction_train_loss": [
    1.249437466263771,
    1.227127730846405,
    1.2091755717992783,
    1.1894297525286674,
    1.1684420555830002,
    1.152429349720478,
    1.1344066634774208,
    1.1176877170801163,
    1.1002655327320099,
    1.0845457464456558
  ],
  "reconstruction_val_loss": [
    1.1509556770324707,
    1.130833387374878,
    1.1113364696502686,
    1.092505931854248,
    1.074339509010315,
    1.0569342374801636,
    1.040269136428833,
    1.0243291854858398,
    1.0090303421020508,
    0.9943349361419678
  ]
}
