{
  "accuracy": 0.924072265625,
  "auprc": 0.08718517450029391,
  "auroc": 0.5313587651373887,
  "dataset": "simulated_EEG_68_static_v2",
  "f1": 0.0,
  "ground_truth_edges": 311,
  "hidden_variable_count": 4,
  "mode": "latent",
  "native_binary_accuracy": 0.878173828125,
  "native_binary_f1": 0.10412926391382407,
  "native_binary_shd": 485,
  "num_variables": 64,
  "observed_variable_count": 64,
  "predicted_edges": 0,
  "runtime_sec": 59.53098069597036,
  "sample_id": "sample_00260",
  "sequence_length": 1000,
  "shd": 311,
  "split": "test",
  "threshold": 300.00000000000006
}
