{
  "graph_discov_data_loss": [
    0.9636756181716919,
    0.8416876792907715,
    0.7599925994873047,
    0.6505534648895264,
    0.6100935339927673,
    0.5444021224975586,
    0.5166301727294922,
    0.48343315720558167,
    0.4443883001804352,
    0.4207271337509155,
    0.3709561824798584,
    0.35524287819862366,
    0.3483580946922302,
    0.3350370228290558,
    0.3322102129459381,
    0.30492299795150757,
    0.3036159873008728,
    0.2867394983768463,
    0.29211580753326416,
    0.27209198474884033,
    0.26989424228668213,
    0.26991868019104004,
    0.24958282709121704,
    0.24759653210639954,
    0.2383991777896881,
    0.23559966683387756,
    0.2304610013961792,
    0.23354363441467285,
    0.22844675183296204,
    0.2246181219816208,
    0.21286648511886597,
    0.21903455257415771,
    0.21792767941951752,
    0.21327131986618042,
    0.2239094227552414,
    0.22279217839241028,
    0.21205979585647583,
    0.2128470540046692,
    0.21089552342891693,
    0.20079055428504944,
    0.2038106918334961,
    0.19942529499530792,
    0.19775059819221497,
    0.1972334086894989,
    0.19784605503082275,
    0.19685088098049164,
    0.19574449956417084,
    0.19773980975151062,
    0.19256433844566345,
    0.19013845920562744,
    0.18690228462219238,
    0.1902298480272293,
    0.18793171644210815,
    0.1813807487487793,
    0.1865323781967163,
    0.18978537619113922,
    0.18177543580532074,
    0.18033570051193237,
    0.18072375655174255,
    0.18325619399547577,
    0.17785082757472992,
    0.17973995208740234,
    0.18003886938095093,
    0.18054728209972382
  ],
  "graph_discov_sparsity_loss": [
    0.622459352016449,
    0.6223304271697998,
    0.6222083568572998,
    0.6220938563346863,
    0.6219826936721802,
    0.6218763589859009,
    0.6217727661132812,
    0.6216729879379272,
    0.6215775012969971,
    0.6214869022369385,
    0.6214010119438171,
    0.6213206052780151,
    0.6212453842163086,
    0.6211750507354736,
    0.6211090087890625,
    0.6210477352142334,
    0.6209909319877625,
    0.6209381818771362,
    0.6208893060684204,
    0.6208438873291016,
    0.59488844871521,
    0.5948601961135864,
    0.5948342680931091,
    0.5948120951652527,
    0.5947917103767395,
    0.5947732925415039,
    0.5947566628456116,
    0.5947418212890625,
    0.5947287082672119,
    0.5947177410125732,
    0.5947082042694092,
    0.5946999788284302,
    0.5946927666664124,
    0.5946866869926453,
    0.5946818590164185,
    0.5946780443191528,
    0.5946755409240723,
    0.5946741104125977,
    0.5946739912033081,
    0.5946747064590454,
    0.5946760773658752,
    0.5946778655052185,
    0.5946804285049438,
    0.5946834683418274,
    0.5946868658065796,
    0.5946907997131348,
    0.5946952104568481,
    0.5946998596191406,
    0.5947049260139465,
    0.5947104096412659,
    0.5947163105010986,
    0.5947225093841553,
    0.5947290658950806,
    0.5947356224060059,
    0.5947422385215759,
    0.594748854637146,
    0.5947556495666504,
    0.5947623252868652,
    0.5947690010070801,
    0.5947757959365845,
    0.5947824716567993,
    0.5947891473770142,
    0.594795823097229,
    0.5948023796081543
  ],
  "graph_discov_total_loss": [
    1.0259215831756592,
    0.9017214775085449,
    0.8178935647010803,
    0.7063980102539062,
    0.66395503282547,
    0.5963513255119324,
    0.5667352676391602,
    0.5317598581314087,
    0.4910000264644623,
    0.4656851291656494,
    0.4143194556236267,
    0.3970683515071869,
    0.3887006342411041,
    0.3739495277404785,
    0.36974361538887024,
    0.3411264419555664,
    0.3385368585586548,
    0.3204234838485718,
    0.32460689544677734,
    0.3034325838088989,
    0.29886338114738464,
    0.2978627681732178,
    0.27653825283050537,
    0.27359840273857117,
    0.26348134875297546,
    0.2597947120666504,
    0.2538003921508789,
    0.2560576796531677,
    0.2501647174358368,
    0.24556821584701538,
    0.23307591676712036,
    0.2385295331478119,
    0.23673351109027863,
    0.23141241073608398,
    0.2414092868566513,
    0.23967352509498596,
    0.22834450006484985,
    0.22855624556541443,
    0.22604958713054657,
    0.21540911495685577,
    0.2179126888513565,
    0.21302898228168488,
    0.21087361872196198,
    0.20989274978637695,
    0.2100580930709839,
    0.2086314558982849,
    0.20710884034633636,
    0.20870263874530792,
    0.20313985645771027,
    0.20034034550189972,
    0.19674375653266907,
    0.19972363114356995,
    0.19709010422229767,
    0.1902155876159668,
    0.19505511224269867,
    0.1980070173740387,
    0.18970662355422974,
    0.18798670172691345,
    0.18810446560382843,
    0.1903761625289917,
    0.1847192645072937,
    0.1863657534122467,
    0.18643058836460114,
    0.18671320378780365
  ],
  "latent_data_pred_loss": [
    1.071516990661621,
    0.9304581880569458,
    0.8453716039657593,
    0.7160502672195435,
    0.658240556716919,
    0.5850423574447632,
    0.5534625053405762,
    0.508134663105011,
    0.4811007082462311,
    0.4478451609611511,
    0.39088761806488037,
    0.3648492991924286,
    0.35276561975479126,
    0.33809781074523926,
    0.33543211221694946,
    0.30768877267837524,
    0.300132691860199,
    0.2851100564002991,
    0.28117814660072327,
    0.2707507014274597,
    0.26735419034957886,
    0.2645542025566101,
    0.24807558953762054,
    0.23950378596782684,
    0.23243972659111023,
    0.23440492153167725,
    0.22494080662727356,
    0.2243550717830658,
    0.21838778257369995,
    0.2132996916770935,
    0.20592659711837769,
    0.21076416969299316,
    0.21379780769348145,
    0.20750054717063904,
    0.21037557721138,
    0.20294785499572754,
    0.20274026691913605,
    0.20006051659584045,
    0.19982072710990906,
    0.1875106245279312,
    0.19391392171382904,
    0.18813419342041016,
    0.1877337247133255,
    0.18731145560741425,
    0.18702629208564758,
    0.18623404204845428,
    0.1845489889383316,
    0.18010197579860687,
    0.17814600467681885,
    0.1769298017024994,
    0.1747036874294281,
    0.17888584733009338,
    0.18083716928958893,
    0.17516770958900452,
    0.17435359954833984,
    0.1734130084514618,
    0.17327642440795898,
    0.1711868792772293,
    0.16555988788604736,
    0.1676062047481537,
    0.16986890137195587,
    0.16886749863624573,
    0.16692449152469635,
    0.16927964985370636
  ]
}
