{
  "joint_train_loss": [
    2.094736322760582,
    2.0774250105023384,
    2.054914675652981,
    2.039600484073162,
    2.024256184697151,
    2.009056903421879,
    1.9953055456280708,
    1.9805133789777756,
    1.9723329991102219,
    1.9590981230139732
  ],
  "joint_val_loss": [
    1.0106744766235352,
    1.0069818496704102,
    1.0038871765136719,
    1.0013549327850342,
    0.9993441700935364,
    0.9977927207946777,
    0.9966202974319458,
    0.9957349300384521,
    0.9950509071350098,
    0.9944729208946228
  ],
  "reconstruction_train_loss": [
    1.254966989159584,
    1.2367841601371765,
    1.2120556235313416,
    1.1949278265237808,
    1.1742325499653816,
    1.1570614725351334,
    1.138353668153286,
    1.1216681599617004,
    1.103784829378128,
    1.0855286791920662
  ],
  "reconstruction_val_loss": [
    1.1428049802780151,
    1.122727394104004,
    1.1034504175186157,
    1.0848346948623657,
    1.0669379234313965,
    1.0497663021087646,
    1.0332273244857788,
    1.0173240900039673,
    1.0019551515579224,
    0.9871566891670227
  ]
}
