{
  "joint_train_loss": [
    2.0873334854841232,
    2.0697447061538696,
    2.051330476999283,
    2.0352554470300674,
    2.0209116339683533,
    2.0061376616358757,
    1.9929390251636505,
    1.9805229902267456,
    1.9695822522044182,
    1.957942172884941
  ],
  "joint_val_loss": [
    1.0072696208953857,
    1.00418221950531,
    1.0017292499542236,
    0.9998741745948792,
    0.9985549449920654,
    0.9976828098297119,
    0.9971592426300049,
    0.99688720703125,
    0.9967492818832397,
    0.9966466426849365
  ],
  "reconstruction_train_loss": [
    1.2492407709360123,
    1.227662980556488,
    1.2083686366677284,
    1.1902239173650742,
    1.169675037264824,
    1.1530988290905952,
    1.1348095536231995,
    1.1169146299362183,
    1.1016784235835075,
    1.084637239575386
  ],
  "reconstruction_val_loss": [
    1.1514891386032104,
    1.1312905550003052,
    1.1117230653762817,
    1.0928080081939697,
    1.07457435131073,
    1.0570664405822754,
    1.0403316020965576,
    1.0243213176727295,
    1.008971929550171,
    0.9941765069961548
  ]
}
