{
  "accuracy": 0.924072265625,
  "auprc": 0.07315346736852839,
  "auroc": 0.49197330807426504,
  "dataset": "simulated_EEG_68_static_v2",
  "f1": 0.0,
  "ground_truth_edges": 311,
  "hidden_variable_count": 4,
  "mode": "latent",
  "native_binary_accuracy": 0.8779296875,
  "native_binary_f1": 0.049429657794676805,
  "native_binary_shd": 480,
  "num_variables": 64,
  "observed_variable_count": 64,
  "predicted_edges": 0,
  "runtime_sec": 59.866468586958945,
  "sample_id": "sample_00255",
  "sequence_length": 1000,
  "shd": 311,
  "split": "test",
  "threshold": 300.00000000000006
}
