{
  "accuracy": 0.924072265625,
  "auprc": 0.080939131388202,
  "auroc": 0.5103229451167454,
  "dataset": "simulated_EEG_68_static_v2",
  "f1": 0.0,
  "ground_truth_edges": 311,
  "hidden_variable_count": 4,
  "mode": "latent",
  "native_binary_accuracy": 0.882568359375,
  "native_binary_f1": 0.08030592734225621,
  "native_binary_shd": 470,
  "num_variables": 64,
  "observed_variable_count": 64,
  "predicted_edges": 0,
  "runtime_sec": 56.218246625270694,
  "sample_id": "sample_00268",
  "sequence_length": 1000,
  "shd": 311,
  "split": "test",
  "threshold": 300.00000000000006
}
