{
  "joint_train_loss": [
    2.0832933634519577,
    2.066582292318344,
    2.04609052836895,
    2.0274164378643036,
    2.013232544064522,
    1.9953843653202057,
    1.9834146425127983,
    1.9726845026016235,
    1.962269902229309,
    1.948732078075409
  ],
  "joint_val_loss": [
    1.0101670026779175,
    1.0063282251358032,
    1.0030938386917114,
    1.0004404783248901,
    0.9983308911323547,
    0.9967036247253418,
    0.9954789280891418,
    0.9945590496063232,
    0.993843138217926,
    0.9932349920272827
  ],
  "reconstruction_train_loss": [
    1.2440552860498428,
    1.221947081387043,
    1.2023971751332283,
    1.184539295732975,
    1.1625709310173988,
    1.145394191145897,
    1.1282192915678024,
    1.1112371757626534,
    1.0937390178442001,
    1.077950358390808
  ],
  "reconstruction_val_loss": [
    1.1341404914855957,
    1.1142174005508423,
    1.0951122045516968,
    1.0766783952713013,
    1.0589828491210938,
    1.041890263557434,
    1.0254889726638794,
    1.0096768140792847,
    0.9944959282875061,
    0.9798192977905273
  ]
}
