{
  "accuracy": 0.9722222222222222,
  "auprc": 0.8095238095238094,
  "auroc": 0.9595959595959596,
  "dataset": "nc8",
  "f1": 0.8,
  "ground_truth_edges": 3,
  "hidden_variable_count": 2,
  "mode": "latent",
  "native_binary_accuracy": 0.8611111111111112,
  "native_binary_f1": 0.5454545454545454,
  "native_binary_shd": 5,
  "num_variables": 6,
  "observed_variable_count": 6,
  "predicted_edges": 2,
  "runtime_sec": 11.994720907416195,
  "sample_id": "replica_001",
  "sequence_length": 2000,
  "shd": 1,
  "split": null,
  "threshold": 1.8244324326515198
}
