{
  "graph_discov_data_loss": [
    0.9434258937835693,
    0.8973119258880615,
    0.7905606031417847,
    0.70766681432724,
    0.6504020094871521,
    0.6118505001068115,
    0.5843214988708496,
    0.5016981363296509,
    0.46464842557907104,
    0.4327828288078308,
    0.4147934317588806,
    0.39410868287086487,
    0.3597935140132904,
    0.3621675968170166,
    0.3372872471809387,
    0.34603291749954224,
    0.3154243230819702,
    0.30848926305770874,
    0.29749795794487,
    0.29512375593185425,
    0.29132378101348877,
    0.2831065058708191,
    0.28166329860687256,
    0.2767941951751709,
    0.27000463008880615,
    0.2571903467178345,
    0.2597103714942932,
    0.25516578555107117,
    0.24337664246559143,
    0.24368268251419067,
    0.23816195130348206,
    0.23253533244132996,
    0.23816196620464325,
    0.23548445105552673,
    0.22759178280830383,
    0.2285671830177307,
    0.21936583518981934,
    0.21811237931251526,
    0.21735283732414246,
    0.2173471301794052,
    0.2087945193052292,
    0.21875987946987152,
    0.21211519837379456,
    0.2066321074962616,
    0.20664358139038086,
    0.20838934183120728,
    0.20943720638751984,
    0.20010294020175934,
    0.20834630727767944,
    0.1943269670009613,
    0.20007604360580444,
    0.19632261991500854,
    0.1941925287246704,
    0.1982024610042572,
    0.19543009996414185,
    0.19823062419891357,
    0.18849089741706848,
    0.1847316026687622,
    0.19452479481697083,
    0.19430190324783325,
    0.18785613775253296,
    0.19119518995285034,
    0.1887637823820114,
    0.18511003255844116
  ],
  "graph_discov_sparsity_loss": [
    0.622459352016449,
    0.6223191618919373,
    0.6221930384635925,
    0.6220757961273193,
    0.6219667196273804,
    0.6218620538711548,
    0.6217613816261292,
    0.6216637492179871,
    0.6215692162513733,
    0.6214789748191833,
    0.6213933229446411,
    0.6213127374649048,
    0.6212379932403564,
    0.6211683750152588,
    0.6211039423942566,
    0.6210445165634155,
    0.6209903359413147,
    0.6209399700164795,
    0.6208931803703308,
    0.6208499670028687,
    0.5948899984359741,
    0.594868540763855,
    0.5948456525802612,
    0.5948243141174316,
    0.594805121421814,
    0.5947880744934082,
    0.5947729349136353,
    0.5947600603103638,
    0.5947489142417908,
    0.5947394371032715,
    0.5947314500808716,
    0.5947250127792358,
    0.5947195291519165,
    0.5947151184082031,
    0.5947116613388062,
    0.5947092175483704,
    0.594707727432251,
    0.5947070121765137,
    0.5947071313858032,
    0.5947080850601196,
    0.5947096347808838,
    0.5947118997573853,
    0.5947146415710449,
    0.5947180986404419,
    0.5947220325469971,
    0.5947263240814209,
    0.5947310924530029,
    0.5947360992431641,
    0.5947414636611938,
    0.5947471857070923,
    0.5947530269622803,
    0.5947588682174683,
    0.5947648286819458,
    0.5947709679603577,
    0.5947772264480591,
    0.5947835445404053,
    0.5947899222373962,
    0.5947964191436768,
    0.5948029160499573,
    0.594809353351593,
    0.594815731048584,
    0.5948221683502197,
    0.594828724861145,
    0.5948350429534912
  ],
  "graph_discov_total_loss": [
    1.0056718587875366,
    0.957344651222229,
    0.8484601378440857,
    0.7635097503662109,
    0.7042621374130249,
    0.6637985110282898,
    0.6344256401062012,
    0.5500240921974182,
    0.5112595558166504,
    0.47774025797843933,
    0.45815616846084595,
    0.4359336197376251,
    0.4001355767250061,
    0.4010796546936035,
    0.374820351600647,
    0.38223618268966675,
    0.3503451645374298,
    0.34217333793640137,
    0.3299892544746399,
    0.3264646530151367,
    0.32029297947883606,
    0.31105098128318787,
    0.3086192309856415,
    0.3027966022491455,
    0.29508736729621887,
    0.28138598799705505,
    0.28305038809776306,
    0.27768051624298096,
    0.2650953233242035,
    0.26463353633880615,
    0.25837215781211853,
    0.252031147480011,
    0.2569686472415924,
    0.25362640619277954,
    0.24509252607822418,
    0.24544940888881683,
    0.235651433467865,
    0.23382245004177094,
    0.23250773549079895,
    0.2319665104150772,
    0.22289730608463287,
    0.23236435651779175,
    0.22523896396160126,
    0.21929217875003815,
    0.2188563495874405,
    0.22017061710357666,
    0.22080223262310028,
    0.21106643974781036,
    0.2189224660396576,
    0.20452947914600372,
    0.20991811156272888,
    0.20581698417663574,
    0.2033514678478241,
    0.20703783631324768,
    0.2039533257484436,
    0.20645274221897125,
    0.1964225471019745,
    0.1923830509185791,
    0.20190593600273132,
    0.20142227411270142,
    0.19472496211528778,
    0.19782134890556335,
    0.19515585899353027,
    0.19127628207206726
  ],
  "latent_data_pred_loss": [
    1.025285243988037,
    0.9673641920089722,
    0.8645669221878052,
    0.779971182346344,
    0.708066463470459,
    0.6623550653457642,
    0.6254468560218811,
    0.5411803722381592,
    0.4908180832862854,
    0.4512428939342499,
    0.42510467767715454,
    0.4006812572479248,
    0.3612801432609558,
    0.3612467646598816,
    0.34057050943374634,
    0.3389979302883148,
    0.3209930658340454,
    0.3074883222579956,
    0.29030802845954895,
    0.2929103672504425,
    0.28861454129219055,
    0.2777777910232544,
    0.27772414684295654,
    0.265029639005661,
    0.2672821879386902,
    0.2432076632976532,
    0.249345600605011,
    0.24282950162887573,
    0.23121187090873718,
    0.23437020182609558,
    0.2319609820842743,
    0.22354239225387573,
    0.2273687720298767,
    0.22788116335868835,
    0.216721311211586,
    0.21986889839172363,
    0.2094724327325821,
    0.2080124020576477,
    0.2021678388118744,
    0.2037351429462433,
    0.20320308208465576,
    0.20522567629814148,
    0.2018640637397766,
    0.19929303228855133,
    0.19849807024002075,
    0.19766812026500702,
    0.192752406001091,
    0.18785794079303741,
    0.19177058339118958,
    0.19143082201480865,
    0.18901869654655457,
    0.1835779845714569,
    0.18362733721733093,
    0.18420985341072083,
    0.1850149780511856,
    0.1805492639541626,
    0.17896132171154022,
    0.17894065380096436,
    0.18394364416599274,
    0.17722614109516144,
    0.18054820597171783,
    0.17505033314228058,
    0.17601540684700012,
    0.17079424858093262
  ]
}
