{
  "joint_train_loss": [
    2.090214677155018,
    2.0709212496876717,
    2.053211137652397,
    2.0373653396964073,
    2.0251952037215233,
    2.011158049106598,
    1.9990695863962173,
    1.9880257472395897,
    1.9759288132190704,
    1.9665380269289017
  ],
  "joint_val_loss": [
    1.0070983171463013,
    1.0040956735610962,
    1.0017268657684326,
    0.999958336353302,
    0.9987286925315857,
    0.9979467988014221,
    0.9975138306617737,
    0.9973315596580505,
    0.9972890615463257,
    0.9972841739654541
  ],
  "reconstruction_train_loss": [
    1.2473228126764297,
    1.2276888489723206,
    1.2077095434069633,
    1.189162403345108,
    1.1705524250864983,
    1.1518077179789543,
    1.1355367079377174,
    1.1192067936062813,
    1.1016198098659515,
    1.0872743651270866
  ],
  "reconstruction_val_loss": [
    1.1494158506393433,
    1.1296401023864746,
    1.110560417175293,
    1.09213125705719,
    1.0743954181671143,
    1.057360291481018,
    1.0410640239715576,
    1.0254639387130737,
    1.010561466217041,
    0.9961890578269958
  ]
}
