{
  "graph_discov_data_loss": [
    0.932888925075531,
    0.843959629535675,
    0.7160285711288452,
    0.6506850719451904,
    0.5768918991088867,
    0.521085262298584,
    0.4681231677532196,
    0.44989800453186035,
    0.4324997663497925,
    0.41828984022140503,
    0.39608269929885864,
    0.3799925446510315,
    0.34830090403556824,
    0.34928369522094727,
    0.33178281784057617,
    0.3305039405822754,
    0.31196051836013794,
    0.3018540143966675,
    0.29429784417152405,
    0.2854945957660675,
    0.2824067771434784,
    0.28023844957351685,
    0.2699729800224304,
    0.27219879627227783,
    0.26765570044517517,
    0.26457786560058594,
    0.2521135210990906,
    0.2533060312271118,
    0.243576318025589,
    0.24479545652866364,
    0.23863932490348816,
    0.2408856600522995,
    0.23835203051567078,
    0.23637892305850983,
    0.22488951683044434,
    0.22776487469673157,
    0.22733724117279053,
    0.21962645649909973,
    0.22005465626716614,
    0.22243867814540863,
    0.22251147031784058,
    0.22315360605716705,
    0.20915627479553223,
    0.21228864789009094,
    0.20870473980903625,
    0.20624946057796478,
    0.2099425047636032,
    0.20700563490390778,
    0.20263126492500305,
    0.20808768272399902,
    0.20779213309288025,
    0.2061016857624054,
    0.20134010910987854,
    0.19586530327796936,
    0.20034076273441315,
    0.19992324709892273,
    0.19719165563583374,
    0.19538837671279907,
    0.1965571939945221,
    0.19612284004688263,
    0.1965334564447403,
    0.19409917294979095,
    0.19248327612876892,
    0.19292376935482025
  ],
  "graph_discov_sparsity_loss": [
    0.622459352016449,
    0.6223280429840088,
    0.6222124695777893,
    0.6221029758453369,
    0.6220002174377441,
    0.6218987703323364,
    0.6217991709709167,
    0.6217027306556702,
    0.6216099858283997,
    0.6215214729309082,
    0.6214382648468018,
    0.6213605403900146,
    0.6212881803512573,
    0.621220588684082,
    0.6211574077606201,
    0.6210979223251343,
    0.6210423707962036,
    0.620991051197052,
    0.6209433078765869,
    0.6208992004394531,
    0.5948995351791382,
    0.5948701500892639,
    0.5948457717895508,
    0.5948243737220764,
    0.5948055982589722,
    0.5947887897491455,
    0.594773530960083,
    0.5947597026824951,
    0.5947464108467102,
    0.5947344303131104,
    0.5947235822677612,
    0.5947141647338867,
    0.5947062969207764,
    0.5946996212005615,
    0.5946943163871765,
    0.5946899652481079,
    0.5946871042251587,
    0.5946851968765259,
    0.5946841239929199,
    0.5946837663650513,
    0.5946841835975647,
    0.5946851968765259,
    0.5946869850158691,
    0.5946893692016602,
    0.5946924090385437,
    0.5946957468986511,
    0.5946996212005615,
    0.5947039127349854,
    0.5947085618972778,
    0.5947136282920837,
    0.5947191715240479,
    0.5947248935699463,
    0.5947309136390686,
    0.5947370529174805,
    0.5947431325912476,
    0.5947492122650146,
    0.5947555303573608,
    0.5947617292404175,
    0.5947681069374084,
    0.5947745442390442,
    0.5947809219360352,
    0.5947872996330261,
    0.5947935581207275,
    0.5947997570037842
  ],
  "graph_discov_total_loss": [
    0.9951348304748535,
    0.9039932489395142,
    0.7739299535751343,
    0.7065304517745972,
    0.6307548880577087,
    0.5730363726615906,
    0.5182303786277771,
    0.49822700023651123,
    0.47911393642425537,
    0.4632503390312195,
    0.4394485652446747,
    0.4218207001686096,
    0.3886462152004242,
    0.3881990313529968,
    0.3693191409111023,
    0.3667103052139282,
    0.3468843102455139,
    0.33554086089134216,
    0.32679176330566406,
    0.31683799624443054,
    0.3113764524459839,
    0.3081830143928528,
    0.29692891240119934,
    0.29820120334625244,
    0.2927384376525879,
    0.2887735366821289,
    0.2754535675048828,
    0.2758207619190216,
    0.2652949094772339,
    0.265746146440506,
    0.25884926319122314,
    0.2603811025619507,
    0.2571582794189453,
    0.2545204162597656,
    0.2423897534608841,
    0.24464654922485352,
    0.24362227320671082,
    0.23533594608306885,
    0.23520897328853607,
    0.23705746233463287,
    0.2366136610507965,
    0.23675745725631714,
    0.22227942943572998,
    0.22494810819625854,
    0.22091689705848694,
    0.21803012490272522,
    0.2213069349527359,
    0.21796853840351105,
    0.21320684254169464,
    0.21828962862491608,
    0.21763364970684052,
    0.21559551358222961,
    0.21049852669239044,
    0.20470017194747925,
    0.2088635116815567,
    0.2081448882818222,
    0.20512284338474274,
    0.20303937792778015,
    0.20393790304660797,
    0.20324279367923737,
    0.20340187847614288,
    0.20072494447231293,
    0.19887498021125793,
    0.1990896612405777
  ],
  "latent_data_pred_loss": [
    1.0156779289245605,
    0.921057939529419,
    0.796878457069397,
    0.7247555255889893,
    0.6302481293678284,
    0.5662499666213989,
    0.5056941509246826,
    0.47775715589523315,
    0.4488323926925659,
    0.4322878122329712,
    0.40461909770965576,
    0.38432109355926514,
    0.358051598072052,
    0.3548704981803894,
    0.3363919258117676,
    0.330546498298645,
    0.30751651525497437,
    0.3021615147590637,
    0.2969241738319397,
    0.2776149809360504,
    0.2747993469238281,
    0.28111663460731506,
    0.2607881426811218,
    0.26590514183044434,
    0.2655954957008362,
    0.26010388135910034,
    0.2463376224040985,
    0.24494384229183197,
    0.24340540170669556,
    0.2359975278377533,
    0.2335357815027237,
    0.23210963606834412,
    0.22995923459529877,
    0.22624419629573822,
    0.21878843009471893,
    0.21942909061908722,
    0.21230244636535645,
    0.21289405226707458,
    0.21264448761940002,
    0.21404120326042175,
    0.2097068428993225,
    0.21268998086452484,
    0.20407333970069885,
    0.19880865514278412,
    0.1946478635072708,
    0.1930444836616516,
    0.1949685513973236,
    0.19177614152431488,
    0.19505542516708374,
    0.1958964467048645,
    0.19550859928131104,
    0.19482314586639404,
    0.18615014851093292,
    0.1868816614151001,
    0.18902543187141418,
    0.1869451254606247,
    0.18712642788887024,
    0.18445686995983124,
    0.18100827932357788,
    0.18506480753421783,
    0.1856982409954071,
    0.17875412106513977,
    0.17786313593387604,
    0.18083901703357697
  ]
}
