{
  "joint_train_loss": [
    2.087217792868614,
    2.0699283182621,
    2.05095162242651,
    2.0357864275574684,
    2.021268755197525,
    2.0070817843079567,
    1.9945732653141022,
    1.9816737174987793,
    1.9703077152371407,
    1.9590501189231873
  ],
  "joint_val_loss": [
    1.0073243379592896,
    1.0042587518692017,
    1.0018292665481567,
    1.000001072883606,
    0.9987191557884216,
    0.9978868961334229,
    0.9974084496498108,
    0.9971814155578613,
    0.9970982670783997,
    0.9970550537109375
  ],
  "reconstruction_train_loss": [
    1.2469896227121353,
    1.2265405058860779,
    1.2080272287130356,
    1.1887262612581253,
    1.1699549481272697,
    1.1505013182759285,
    1.1329087913036346,
    1.116199366748333,
    1.100356474518776,
    1.0837777256965637
  ],
  "reconstruction_val_loss": [
    1.150182843208313,
    1.1301093101501465,
    1.1106897592544556,
    1.0919256210327148,
    1.0738545656204224,
    1.0565241575241089,
    1.039931297302246,
    1.024031162261963,
    1.0087999105453491,
    0.994159460067749
  ]
}
