{
  "accuracy": 0.924072265625,
  "auprc": 0.07627343745817708,
  "auroc": 0.5080436823304039,
  "dataset": "simulated_EEG_68_static_v2",
  "f1": 0.0,
  "ground_truth_edges": 311,
  "hidden_variable_count": 4,
  "mode": "latent",
  "native_binary_accuracy": 0.878662109375,
  "native_binary_f1": 0.07102803738317758,
  "native_binary_shd": 478,
  "num_variables": 64,
  "observed_variable_count": 64,
  "predicted_edges": 0,
  "runtime_sec": 55.9500884488225,
  "sample_id": "sample_00272",
  "sequence_length": 1000,
  "shd": 311,
  "split": "test",
  "threshold": 300.00000000000006
}
