{
  "joint_train_loss": [
    2.0919591560959816,
    2.0728259161114693,
    2.056419089436531,
    2.039911136031151,
    2.021230824291706,
    2.0066989362239838,
    1.994480200111866,
    1.9800535291433334,
    1.972183994948864,
    1.9586660861968994
  ],
  "joint_val_loss": [
    1.0113368034362793,
    1.0078063011169434,
    1.0048723220825195,
    1.0025044679641724,
    1.0006532669067383,
    0.9992573261260986,
    0.9982365369796753,
    0.9974995255470276,
    0.9969502091407776,
    0.9964924454689026
  ],
  "reconstruction_train_loss": [
    1.2521578222513199,
    1.2341230511665344,
    1.209098756313324,
    1.1924323737621307,
    1.1743342205882072,
    1.1542518883943558,
    1.133980542421341,
    1.1207782998681068,
    1.101709470152855,
    1.0850159749388695
  ],
  "reconstruction_val_loss": [
    1.146369218826294,
    1.1261954307556152,
    1.106797695159912,
    1.0880826711654663,
    1.070045828819275,
    1.0527172088623047,
    1.036041259765625,
    1.0200364589691162,
    1.0045799016952515,
    0.9896928071975708
  ]
}
