{
  "accuracy": 0.9166666666666666,
  "auprc": 0.2240740740740741,
  "auroc": 0.797979797979798,
  "dataset": "nc8",
  "f1": 0.0,
  "ground_truth_edges": 3,
  "hidden_variable_count": 2,
  "mode": "latent",
  "num_variables": 6,
  "observed_variable_count": 6,
  "predicted_edges": 0,
  "runtime_sec": 156.7060314230621,
  "sample_id": "replica_004",
  "sequence_length": 2000,
  "shd": 3,
  "split": null,
  "threshold": 0.8524832129478456
}
