{
  "joint_train_loss": [
    2.0875306501984596,
    2.070833958685398,
    2.052785612642765,
    2.0369675680994987,
    2.0202843844890594,
    2.00671723484993,
    1.995232492685318,
    1.9823586866259575,
    1.9718450754880905,
    1.9618840143084526
  ],
  "joint_val_loss": [
    1.007416009902954,
    1.0043776035308838,
    1.0019768476486206,
    1.0001815557479858,
    0.9989268779754639,
    0.9981229305267334,
    0.9976735711097717,
    0.9974702000617981,
    0.9974077343940735,
    0.9973835945129395
  ],
  "reconstruction_train_loss": [
    1.248935118317604,
    1.2286106944084167,
    1.2084373012185097,
    1.1912894248962402,
    1.169438049197197,
    1.1519925072789192,
    1.1346662119030952,
    1.1166354268789291,
    1.1011161804199219,
    1.0858037993311882
  ],
  "reconstruction_val_loss": [
    1.1517187356948853,
    1.1315926313400269,
    1.1121121644973755,
    1.0932945013046265,
    1.0751570463180542,
    1.0577735900878906,
    1.0411548614501953,
    1.0252437591552734,
    1.0099655389785767,
    0.995269238948822
  ]
}
