{
  "graph_discov_data_loss": [
    0.9501208066940308,
    0.8650197982788086,
    0.7787210941314697,
    0.6986706256866455,
    0.625357985496521,
    0.5701358318328857,
    0.5123064517974854,
    0.46864333748817444,
    0.46073806285858154,
    0.4385119080543518,
    0.4249154329299927,
    0.39420682191848755,
    0.3750001788139343,
    0.36272430419921875,
    0.355617880821228,
    0.3358224332332611,
    0.3184228539466858,
    0.3120293617248535,
    0.3064509332180023,
    0.3061344623565674,
    0.30043825507164,
    0.2836214303970337,
    0.286340594291687,
    0.2719734013080597,
    0.2679179906845093,
    0.2611280679702759,
    0.25397205352783203,
    0.2528998553752899,
    0.2517099976539612,
    0.25075045228004456,
    0.25182580947875977,
    0.24975994229316711,
    0.23748958110809326,
    0.23519596457481384,
    0.23182667791843414,
    0.22784456610679626,
    0.22432368993759155,
    0.22676001489162445,
    0.21634697914123535,
    0.22324611246585846,
    0.21242746710777283,
    0.21809709072113037,
    0.21340472996234894,
    0.20932123064994812,
    0.20507174730300903,
    0.21509632468223572,
    0.2059643715620041,
    0.2042064666748047,
    0.1983482539653778,
    0.20495229959487915,
    0.20018671452999115,
    0.20025038719177246,
    0.19751469790935516,
    0.20306560397148132,
    0.19840848445892334,
    0.19372162222862244,
    0.20111486315727234,
    0.19756171107292175,
    0.1880166232585907,
    0.19173914194107056,
    0.18468983471393585,
    0.1911366581916809,
    0.19251281023025513,
    0.1887475848197937
  ],
  "graph_discov_sparsity_loss": [
    0.622459352016449,
    0.622320294380188,
    0.6221998929977417,
    0.6220905184745789,
    0.6219860911369324,
    0.6218833327293396,
    0.6217818856239319,
    0.6216824054718018,
    0.6215873956680298,
    0.6214962601661682,
    0.6214097142219543,
    0.6213285326957703,
    0.6212523579597473,
    0.6211816668510437,
    0.6211155652999878,
    0.621053159236908,
    0.6209955215454102,
    0.620941698551178,
    0.6208913922309875,
    0.6208447217941284,
    0.5948883295059204,
    0.5948584675788879,
    0.5948294401168823,
    0.5948034524917603,
    0.5947800874710083,
    0.5947585105895996,
    0.5947388410568237,
    0.5947209596633911,
    0.5947039127349854,
    0.5946880578994751,
    0.5946736335754395,
    0.594660758972168,
    0.5946492552757263,
    0.5946388244628906,
    0.5946300029754639,
    0.5946223735809326,
    0.5946158170700073,
    0.5946105718612671,
    0.5946063995361328,
    0.5946029424667358,
    0.5946003198623657,
    0.5945982336997986,
    0.5945967435836792,
    0.5945959091186523,
    0.5945959091186523,
    0.5945964455604553,
    0.5945976972579956,
    0.5945993661880493,
    0.5946013927459717,
    0.5946038961410522,
    0.5946067571640015,
    0.5946100950241089,
    0.5946136713027954,
    0.5946175456047058,
    0.5946218967437744,
    0.5946263074874878,
    0.5946308970451355,
    0.5946357250213623,
    0.5946406126022339,
    0.5946455001831055,
    0.5946505665779114,
    0.5946557521820068,
    0.5946609973907471,
    0.5946662425994873
  ],
  "graph_discov_total_loss": [
    1.012366771697998,
    0.9250526428222656,
    0.8366212844848633,
    0.7545148730278015,
    0.6792197823524475,
    0.6220856308937073,
    0.5624122619628906,
    0.5169707536697388,
    0.5073505640029907,
    0.4834705889225006,
    0.46827930212020874,
    0.43603283166885376,
    0.41534316539764404,
    0.4016371965408325,
    0.3931516706943512,
    0.3720262050628662,
    0.35334399342536926,
    0.3457135260105133,
    0.33894211053848267,
    0.33747512102127075,
    0.32940739393234253,
    0.31156542897224426,
    0.31329578161239624,
    0.29797491431236267,
    0.29299965500831604,
    0.28532251715660095,
    0.27731072902679443,
    0.2754130959510803,
    0.2734270393848419,
    0.2716994881629944,
    0.27203404903411865,
    0.2692536413669586,
    0.25629404187202454,
    0.2533355951309204,
    0.24932502210140228,
    0.2447243332862854,
    0.24060676991939545,
    0.24246753752231598,
    0.2314993143081665,
    0.23786289989948273,
    0.22652766108512878,
    0.23169896006584167,
    0.2265259027481079,
    0.22197869420051575,
    0.21728192269802094,
    0.22687502205371857,
    0.21732684969902039,
    0.21516744792461395,
    0.20892192423343658,
    0.21515235304832458,
    0.21002636849880219,
    0.20974238216876984,
    0.2066713124513626,
    0.21189869940280914,
    0.20692948997020721,
    0.2019415646791458,
    0.20904439687728882,
    0.2052110880613327,
    0.19539573788642883,
    0.19885756075382233,
    0.19155675172805786,
    0.19776096940040588,
    0.19890308380126953,
    0.19491209089756012
  ],
  "latent_data_pred_loss": [
    1.0355769395828247,
    0.9507925510406494,
    0.872604489326477,
    0.7822441458702087,
    0.666140079498291,
    0.6143010854721069,
    0.560039758682251,
    0.5143638849258423,
    0.4767945110797882,
    0.4486347734928131,
    0.43110954761505127,
    0.40313979983329773,
    0.3802037239074707,
    0.3719639480113983,
    0.36158642172813416,
    0.33595284819602966,
    0.3225829601287842,
    0.31430357694625854,
    0.3032090961933136,
    0.3051499128341675,
    0.30250513553619385,
    0.28284814953804016,
    0.28245511651039124,
    0.26680970191955566,
    0.26333197951316833,
    0.2545880079269409,
    0.25010502338409424,
    0.24364957213401794,
    0.24343302845954895,
    0.2445870339870453,
    0.24022918939590454,
    0.24265599250793457,
    0.2264634370803833,
    0.22341102361679077,
    0.22167430818080902,
    0.21393391489982605,
    0.21378004550933838,
    0.2180933803319931,
    0.20686075091362,
    0.2136385291814804,
    0.20811748504638672,
    0.21199578046798706,
    0.20727971196174622,
    0.19926846027374268,
    0.196576789021492,
    0.20013251900672913,
    0.1956130564212799,
    0.19189275801181793,
    0.1850593090057373,
    0.18888245522975922,
    0.18513424694538116,
    0.18934743106365204,
    0.18592724204063416,
    0.1819673329591751,
    0.1896306276321411,
    0.17928683757781982,
    0.18867510557174683,
    0.1831551194190979,
    0.17714649438858032,
    0.18290257453918457,
    0.17066669464111328,
    0.1806848794221878,
    0.1767074167728424,
    0.17836879193782806
  ]
}
