{
  "joint_train_loss": [
    2.0904403254389763,
    2.0721084401011467,
    2.054862916469574,
    2.038238652050495,
    2.0202454701066017,
    2.0061068534851074,
    1.9913460612297058,
    1.976787582039833,
    1.9691515266895294,
    1.9534198120236397
  ],
  "joint_val_loss": [
    1.0103353261947632,
    1.0066945552825928,
    1.0036559104919434,
    1.001174807548523,
    0.999218761920929,
    0.9977216124534607,
    0.9965994358062744,
    0.9957526922225952,
    0.9950750470161438,
    0.994482696056366
  ],
  "reconstruction_train_loss": [
    1.2555198818445206,
    1.2345533445477486,
    1.2124529257416725,
    1.1926137283444405,
    1.1755890846252441,
    1.155865654349327,
    1.1342477202415466,
    1.1211975887417793,
    1.100392185151577,
    1.0846543312072754
  ],
  "reconstruction_val_loss": [
    1.1463706493377686,
    1.1261478662490845,
    1.1066782474517822,
    1.0879324674606323,
    1.069854736328125,
    1.05241858959198,
    1.0356366634368896,
    1.0194244384765625,
    1.0038384199142456,
    0.9887616634368896
  ]
}
