{
  "joint_train_loss": [
    2.0886829644441605,
    2.068701669573784,
    2.050233967602253,
    2.0314639434218407,
    2.0122985020279884,
    1.9993880316615105,
    1.9840154349803925,
    1.9694749861955643,
    1.9572724848985672,
    1.942862257361412
  ],
  "joint_val_loss": [
    1.0095552206039429,
    1.0055923461914062,
    1.002224326133728,
    0.9994179606437683,
    0.997147262096405,
    0.9953376054763794,
    0.9939074516296387,
    0.9927703738212585,
    0.9918280243873596,
    0.9909995794296265
  ],
  "reconstruction_train_loss": [
    1.2532302290201187,
    1.2333446145057678,
    1.210280902683735,
    1.1901615411043167,
    1.1725564450025558,
    1.1528885066509247,
    1.1352887600660324,
    1.1176944822072983,
    1.0991564691066742,
    1.0836008042097092
  ],
  "reconstruction_val_loss": [
    1.1418384313583374,
    1.1216639280319214,
    1.102259635925293,
    1.083584189414978,
    1.0655536651611328,
    1.0481404066085815,
    1.0313420295715332,
    1.015144944190979,
    0.9994701743125916,
    0.98431396484375
  ]
}
