{
  "joint_train_loss": [
    2.08625029027462,
    2.069503128528595,
    2.0513828843832016,
    2.0332304686307907,
    2.021058566868305,
    2.0071792155504227,
    1.9935392439365387,
    1.9823903068900108,
    1.97071885317564,
    1.959773875772953
  ],
  "joint_val_loss": [
    1.008070707321167,
    1.0050475597381592,
    1.0026581287384033,
    1.0008618831634521,
    0.9996032118797302,
    0.9987905621528625,
    0.9983223080635071,
    0.998089611530304,
    0.9979903101921082,
    0.9979197978973389
  ],
  "reconstruction_train_loss": [
    1.248066559433937,
    1.229044258594513,
    1.2071833461523056,
    1.188343532383442,
    1.169439122080803,
    1.1502031236886978,
    1.1332365721464157,
    1.1157760098576546,
    1.1004150286316872,
    1.0849235504865646
  ],
  "reconstruction_val_loss": [
    1.150465726852417,
    1.1302767992019653,
    1.1106839179992676,
    1.0917655229568481,
    1.0735085010528564,
    1.0560276508331299,
    1.039299726486206,
    1.0233397483825684,
    1.007993459701538,
    0.9932514429092407
  ]
}
