{
  "accuracy": 0.924072265625,
  "auprc": 0.08026153032320552,
  "auroc": 0.5285944262977483,
  "dataset": "simulated_EEG_68_static_v2",
  "f1": 0.0,
  "ground_truth_edges": 311,
  "hidden_variable_count": 4,
  "mode": "latent",
  "native_binary_accuracy": 0.879150390625,
  "native_binary_f1": 0.0816326530612245,
  "native_binary_shd": 479,
  "num_variables": 64,
  "observed_variable_count": 64,
  "predicted_edges": 0,
  "runtime_sec": 57.02364011062309,
  "sample_id": "sample_00242",
  "sequence_length": 1000,
  "shd": 311,
  "split": "test",
  "threshold": 300.00000000000006
}
