{
  "joint_train_loss": [
    2.0883463844656944,
    2.07002329826355,
    2.0511770099401474,
    2.0325328409671783,
    2.0175876915454865,
    2.001962147653103,
    1.9909243285655975,
    1.9735458344221115,
    1.9625804647803307,
    1.9510897397994995
  ],
  "joint_val_loss": [
    1.0119457244873047,
    1.0082871913909912,
    1.005215048789978,
    1.0027165412902832,
    1.0007447004318237,
    0.9992449879646301,
    0.9981269240379333,
    0.9973044395446777,
    0.9966892600059509,
    0.9961881041526794
  ],
  "reconstruction_train_loss": [
    1.2523899227380753,
    1.229914367198944,
    1.2075848951935768,
    1.18856730312109,
    1.1705279275774956,
    1.1504743322730064,
    1.1304956898093224,
    1.1152739524841309,
    1.0973455682396889,
    1.0827359408140182
  ],
  "reconstruction_val_loss": [
    1.1399060487747192,
    1.1196584701538086,
    1.1001542806625366,
    1.0813987255096436,
    1.0633655786514282,
    1.046005368232727,
    1.0292408466339111,
    1.0130406618118286,
    0.9974250197410583,
    0.9823461174964905
  ]
}
