{
  "joint_train_loss": [
    2.088086098432541,
    2.069596342742443,
    2.055188298225403,
    2.0368020087480545,
    2.0156562998890877,
    2.003551386296749,
    1.9887400418519974,
    1.975921355187893,
    1.9622872024774551,
    1.950970433652401
  ],
  "joint_val_loss": [
    1.0122456550598145,
    1.0086089372634888,
    1.005568265914917,
    1.0031019449234009,
    1.0011670589447021,
    0.9997093677520752,
    0.998633086681366,
    0.9978554844856262,
    0.9972859621047974,
    0.9968236088752747
  ],
  "reconstruction_train_loss": [
    1.2507147938013077,
    1.2333372235298157,
    1.2077439203858376,
    1.1914223283529282,
    1.172513984143734,
    1.1533794552087784,
    1.1333684176206589,
    1.1164596378803253,
    1.0993407741189003,
    1.0813304334878922
  ],
  "reconstruction_val_loss": [
    1.1403305530548096,
    1.1202212572097778,
    1.100841999053955,
    1.0821640491485596,
    1.064123272895813,
    1.0467928647994995,
    1.030085563659668,
    1.0139044523239136,
    0.9983338117599487,
    0.9832394123077393
  ]
}
