{
  "graph_discov_data_loss": [
    0.9715076088905334,
    0.8520196080207825,
    0.734725832939148,
    0.6821538805961609,
    0.6254994869232178,
    0.5666388273239136,
    0.49206990003585815,
    0.47304829955101013,
    0.4567340612411499,
    0.4344610869884491,
    0.41216129064559937,
    0.38578248023986816,
    0.37644362449645996,
    0.3450621962547302,
    0.34623461961746216,
    0.32782140374183655,
    0.31414780020713806,
    0.3028712272644043,
    0.2948428690433502,
    0.28762751817703247,
    0.28161877393722534,
    0.2742169499397278,
    0.26247119903564453,
    0.26738953590393066,
    0.26040875911712646,
    0.24792945384979248,
    0.2482549250125885,
    0.25355708599090576,
    0.24420280754566193,
    0.24492880702018738,
    0.24441957473754883,
    0.23343224823474884,
    0.2293415367603302,
    0.23117773234844208,
    0.2195349633693695,
    0.22495219111442566,
    0.22297358512878418,
    0.21836626529693604,
    0.2122783362865448,
    0.21841293573379517,
    0.20727390050888062,
    0.21216054260730743,
    0.21516746282577515,
    0.2141760289669037,
    0.20592620968818665,
    0.20777682960033417,
    0.20354342460632324,
    0.20674362778663635,
    0.19725345075130463,
    0.19842231273651123,
    0.19225284457206726,
    0.19768758118152618,
    0.19920945167541504,
    0.19673678278923035,
    0.1900435984134674,
    0.18956536054611206,
    0.19710871577262878,
    0.19456708431243896,
    0.18980249762535095,
    0.18995851278305054,
    0.18828576803207397,
    0.18924881517887115,
    0.18415525555610657,
    0.18870174884796143
  ],
  "graph_discov_sparsity_loss": [
    0.622459352016449,
    0.6223344802856445,
    0.6222253441810608,
    0.622124195098877,
    0.6220256090164185,
    0.6219285726547241,
    0.6218327879905701,
    0.6217389106750488,
    0.6216487288475037,
    0.6215627193450928,
    0.6214817762374878,
    0.6214057207107544,
    0.6213351488113403,
    0.621269166469574,
    0.6212077736854553,
    0.6211509704589844,
    0.6210988163948059,
    0.6210509538650513,
    0.6210071444511414,
    0.6209670305252075,
    0.5949136018753052,
    0.5948950052261353,
    0.5948769450187683,
    0.5948593616485596,
    0.5948439836502075,
    0.5948309302330017,
    0.5948194861412048,
    0.59480881690979,
    0.5947999954223633,
    0.5947927832603455,
    0.5947875380516052,
    0.5947839021682739,
    0.5947813987731934,
    0.5947800874710083,
    0.5947798490524292,
    0.5947803854942322,
    0.5947816967964172,
    0.5947839021682739,
    0.5947867631912231,
    0.5947902202606201,
    0.5947943329811096,
    0.5947989225387573,
    0.5948036909103394,
    0.59480881690979,
    0.5948142409324646,
    0.5948196649551392,
    0.5948253870010376,
    0.5948315858840942,
    0.59483802318573,
    0.5948446989059448,
    0.5948514938354492,
    0.5948583483695984,
    0.5948653221130371,
    0.5948724150657654,
    0.594879686832428,
    0.5948867797851562,
    0.5948938727378845,
    0.5949010848999023,
    0.5949083566665649,
    0.5949155688285828,
    0.594922661781311,
    0.5949298143386841,
    0.5949367880821228,
    0.594943642616272
  ],
  "graph_discov_total_loss": [
    1.033753514289856,
    0.9120538234710693,
    0.7926284074783325,
    0.7380011677742004,
    0.6793646812438965,
    0.618592381477356,
    0.5421798229217529,
    0.5213801264762878,
    0.5033511519432068,
    0.4794245660305023,
    0.45553019642829895,
    0.42761367559432983,
    0.41679197549819946,
    0.38398057222366333,
    0.3837739825248718,
    0.3640308678150177,
    0.34907475113868713,
    0.33656132221221924,
    0.32734012603759766,
    0.3189743459224701,
    0.31058913469314575,
    0.30216267704963684,
    0.2894285321235657,
    0.29339349269866943,
    0.2854931354522705,
    0.27212685346603394,
    0.271596759557724,
    0.2760736644268036,
    0.2659233510494232,
    0.2658815383911133,
    0.2646316885948181,
    0.2529299855232239,
    0.24815016984939575,
    0.24932166934013367,
    0.23703771829605103,
    0.24183642864227295,
    0.2392612099647522,
    0.23407836258411407,
    0.22743526101112366,
    0.23303432762622833,
    0.22137869894504547,
    0.22576700150966644,
    0.22829319536685944,
    0.22683803737163544,
    0.2181408703327179,
    0.2195599526166916,
    0.21491025388240814,
    0.21770888566970825,
    0.20783133804798126,
    0.20862650871276855,
    0.20209655165672302,
    0.20718353986740112,
    0.20836994051933289,
    0.2055736631155014,
    0.19856829941272736,
    0.19778890907764435,
    0.20504175126552582,
    0.2022198736667633,
    0.19718493521213531,
    0.19708016514778137,
    0.19515582919120789,
    0.19587618112564087,
    0.19054849445819855,
    0.19486913084983826
  ],
  "latent_data_pred_loss": [
    1.0594937801361084,
    0.9315603971481323,
    0.8159595727920532,
    0.7574791312217712,
    0.6731531620025635,
    0.6062061786651611,
    0.544638991355896,
    0.5048561692237854,
    0.4814140796661377,
    0.4443742036819458,
    0.41822338104248047,
    0.3964954614639282,
    0.3816082179546356,
    0.3534903824329376,
    0.347862184047699,
    0.3229614496231079,
    0.31405383348464966,
    0.29401808977127075,
    0.28747066855430603,
    0.28058579564094543,
    0.2727115750312805,
    0.27010464668273926,
    0.2572585940361023,
    0.25648415088653564,
    0.24879354238510132,
    0.2363719344139099,
    0.23780156672000885,
    0.2488686740398407,
    0.23312225937843323,
    0.23592925071716309,
    0.23198065161705017,
    0.2257077395915985,
    0.22802473604679108,
    0.22463560104370117,
    0.21655935049057007,
    0.21398302912712097,
    0.21104349195957184,
    0.20587970316410065,
    0.209677055478096,
    0.205687016248703,
    0.198462575674057,
    0.19963359832763672,
    0.1975885033607483,
    0.19981852173805237,
    0.19601264595985413,
    0.19270142912864685,
    0.19187502562999725,
    0.18571484088897705,
    0.182044118642807,
    0.18768611550331116,
    0.18394626677036285,
    0.18012717366218567,
    0.18237042427062988,
    0.18252232670783997,
    0.18111109733581543,
    0.1756955236196518,
    0.18251021206378937,
    0.18355466425418854,
    0.1822775900363922,
    0.1752530038356781,
    0.180587038397789,
    0.17415018379688263,
    0.173954039812088,
    0.17572396993637085
  ]
}
