{
  "graph_discov_data_loss": [
    0.9499322175979614,
    0.9126508235931396,
    0.8090815544128418,
    0.7235336303710938,
    0.6579798460006714,
    0.5898243188858032,
    0.5495668649673462,
    0.4821278154850006,
    0.45326679944992065,
    0.43946170806884766,
    0.42648106813430786,
    0.3996357321739197,
    0.38997143507003784,
    0.3760344088077545,
    0.3651278614997864,
    0.340339332818985,
    0.32012301683425903,
    0.3209199011325836,
    0.30528438091278076,
    0.300620436668396,
    0.2947657108306885,
    0.2990072965621948,
    0.2775695323944092,
    0.2788079082965851,
    0.2793196141719818,
    0.26559507846832275,
    0.2627134919166565,
    0.2601972818374634,
    0.26398980617523193,
    0.25970950722694397,
    0.2591685652732849,
    0.24344965815544128,
    0.2430722713470459,
    0.24044722318649292,
    0.2356572449207306,
    0.2341347634792328,
    0.23344381153583527,
    0.2364594042301178,
    0.22544004023075104,
    0.2274947166442871,
    0.21993324160575867,
    0.2258133888244629,
    0.22157345712184906,
    0.22140812873840332,
    0.22207000851631165,
    0.20656277239322662,
    0.21904566884040833,
    0.20954732596874237,
    0.21168681979179382,
    0.21257035434246063,
    0.21193984150886536,
    0.21185198426246643,
    0.21113377809524536,
    0.2012295126914978,
    0.2086571753025055,
    0.2073272466659546,
    0.21232546865940094,
    0.20541417598724365,
    0.20473016798496246,
    0.20512071251869202,
    0.20295578241348267,
    0.2009071707725525,
    0.2025071680545807,
    0.19884438812732697
  ],
  "graph_discov_sparsity_loss": [
    0.622459352016449,
    0.622310996055603,
    0.6221801042556763,
    0.622062623500824,
    0.6219533681869507,
    0.6218501329421997,
    0.6217508316040039,
    0.6216551065444946,
    0.6215634942054749,
    0.6214771270751953,
    0.6213961243629456,
    0.6213200092315674,
    0.6212486028671265,
    0.6211825609207153,
    0.6211217045783997,
    0.621065616607666,
    0.6210144758224487,
    0.6209672689437866,
    0.6209238171577454,
    0.6208836436271667,
    0.5948972702026367,
    0.5948806405067444,
    0.5948641896247864,
    0.5948472023010254,
    0.594832181930542,
    0.5948188304901123,
    0.5948065519332886,
    0.5947954654693604,
    0.5947853922843933,
    0.5947760939598083,
    0.5947684049606323,
    0.5947614908218384,
    0.5947556495666504,
    0.5947508811950684,
    0.5947471857070923,
    0.5947443842887878,
    0.5947426557540894,
    0.5947417616844177,
    0.5947421193122864,
    0.5947432518005371,
    0.5947450399398804,
    0.5947473049163818,
    0.5947502255439758,
    0.5947536826133728,
    0.5947576761245728,
    0.5947620272636414,
    0.5947666168212891,
    0.5947714447975159,
    0.594776451587677,
    0.5947814583778381,
    0.5947868824005127,
    0.594792366027832,
    0.5947980880737305,
    0.5948039293289185,
    0.594809889793396,
    0.5948159694671631,
    0.594822108745575,
    0.5948283672332764,
    0.5948346853256226,
    0.594840943813324,
    0.5948473811149597,
    0.5948537588119507,
    0.5948601961135864,
    0.5948663949966431
  ],
  "graph_discov_total_loss": [
    1.0121781826019287,
    0.972682774066925,
    0.8669798970222473,
    0.7793753743171692,
    0.7118387818336487,
    0.6417713761329651,
    0.5996701717376709,
    0.530453085899353,
    0.4998774826526642,
    0.48441898822784424,
    0.4698439836502075,
    0.44146114587783813,
    0.43031418323516846,
    0.41494736075401306,
    0.4026620388031006,
    0.3765438199043274,
    0.35504522919654846,
    0.35460546612739563,
    0.3377772569656372,
    0.33196306228637695,
    0.3237352669239044,
    0.32695233821868896,
    0.30452629923820496,
    0.3048113286495209,
    0.30440348386764526,
    0.2897919714450836,
    0.2860548198223114,
    0.2827133536338806,
    0.28570982813835144,
    0.2806616425514221,
    0.27938002347946167,
    0.2629466652870178,
    0.261880099773407,
    0.2585902512073517,
    0.2531590461730957,
    0.2510179877281189,
    0.24973036348819733,
    0.2521703839302063,
    0.24059583246707916,
    0.24211496114730835,
    0.2340368628501892,
    0.23941867053508759,
    0.23469801247119904,
    0.23406895995140076,
    0.23428350687026978,
    0.21834474802017212,
    0.2304113805294037,
    0.22051148116588593,
    0.22226360440254211,
    0.2227734625339508,
    0.22178247570991516,
    0.2213468849658966,
    0.22029322385787964,
    0.21006537973880768,
    0.21718087792396545,
    0.21554981172084808,
    0.22025755047798157,
    0.21306602656841278,
    0.212111696600914,
    0.21224147081375122,
    0.20982497930526733,
    0.20753368735313416,
    0.208899587392807,
    0.20501096546649933
  ],
  "latent_data_pred_loss": [
    1.0303648710250854,
    0.9769383668899536,
    0.8841071128845215,
    0.8004018068313599,
    0.7193396687507629,
    0.6298202872276306,
    0.5900735855102539,
    0.5238046646118164,
    0.47703903913497925,
    0.45013993978500366,
    0.43231263756752014,
    0.40478527545928955,
    0.3907403349876404,
    0.3794673681259155,
    0.3704345226287842,
    0.33966559171676636,
    0.31970006227493286,
    0.3218850791454315,
    0.3058713674545288,
    0.29772037267684937,
    0.2945628762245178,
    0.29244571924209595,
    0.2794259190559387,
    0.2742859721183777,
    0.2751346230506897,
    0.2590772807598114,
    0.2529728412628174,
    0.2578171491622925,
    0.2584938406944275,
    0.2519792914390564,
    0.25915002822875977,
    0.23744536936283112,
    0.23682521283626556,
    0.2292403280735016,
    0.2308398187160492,
    0.22638976573944092,
    0.2263796478509903,
    0.22307641804218292,
    0.21426904201507568,
    0.21425671875476837,
    0.21362265944480896,
    0.2094992846250534,
    0.20853371918201447,
    0.20663225650787354,
    0.2093195617198944,
    0.20280542969703674,
    0.20517565310001373,
    0.2025928646326065,
    0.19771245121955872,
    0.19982823729515076,
    0.20213447511196136,
    0.19949916005134583,
    0.19910147786140442,
    0.19455567002296448,
    0.1911560297012329,
    0.18944638967514038,
    0.19351740181446075,
    0.1835847795009613,
    0.19558769464492798,
    0.18934549391269684,
    0.18554271757602692,
    0.18998567759990692,
    0.18977846205234528,
    0.185540571808815
  ]
}
