{
  "joint_train_loss": [
    2.087801620364189,
    2.069826975464821,
    2.0517090931534767,
    2.0347030982375145,
    2.0209512263536453,
    2.007620930671692,
    1.9943525046110153,
    1.979713149368763,
    1.9698262587189674,
    1.9604352489113808
  ],
  "joint_val_loss": [
    1.0079303979873657,
    1.004823088645935,
    1.0023409128189087,
    1.0004421472549438,
    0.9990707039833069,
    0.9981445074081421,
    0.9975742101669312,
    0.9972513914108276,
    0.9970725178718567,
    0.9969328045845032
  ],
  "reconstruction_train_loss": [
    1.2488085180521011,
    1.2279136776924133,
    1.2087388932704926,
    1.1884503960609436,
    1.1698780730366707,
    1.1508049666881561,
    1.1341494470834732,
    1.1168936416506767,
    1.1008951142430305,
    1.0845659151673317
  ],
  "reconstruction_val_loss": [
    1.1506456136703491,
    1.1304714679718018,
    1.1109315156936646,
    1.0920639038085938,
    1.073889970779419,
    1.0564624071121216,
    1.0397701263427734,
    1.0238373279571533,
    1.0085338354110718,
    0.9938387870788574
  ]
}
