{
  "graph_discov_data_loss": [
    0.9795767664909363,
    0.9028189778327942,
    0.8069705963134766,
    0.6874207258224487,
    0.6285175085067749,
    0.5855673551559448,
    0.5447524785995483,
    0.5035476684570312,
    0.4671284556388855,
    0.42538177967071533,
    0.4036307632923126,
    0.39332467317581177,
    0.36776795983314514,
    0.3662518262863159,
    0.3476888835430145,
    0.35395246744155884,
    0.3328430950641632,
    0.3209654986858368,
    0.3102864921092987,
    0.30749034881591797,
    0.2932025194168091,
    0.2981693744659424,
    0.28216204047203064,
    0.2784087061882019,
    0.27861469984054565,
    0.2599630355834961,
    0.266814261674881,
    0.26207858324050903,
    0.25987064838409424,
    0.2548946142196655,
    0.2531817853450775,
    0.24390609562397003,
    0.24412217736244202,
    0.2355370968580246,
    0.23459996283054352,
    0.23045817017555237,
    0.2346891462802887,
    0.2191072702407837,
    0.22370286285877228,
    0.2227422595024109,
    0.2151249349117279,
    0.21567949652671814,
    0.21490275859832764,
    0.2121785283088684,
    0.21227139234542847,
    0.2084680199623108,
    0.2149335891008377,
    0.20276108384132385,
    0.20934021472930908,
    0.20342588424682617,
    0.20793817937374115,
    0.20818793773651123,
    0.19937807321548462,
    0.2031053602695465,
    0.1997305005788803,
    0.20048139989376068,
    0.1976804882287979,
    0.20307707786560059,
    0.20112735033035278,
    0.19122923910617828,
    0.19589996337890625,
    0.18896809220314026,
    0.19447830319404602,
    0.1896687150001526
  ],
  "graph_discov_sparsity_loss": [
    0.622459352016449,
    0.6223233938217163,
    0.6221984624862671,
    0.6220837235450745,
    0.6219767928123474,
    0.6218715310096741,
    0.6217683553695679,
    0.6216668486595154,
    0.6215686798095703,
    0.6214743256568909,
    0.6213842630386353,
    0.621299147605896,
    0.621219277381897,
    0.6211442351341248,
    0.6210743188858032,
    0.621009349822998,
    0.6209492683410645,
    0.6208934783935547,
    0.6208415627479553,
    0.6207935810089111,
    0.5948781371116638,
    0.5948488712310791,
    0.5948207378387451,
    0.5947951078414917,
    0.5947712659835815,
    0.5947490930557251,
    0.5947286486625671,
    0.5947098135948181,
    0.5946924686431885,
    0.5946768522262573,
    0.5946628451347351,
    0.594650387763977,
    0.5946390628814697,
    0.5946290493011475,
    0.5946201086044312,
    0.5946122407913208,
    0.5946056842803955,
    0.5946004390716553,
    0.5945956110954285,
    0.594591498374939,
    0.5945886373519897,
    0.5945868492126465,
    0.5945855379104614,
    0.5945852994918823,
    0.5945855379104614,
    0.5945862531661987,
    0.5945873260498047,
    0.5945888161659241,
    0.5945910215377808,
    0.5945937633514404,
    0.5945966839790344,
    0.5946000218391418,
    0.5946037173271179,
    0.5946076512336731,
    0.5946120023727417,
    0.5946164727210999,
    0.5946210622787476,
    0.59462571144104,
    0.5946305990219116,
    0.5946354269981384,
    0.5946403741836548,
    0.5946455001831055,
    0.5946506261825562,
    0.5946558713912964
  ],
  "graph_discov_total_loss": [
    1.0418226718902588,
    0.9628521203994751,
    0.8648706674575806,
    0.743264377117157,
    0.6823784708976746,
    0.6375161409378052,
    0.5948572158813477,
    0.5518738627433777,
    0.5137395262718201,
    0.4703388810157776,
    0.4469928741455078,
    0.435148686170578,
    0.40810880064964294,
    0.40516239404678345,
    0.38522017002105713,
    0.3901536762714386,
    0.36776164174079895,
    0.35464704036712646,
    0.3427750766277313,
    0.3388284146785736,
    0.322171151638031,
    0.32611292600631714,
    0.30911684036254883,
    0.30440986156463623,
    0.30369600653648376,
    0.2841570973396301,
    0.29015254974365234,
    0.284591406583786,
    0.28158727288246155,
    0.2758432626724243,
    0.27338966727256775,
    0.2633994519710541,
    0.262926310300827,
    0.2536764144897461,
    0.252098023891449,
    0.24733763933181763,
    0.2509719431400299,
    0.23481452465057373,
    0.23885492980480194,
    0.23735876381397247,
    0.22922486066818237,
    0.22928111255168915,
    0.2280236780643463,
    0.22483576834201813,
    0.22448135912418365,
    0.22024652361869812,
    0.22629587352275848,
    0.2137218713760376,
    0.21991370618343353,
    0.21362577378749847,
    0.21777766942977905,
    0.21767976880073547,
    0.20853453874588013,
    0.2119383066892624,
    0.20825137197971344,
    0.2087012082338333,
    0.20560988783836365,
    0.2107263207435608,
    0.20850634574890137,
    0.1983475238084793,
    0.2027667611837387,
    0.19559228420257568,
    0.20086847245693207,
    0.19583311676979065
  ],
  "latent_data_pred_loss": [
    1.0810894966125488,
    0.9871835708618164,
    0.8924639225006104,
    0.771760106086731,
    0.6888684630393982,
    0.6218283176422119,
    0.5844078063964844,
    0.5398989319801331,
    0.5017005205154419,
    0.4444074034690857,
    0.41982489824295044,
    0.3955479860305786,
    0.37178105115890503,
    0.36321699619293213,
    0.34861794114112854,
    0.35361358523368835,
    0.33031338453292847,
    0.3168881833553314,
    0.3095816671848297,
    0.3091662526130676,
    0.2941613495349884,
    0.29452499747276306,
    0.279535174369812,
    0.2741408348083496,
    0.27118396759033203,
    0.25943896174430847,
    0.26008301973342896,
    0.24959872663021088,
    0.25434982776641846,
    0.24644547700881958,
    0.24358606338500977,
    0.2349470555782318,
    0.23062929511070251,
    0.2272007167339325,
    0.2263803780078888,
    0.2230859398841858,
    0.22366218268871307,
    0.21198636293411255,
    0.21137312054634094,
    0.20960445702075958,
    0.2042134702205658,
    0.21125200390815735,
    0.2044290453195572,
    0.1996525079011917,
    0.19920338690280914,
    0.19686728715896606,
    0.20146602392196655,
    0.191553995013237,
    0.19275397062301636,
    0.1952257603406906,
    0.19365525245666504,
    0.19199138879776,
    0.19263964891433716,
    0.19068370759487152,
    0.19083651900291443,
    0.18627069890499115,
    0.19283193349838257,
    0.18308845162391663,
    0.18562355637550354,
    0.18340787291526794,
    0.18726004660129547,
    0.17950378358364105,
    0.18101656436920166,
    0.17707021534442902
  ]
}
