{
  "joint_train_loss": [
    2.08738561719656,
    2.0671461597085,
    2.0520089119672775,
    2.0346934348344803,
    2.020231045782566,
    2.0064284279942513,
    1.9951836913824081,
    1.9804841205477715,
    1.9700495824217796,
    1.9600547775626183
  ],
  "joint_val_loss": [
    1.0075119733810425,
    1.00444757938385,
    1.0020160675048828,
    1.0001821517944336,
    0.9988925457000732,
    0.9980549812316895,
    0.9975743889808655,
    0.9973390698432922,
    0.9972425699234009,
    0.9971826672554016
  ],
  "reconstruction_train_loss": [
    1.247815266251564,
    1.2277052998542786,
    1.207819126546383,
    1.1876680254936218,
    1.168030634522438,
    1.1504057496786118,
    1.1327472254633904,
    1.1163401827216148,
    1.100552685558796,
    1.0851810202002525
  ],
  "reconstruction_val_loss": [
    1.149775505065918,
    1.1296913623809814,
    1.1102508306503296,
    1.0914493799209595,
    1.0733439922332764,
    1.0559489727020264,
    1.0392987728118896,
    1.0234062671661377,
    1.0081830024719238,
    0.9935094118118286
  ]
}
