{
  "joint_train_loss": [
    2.088624879717827,
    2.070582866668701,
    2.0522069558501244,
    2.036241553723812,
    2.0222032591700554,
    2.0078692883253098,
    1.9974492266774178,
    1.9845113530755043,
    1.9730085283517838,
    1.9618196934461594
  ],
  "joint_val_loss": [
    1.007446527481079,
    1.0044304132461548,
    1.0020451545715332,
    1.000251054763794,
    0.9989858865737915,
    0.9981601238250732,
    0.997677743434906,
    0.9974316358566284,
    0.9973204135894775,
    0.9972398281097412
  ],
  "reconstruction_train_loss": [
    1.2482327371835709,
    1.2275305390357971,
    1.2093983441591263,
    1.190075621008873,
    1.1708516329526901,
    1.152137629687786,
    1.1338796392083168,
    1.1178435534238815,
    1.1018256545066833,
    1.0872058123350143
  ],
  "reconstruction_val_loss": [
    1.150708794593811,
    1.1306400299072266,
    1.111172080039978,
    1.0923892259597778,
    1.0742615461349487,
    1.0568910837173462,
    1.0402677059173584,
    1.0244131088256836,
    1.0091960430145264,
    0.994613766670227
  ]
}
