{
  "graph_discov_data_loss": [
    0.9295885562896729,
    0.8378448486328125,
    0.7549217343330383,
    0.6498163342475891,
    0.6514810919761658,
    0.5599097609519958,
    0.5050820112228394,
    0.46388936042785645,
    0.43739309906959534,
    0.40952950716018677,
    0.39252400398254395,
    0.37325021624565125,
    0.3445524573326111,
    0.33448919653892517,
    0.33720946311950684,
    0.31759387254714966,
    0.3079567551612854,
    0.3044370710849762,
    0.2802465856075287,
    0.28276920318603516,
    0.27462589740753174,
    0.2728428542613983,
    0.26049819588661194,
    0.25763505697250366,
    0.2572738528251648,
    0.24853204190731049,
    0.2419845461845398,
    0.24300441145896912,
    0.23872165381908417,
    0.2382534295320511,
    0.22592793405056,
    0.22841228544712067,
    0.21991345286369324,
    0.21943052113056183,
    0.2182871401309967,
    0.21740609407424927,
    0.21316568553447723,
    0.21081846952438354,
    0.20804552733898163,
    0.21241512894630432,
    0.2079499065876007,
    0.20506080985069275,
    0.19748298823833466,
    0.20378968119621277,
    0.19875666499137878,
    0.1946139931678772,
    0.19012773036956787,
    0.19558286666870117,
    0.19566011428833008,
    0.1909123659133911,
    0.18991893529891968,
    0.19276392459869385,
    0.19042833149433136,
    0.1885048747062683,
    0.1859055608510971,
    0.1893981695175171,
    0.1825161874294281,
    0.18107068538665771,
    0.18482792377471924,
    0.18371453881263733,
    0.18259912729263306,
    0.1872609257698059,
    0.1873691976070404,
    0.17980189621448517
  ],
  "graph_discov_sparsity_loss": [
    0.622459352016449,
    0.6223225593566895,
    0.6221964359283447,
    0.6220822334289551,
    0.6219736933708191,
    0.6218695640563965,
    0.6217701435089111,
    0.6216737031936646,
    0.6215817928314209,
    0.6214948892593384,
    0.6214122772216797,
    0.6213347911834717,
    0.621261715888977,
    0.6211931705474854,
    0.6211292147636414,
    0.6210710406303406,
    0.6210169792175293,
    0.620966911315918,
    0.6209207773208618,
    0.6208786368370056,
    0.5948958992958069,
    0.5948755741119385,
    0.5948566794395447,
    0.5948377847671509,
    0.5948206186294556,
    0.5948057174682617,
    0.5947924256324768,
    0.5947805047035217,
    0.5947694778442383,
    0.5947598814964294,
    0.5947514772415161,
    0.5947442054748535,
    0.5947383642196655,
    0.5947335362434387,
    0.5947297215461731,
    0.5947266221046448,
    0.5947245359420776,
    0.5947234630584717,
    0.5947233438491821,
    0.5947239398956299,
    0.5947256088256836,
    0.5947278738021851,
    0.5947308540344238,
    0.5947340726852417,
    0.5947377681732178,
    0.594741940498352,
    0.5947465896606445,
    0.594751238822937,
    0.5947564244270325,
    0.5947619676589966,
    0.594767689704895,
    0.594773530960083,
    0.5947796106338501,
    0.5947858691215515,
    0.594792366027832,
    0.5947989225387573,
    0.5948054790496826,
    0.5948120951652527,
    0.5948188304901123,
    0.5948253870010376,
    0.5948320031166077,
    0.594838559627533,
    0.5948450565338135,
    0.5948516130447388
  ],
  "graph_discov_total_loss": [
    0.9918345212936401,
    0.8978779315948486,
    0.812821626663208,
    0.7056598663330078,
    0.7053418159484863,
    0.6118584275245667,
    0.5551868677139282,
    0.5122160911560059,
    0.4840051531791687,
    0.4544880986213684,
    0.43588805198669434,
    0.4150766432285309,
    0.38489603996276855,
    0.37340283393859863,
    0.37474408745765686,
    0.35379868745803833,
    0.34287911653518677,
    0.3381226062774658,
    0.3127393126487732,
    0.3141115605831146,
    0.3035953938961029,
    0.30078765749931335,
    0.28745463490486145,
    0.283638060092926,
    0.28235721588134766,
    0.27272841334342957,
    0.2653253376483917,
    0.265519917011261,
    0.2604410946369171,
    0.25920501351356506,
    0.2461388260126114,
    0.24790872633457184,
    0.23872072994709015,
    0.2375730276107788,
    0.23578840494155884,
    0.23428881168365479,
    0.2294517457485199,
    0.22652897238731384,
    0.22320084273815155,
    0.22703489661216736,
    0.22205308079719543,
    0.21866564452648163,
    0.21060711145401,
    0.21645009517669678,
    0.21096976101398468,
    0.20639556646347046,
    0.2014930546283722,
    0.20654664933681488,
    0.20623654127120972,
    0.20111513137817383,
    0.1997612565755844,
    0.20225852727890015,
    0.19958749413490295,
    0.1973404586315155,
    0.19442901015281677,
    0.19762051105499268,
    0.19044804573059082,
    0.18872232735157013,
    0.19220925867557526,
    0.190835103392601,
    0.1894681453704834,
    0.19388727843761444,
    0.1937614530324936,
    0.1859683245420456
  ],
  "latent_data_pred_loss": [
    1.0130038261413574,
    0.9169894456863403,
    0.8346938490867615,
    0.7149786353111267,
    0.706588625907898,
    0.6078253984451294,
    0.5439183115959167,
    0.5061817169189453,
    0.4650883674621582,
    0.42771199345588684,
    0.4029728174209595,
    0.3774002194404602,
    0.3470926880836487,
    0.34173110127449036,
    0.33189287781715393,
    0.3204227685928345,
    0.3092484474182129,
    0.29635411500930786,
    0.28944697976112366,
    0.28077006340026855,
    0.2785596549510956,
    0.2698700726032257,
    0.25723713636398315,
    0.250881552696228,
    0.2481202483177185,
    0.24178734421730042,
    0.23665666580200195,
    0.23857957124710083,
    0.2252139002084732,
    0.23263713717460632,
    0.21204887330532074,
    0.21356847882270813,
    0.21225489675998688,
    0.2085190713405609,
    0.2024797946214676,
    0.2077711969614029,
    0.20279334485530853,
    0.1956939399242401,
    0.19513536989688873,
    0.19867242872714996,
    0.19475360214710236,
    0.18932116031646729,
    0.19153454899787903,
    0.19378675520420074,
    0.1876688301563263,
    0.1860547661781311,
    0.18741273880004883,
    0.18368929624557495,
    0.1796146035194397,
    0.18106694519519806,
    0.17537182569503784,
    0.17931069433689117,
    0.17497284710407257,
    0.17554053664207458,
    0.1771787405014038,
    0.1761593520641327,
    0.1730346828699112,
    0.169846773147583,
    0.1720961034297943,
    0.16880233585834503,
    0.16878622770309448,
    0.16808314621448517,
    0.17363028228282928,
    0.1673355996608734
  ]
}
