{
  "joint_train_loss": [
    2.0892446488142014,
    2.071769379079342,
    2.0510576590895653,
    2.034951165318489,
    2.017059788107872,
    2.0034829452633858,
    1.9898332208395004,
    1.9744238182902336,
    1.9637301564216614,
    1.9510191306471825
  ],
  "joint_val_loss": [
    1.0110176801681519,
    1.007228136062622,
    1.0040509700775146,
    1.0014532804489136,
    0.9994044303894043,
    0.9978355169296265,
    0.9966686367988586,
    0.9958087801933289,
    0.9951663017272949,
    0.9946339726448059
  ],
  "reconstruction_train_loss": [
    1.252810850739479,
    1.2318162322044373,
    1.210105523467064,
    1.1907625570893288,
    1.1727166771888733,
    1.152393952012062,
    1.133169338107109,
    1.1164417937397957,
    1.0994768217206001,
    1.0866165161132812
  ],
  "reconstruction_val_loss": [
    1.140034556388855,
    1.1198866367340088,
    1.100531816482544,
    1.0818730592727661,
    1.0638923645019531,
    1.0466452836990356,
    1.029962182044983,
    1.0138530731201172,
    0.9983137249946594,
    0.9833105802536011
  ]
}
