{
  "joint_train_loss": [
    2.0976570025086403,
    2.0776776000857353,
    2.0616970732808113,
    2.043514236807823,
    2.0277335941791534,
    2.0123603120446205,
    2.0023171976208687,
    1.98671256005764,
    1.977801002562046,
    1.9650662168860435
  ],
  "joint_val_loss": [
    1.0111826658248901,
    1.0075398683547974,
    1.0045042037963867,
    1.0020407438278198,
    1.0001167058944702,
    0.9986692070960999,
    0.9976045489311218,
    0.9968355894088745,
    0.9962524175643921,
    0.9957585334777832
  ],
  "reconstruction_train_loss": [
    1.2538677603006363,
    1.2344475388526917,
    1.213974229991436,
    1.193320408463478,
    1.1749471724033356,
    1.1570569798350334,
    1.138130009174347,
    1.1255699023604393,
    1.1052929311990738,
    1.0877093374729156
  ],
  "reconstruction_val_loss": [
    1.147202730178833,
    1.1272741556167603,
    1.1081146001815796,
    1.0896095037460327,
    1.0718027353286743,
    1.054700255393982,
    1.0382344722747803,
    1.022409200668335,
    1.007201075553894,
    0.9924929141998291
  ]
}
