{
  "joint_train_loss": [
    2.094174385070801,
    2.076083429157734,
    2.0586181953549385,
    2.042781114578247,
    2.0233000218868256,
    2.0118909403681755,
    1.999340832233429,
    1.983661763370037,
    1.9733562245965004,
    1.9573214501142502
  ],
  "joint_val_loss": [
    1.0098676681518555,
    1.006049633026123,
    1.0028190612792969,
    1.000141978263855,
    0.9979876279830933,
    0.9962748289108276,
    0.9949201345443726,
    0.9938340783119202,
    0.9929160475730896,
    0.9920891523361206
  ],
  "reconstruction_train_loss": [
    1.2579772621393204,
    1.235383927822113,
    1.2135588377714157,
    1.1939243376255035,
    1.1781355291604996,
    1.1593194678425789,
    1.1404758915305138,
    1.1229148656129837,
    1.1073909848928452,
    1.088354766368866
  ],
  "reconstruction_val_loss": [
    1.1447935104370117,
    1.1249029636383057,
    1.1057639122009277,
    1.0873172283172607,
    1.0696282386779785,
    1.052596092224121,
    1.0362428426742554,
    1.0204917192459106,
    1.005296230316162,
    0.9906542897224426
  ]
}
