{
  "joint_train_loss": [
    2.0882576406002045,
    2.0692654699087143,
    2.0525519102811813,
    2.03674802929163,
    2.0210989117622375,
    2.007280744612217,
    1.9953967407345772,
    1.983116127550602,
    1.970571719110012,
    1.9610779732465744
  ],
  "joint_val_loss": [
    1.007709264755249,
    1.0046406984329224,
    1.0022071599960327,
    1.0003710985183716,
    0.9990780353546143,
    0.998236894607544,
    0.9977502226829529,
    0.9975107312202454,
    0.9974123239517212,
    0.9973487854003906
  ],
  "reconstruction_train_loss": [
    1.2495366483926773,
    1.2284039855003357,
    1.2078892141580582,
    1.1915849670767784,
    1.169857308268547,
    1.1525513976812363,
    1.135488085448742,
    1.1172651648521423,
    1.1010312214493752,
    1.0863864421844482
  ],
  "reconstruction_val_loss": [
    1.1515032052993774,
    1.1313302516937256,
    1.1117703914642334,
    1.0928621292114258,
    1.0746504068374634,
    1.0571496486663818,
    1.0404239892959595,
    1.0244529247283936,
    1.0091091394424438,
    0.9944072365760803
  ]
}
