{
  "accuracy": 0.924072265625,
  "auprc": 0.08338631318309604,
  "auroc": 0.5449867687223641,
  "dataset": "simulated_EEG_68_static_v2",
  "f1": 0.0,
  "ground_truth_edges": 311,
  "hidden_variable_count": 4,
  "mode": "latent",
  "native_binary_accuracy": 0.875732421875,
  "native_binary_f1": 0.06261510128913443,
  "native_binary_shd": 492,
  "num_variables": 64,
  "observed_variable_count": 64,
  "predicted_edges": 0,
  "runtime_sec": 56.64194138487801,
  "sample_id": "sample_00273",
  "sequence_length": 1000,
  "shd": 311,
  "split": "test",
  "threshold": 300.00000000000006
}
