{
  "graph_discov_data_loss": [
    0.9554746150970459,
    0.8730641007423401,
    0.785645604133606,
    0.6898826360702515,
    0.6546511650085449,
    0.5990856885910034,
    0.5595993399620056,
    0.5119811296463013,
    0.4777408242225647,
    0.447359174489975,
    0.43807312846183777,
    0.41128984093666077,
    0.39524197578430176,
    0.386653333902359,
    0.3672625422477722,
    0.35959282517433167,
    0.34984228014945984,
    0.3386034369468689,
    0.3265637755393982,
    0.32356584072113037,
    0.3056098520755768,
    0.30615198612213135,
    0.29309985041618347,
    0.28429606556892395,
    0.2897895872592926,
    0.28255483508110046,
    0.2830502688884735,
    0.2712171673774719,
    0.26986202597618103,
    0.26867055892944336,
    0.2638096213340759,
    0.2558954358100891,
    0.25432974100112915,
    0.2505221664905548,
    0.2436486780643463,
    0.24597999453544617,
    0.2379143387079239,
    0.23676513135433197,
    0.23963332176208496,
    0.23059648275375366,
    0.23073258996009827,
    0.23697052896022797,
    0.23209351301193237,
    0.21831738948822021,
    0.22392454743385315,
    0.2247389256954193,
    0.2234269231557846,
    0.2177950143814087,
    0.21700574457645416,
    0.22236791253089905,
    0.2145722508430481,
    0.21617460250854492,
    0.21523094177246094,
    0.21545952558517456,
    0.21338151395320892,
    0.20766273140907288,
    0.21096424758434296,
    0.2066008597612381,
    0.20238572359085083,
    0.2068851888179779,
    0.20035001635551453,
    0.19950154423713684,
    0.19742470979690552,
    0.20500606298446655
  ],
  "graph_discov_sparsity_loss": [
    0.622459352016449,
    0.6223107576370239,
    0.6221758127212524,
    0.6220527291297913,
    0.621936559677124,
    0.6218258142471313,
    0.6217191219329834,
    0.6216170787811279,
    0.6215204000473022,
    0.6214293241500854,
    0.6213436126708984,
    0.6212635040283203,
    0.6211884021759033,
    0.621118426322937,
    0.6210532188415527,
    0.6209921836853027,
    0.62093585729599,
    0.6208841800689697,
    0.6208364963531494,
    0.6207927465438843,
    0.5948787927627563,
    0.5948575735092163,
    0.5948354005813599,
    0.5948147177696228,
    0.5947965383529663,
    0.5947790741920471,
    0.5947631001472473,
    0.5947485566139221,
    0.5947358012199402,
    0.594724178314209,
    0.5947144627571106,
    0.5947060585021973,
    0.5946985483169556,
    0.5946922302246094,
    0.5946869850158691,
    0.5946827530860901,
    0.594679594039917,
    0.5946773290634155,
    0.59467613697052,
    0.5946757197380066,
    0.59467613697052,
    0.5946775674819946,
    0.5946793556213379,
    0.5946816205978394,
    0.5946846008300781,
    0.5946881175041199,
    0.5946921110153198,
    0.5946964621543884,
    0.5947009325027466,
    0.5947058200836182,
    0.5947111248970032,
    0.5947165489196777,
    0.5947221517562866,
    0.5947280526161194,
    0.5947340726852417,
    0.5947401523590088,
    0.5947461128234863,
    0.5947522521018982,
    0.5947583913803101,
    0.5947644710540771,
    0.5947705507278442,
    0.5947767496109009,
    0.5947827100753784,
    0.5947885513305664
  ],
  "graph_discov_total_loss": [
    1.0177205801010132,
    0.9330960512161255,
    0.843543529510498,
    0.7457234859466553,
    0.7085086703300476,
    0.6510306596755981,
    0.609700083732605,
    0.5603034496307373,
    0.524348258972168,
    0.4923129975795746,
    0.48143237829208374,
    0.453111469745636,
    0.4355808198451996,
    0.4255622625350952,
    0.40479257702827454,
    0.39579305052757263,
    0.3847600817680359,
    0.372284471988678,
    0.3590520918369293,
    0.3549038767814636,
    0.3345785140991211,
    0.33409595489501953,
    0.3200553059577942,
    0.31029805541038513,
    0.3148719370365143,
    0.3067501187324524,
    0.3063898980617523,
    0.2937314510345459,
    0.2915802299976349,
    0.28962087631225586,
    0.28401926159858704,
    0.275390625,
    0.2731357514858246,
    0.2686634063720703,
    0.26114869117736816,
    0.2628614604473114,
    0.25419914722442627,
    0.25247442722320557,
    0.2547874450683594,
    0.2452150583267212,
    0.24483458697795868,
    0.2505742013454437,
    0.245216503739357,
    0.23097668588161469,
    0.2361365407705307,
    0.2365194410085678,
    0.23479120433330536,
    0.22875778377056122,
    0.227581188082695,
    0.23256972432136536,
    0.22441363334655762,
    0.2256682962179184,
    0.2243892252445221,
    0.2242942601442337,
    0.22190412878990173,
    0.2158842533826828,
    0.2188953161239624,
    0.21425174176692963,
    0.20976629853248596,
    0.2140050232410431,
    0.20721831917762756,
    0.20612719655036926,
    0.20381629467010498,
    0.21117183566093445
  ],
  "latent_data_pred_loss": [
    1.0422554016113281,
    0.9442631006240845,
    0.8552453517913818,
    0.7466045618057251,
    0.7084940671920776,
    0.6426664590835571,
    0.5960421562194824,
    0.5417172908782959,
    0.5019032955169678,
    0.4686603546142578,
    0.44599127769470215,
    0.42105889320373535,
    0.40662336349487305,
    0.3884522020816803,
    0.3752785623073578,
    0.363836407661438,
    0.3466129004955292,
    0.3341829478740692,
    0.3269098401069641,
    0.31690627336502075,
    0.3045082092285156,
    0.29525184631347656,
    0.28568035364151,
    0.28057757019996643,
    0.27779820561408997,
    0.2765880823135376,
    0.27100735902786255,
    0.2602980136871338,
    0.25537651777267456,
    0.25207072496414185,
    0.25365573167800903,
    0.24336093664169312,
    0.24560794234275818,
    0.2405974268913269,
    0.23278909921646118,
    0.2336157262325287,
    0.2292070984840393,
    0.21583780646324158,
    0.22312727570533752,
    0.2191188633441925,
    0.21352264285087585,
    0.21849429607391357,
    0.21361848711967468,
    0.20419126749038696,
    0.21122971177101135,
    0.21082255244255066,
    0.20866301655769348,
    0.20938922464847565,
    0.1983012557029724,
    0.20472434163093567,
    0.2002362161874771,
    0.19946932792663574,
    0.20139871537685394,
    0.1972564309835434,
    0.19367536902427673,
    0.19250357151031494,
    0.1935393512248993,
    0.1890411078929901,
    0.19223371148109436,
    0.18742123246192932,
    0.18305467069149017,
    0.1890241801738739,
    0.18797045946121216,
    0.1874852180480957
  ]
}
