{
  "accuracy": 0.9444444444444444,
  "auprc": 0.7222222222222222,
  "auroc": 0.9595959595959596,
  "dataset": "nc8",
  "f1": 0.5,
  "ground_truth_edges": 3,
  "hidden_variable_count": 2,
  "mode": "latent",
  "num_variables": 6,
  "observed_variable_count": 6,
  "predicted_edges": 1,
  "runtime_sec": 104.46190549107268,
  "sample_id": "replica_003",
  "sequence_length": 2000,
  "shd": 2,
  "split": null,
  "threshold": 15.553706645965576
}
