{
  "graph_discov_data_loss": [
    0.9242452383041382,
    0.8580092191696167,
    0.7795478105545044,
    0.6591396331787109,
    0.611653208732605,
    0.5539644360542297,
    0.5077337622642517,
    0.4801679849624634,
    0.4537605345249176,
    0.43294045329093933,
    0.40953508019447327,
    0.3674185872077942,
    0.36132508516311646,
    0.35517433285713196,
    0.34485116600990295,
    0.3302208483219147,
    0.3243851959705353,
    0.3071994185447693,
    0.30349916219711304,
    0.3002181053161621,
    0.29737842082977295,
    0.2812913656234741,
    0.28353315591812134,
    0.2819522023200989,
    0.27130866050720215,
    0.2580752968788147,
    0.2555810213088989,
    0.2616765797138214,
    0.24807409942150116,
    0.2542789876461029,
    0.24423137307167053,
    0.23506467044353485,
    0.24021433293819427,
    0.23741281032562256,
    0.24012890458106995,
    0.23027139902114868,
    0.2348950356245041,
    0.21826136112213135,
    0.22390197217464447,
    0.22806939482688904,
    0.222255140542984,
    0.2200889140367508,
    0.21450921893119812,
    0.223852276802063,
    0.21407143771648407,
    0.2131645530462265,
    0.21645349264144897,
    0.2133810967206955,
    0.21589623391628265,
    0.21193921566009521,
    0.20160146057605743,
    0.20074157416820526,
    0.20808589458465576,
    0.20111045241355896,
    0.206548273563385,
    0.20073223114013672,
    0.1966056525707245,
    0.19572167098522186,
    0.2074633687734604,
    0.20552664995193481,
    0.19706684350967407,
    0.1976839303970337,
    0.19132494926452637,
    0.19564715027809143
  ],
  "graph_discov_sparsity_loss": [
    0.622459352016449,
    0.6223074197769165,
    0.6221736073493958,
    0.6220532655715942,
    0.6219395995140076,
    0.6218301653862,
    0.6217235922813416,
    0.6216206550598145,
    0.6215221881866455,
    0.6214280724525452,
    0.6213387846946716,
    0.6212554574012756,
    0.6211771965026855,
    0.6211039423942566,
    0.6210346221923828,
    0.6209697723388672,
    0.620909571647644,
    0.6208540797233582,
    0.6208028793334961,
    0.6207562685012817,
    0.5948711633682251,
    0.5948441624641418,
    0.5948206782341003,
    0.5948004722595215,
    0.5947831869125366,
    0.5947683453559875,
    0.594754695892334,
    0.5947426557540894,
    0.594732403755188,
    0.5947239398956299,
    0.5947169661521912,
    0.5947113633155823,
    0.5947068929672241,
    0.5947036743164062,
    0.5947016477584839,
    0.5947003364562988,
    0.5946997404098511,
    0.5946998596191406,
    0.5947002172470093,
    0.5947009325027466,
    0.5947023630142212,
    0.5947044491767883,
    0.594707190990448,
    0.5947099924087524,
    0.5947133302688599,
    0.5947172045707703,
    0.5947214961051941,
    0.5947261452674866,
    0.5947310328483582,
    0.5947363376617432,
    0.594741702079773,
    0.5947473049163818,
    0.5947530269622803,
    0.5947589874267578,
    0.5947649478912354,
    0.5947710275650024,
    0.5947771072387695,
    0.5947833061218262,
    0.5947896242141724,
    0.5947959423065186,
    0.5948023200035095,
    0.5948086977005005,
    0.5948150157928467,
    0.5948213338851929
  ],
  "graph_discov_total_loss": [
    0.9864912033081055,
    0.9180408120155334,
    0.8374455571174622,
    0.7149805426597595,
    0.6655109524726868,
    0.6059098243713379,
    0.5578348636627197,
    0.5284906029701233,
    0.5003681182861328,
    0.4778941869735718,
    0.452894002199173,
    0.40923964977264404,
    0.4016631841659546,
    0.39408236742019653,
    0.38238006830215454,
    0.3664197623729706,
    0.35930150747299194,
    0.34087884426116943,
    0.3359857201576233,
    0.3315542936325073,
    0.3263467252254486,
    0.30923470854759216,
    0.3104879558086395,
    0.3079535663127899,
    0.29639047384262085,
    0.2822701334953308,
    0.27892032265663147,
    0.28419065475463867,
    0.26979219913482666,
    0.2752293050289154,
    0.2644411027431488,
    0.25456002354621887,
    0.2590206265449524,
    0.2555544078350067,
    0.2576293647289276,
    0.2471533715724945,
    0.25118041038513184,
    0.2339712381362915,
    0.23905669152736664,
    0.2426885962486267,
    0.23635774850845337,
    0.2336932122707367,
    0.2276328206062317,
    0.2365121692419052,
    0.22628402709960938,
    0.22494564950466156,
    0.2278183400630951,
    0.2243444174528122,
    0.22647221386432648,
    0.2221415489912033,
    0.21144334971904755,
    0.21023575961589813,
    0.21724465489387512,
    0.2099456489086151,
    0.21507133543491364,
    0.20895418524742126,
    0.20453713834285736,
    0.20337294042110443,
    0.21484433114528656,
    0.21264685690402985,
    0.20393551886081696,
    0.20430994033813477,
    0.1977168768644333,
    0.20181326568126678
  ],
  "latent_data_pred_loss": [
    1.0120353698730469,
    0.9362717270851135,
    0.8668457865715027,
    0.7351735234260559,
    0.6741480827331543,
    0.5964751243591309,
    0.5359851717948914,
    0.5020190477371216,
    0.47196507453918457,
    0.4513062536716461,
    0.4317396283149719,
    0.3818615674972534,
    0.36434853076934814,
    0.35962826013565063,
    0.3406737148761749,
    0.3256279528141022,
    0.3227338194847107,
    0.3041076064109802,
    0.29543691873550415,
    0.2929871678352356,
    0.29673105478286743,
    0.2763114869594574,
    0.268974244594574,
    0.26712408661842346,
    0.2664351761341095,
    0.25278833508491516,
    0.24818909168243408,
    0.24605214595794678,
    0.24049244821071625,
    0.23713791370391846,
    0.23534269630908966,
    0.2264893651008606,
    0.22199904918670654,
    0.2292761206626892,
    0.2325223684310913,
    0.2250695526599884,
    0.22059592604637146,
    0.2098468840122223,
    0.21569040417671204,
    0.21606314182281494,
    0.20800533890724182,
    0.20778432488441467,
    0.2039775252342224,
    0.2030845582485199,
    0.19771970808506012,
    0.20114731788635254,
    0.2070886790752411,
    0.19522441923618317,
    0.19560039043426514,
    0.19228026270866394,
    0.1945500522851944,
    0.1883806586265564,
    0.18991783261299133,
    0.18680718541145325,
    0.18954655528068542,
    0.18302461504936218,
    0.18153595924377441,
    0.18265452980995178,
    0.19027692079544067,
    0.18363668024539948,
    0.17926280200481415,
    0.18113335967063904,
    0.17766918241977692,
    0.1769067347049713
  ]
}
