{
  "graph_discov_data_loss": [
    0.9557247161865234,
    0.9026892185211182,
    0.8036452531814575,
    0.7107723355293274,
    0.633786678314209,
    0.5697670578956604,
    0.5204558372497559,
    0.5318583250045776,
    0.47137966752052307,
    0.4563964009284973,
    0.41756364703178406,
    0.4159701466560364,
    0.3926035761833191,
    0.37344375252723694,
    0.3571968972682953,
    0.3513246774673462,
    0.3350588083267212,
    0.3143432140350342,
    0.32253342866897583,
    0.3121965527534485,
    0.30364489555358887,
    0.29798316955566406,
    0.2892035245895386,
    0.2830631136894226,
    0.26616865396499634,
    0.26760807633399963,
    0.2716767489910126,
    0.26815301179885864,
    0.2560446858406067,
    0.25006982684135437,
    0.24972717463970184,
    0.24598056077957153,
    0.24126726388931274,
    0.24746298789978027,
    0.24077633023262024,
    0.2373257279396057,
    0.23112866282463074,
    0.2218310534954071,
    0.2184862196445465,
    0.2267390638589859,
    0.21173274517059326,
    0.22264957427978516,
    0.22041136026382446,
    0.22449186444282532,
    0.21281203627586365,
    0.21526876091957092,
    0.2101266086101532,
    0.20675387978553772,
    0.20952218770980835,
    0.2025684267282486,
    0.20489466190338135,
    0.20217487215995789,
    0.20155662298202515,
    0.19965329766273499,
    0.19890981912612915,
    0.20048430562019348,
    0.2031162679195404,
    0.1994834840297699,
    0.19103530049324036,
    0.19874480366706848,
    0.19537991285324097,
    0.19760076701641083,
    0.19285129010677338,
    0.18628735840320587
  ],
  "graph_discov_sparsity_loss": [
    0.622459352016449,
    0.6223196387290955,
    0.6221956014633179,
    0.622085690498352,
    0.6219829320907593,
    0.6218835711479187,
    0.6217852830886841,
    0.6216899156570435,
    0.621598482131958,
    0.6215107440948486,
    0.6214280128479004,
    0.6213488578796387,
    0.6212742328643799,
    0.6212029457092285,
    0.6211365461349487,
    0.6210750341415405,
    0.6210174560546875,
    0.6209644079208374,
    0.6209149956703186,
    0.6208699941635132,
    0.5948936939239502,
    0.5948703289031982,
    0.5948479175567627,
    0.5948268175125122,
    0.5948071479797363,
    0.5947881937026978,
    0.5947710871696472,
    0.5947554111480713,
    0.5947415828704834,
    0.5947288274765015,
    0.5947175025939941,
    0.594707727432251,
    0.594699501991272,
    0.5946924686431885,
    0.5946872234344482,
    0.594683051109314,
    0.5946804285049438,
    0.5946788787841797,
    0.5946781635284424,
    0.5946784019470215,
    0.5946794748306274,
    0.5946812033653259,
    0.5946835279464722,
    0.5946865081787109,
    0.5946900844573975,
    0.5946940183639526,
    0.5946985483169556,
    0.5947032570838928,
    0.5947080850601196,
    0.5947133898735046,
    0.5947188138961792,
    0.5947246551513672,
    0.5947306156158447,
    0.5947368144989014,
    0.5947431921958923,
    0.5947495102882385,
    0.5947558879852295,
    0.5947624444961548,
    0.5947689414024353,
    0.5947754383087158,
    0.5947818756103516,
    0.5947883129119873,
    0.5947946906089783,
    0.5948009490966797
  ],
  "graph_discov_total_loss": [
    1.0179706811904907,
    0.9627220034599304,
    0.8615450263023376,
    0.76661616563797,
    0.6876481771469116,
    0.6217168569564819,
    0.570561945438385,
    0.5801863074302673,
    0.5179929733276367,
    0.5013561248779297,
    0.4609287977218628,
    0.4577975273132324,
    0.4329479932785034,
    0.41235798597335815,
    0.39473193883895874,
    0.38752973079681396,
    0.36998116970062256,
    0.34802860021591187,
    0.35502585768699646,
    0.34353846311569214,
    0.3326142728328705,
    0.325927734375,
    0.31615954637527466,
    0.30906563997268677,
    0.29125145077705383,
    0.2918037176132202,
    0.29501670598983765,
    0.2906675636768341,
    0.27776309847831726,
    0.2710202932357788,
    0.2699369192123413,
    0.2654758095741272,
    0.26007330417633057,
    0.26560425758361816,
    0.2582763433456421,
    0.25420722365379333,
    0.2474135160446167,
    0.2375403791666031,
    0.2336403876543045,
    0.2413577139377594,
    0.22583481669425964,
    0.23625333607196808,
    0.23353444039821625,
    0.23715126514434814,
    0.22502414882183075,
    0.22704939544200897,
    0.2214910238981247,
    0.217716783285141,
    0.22009776532649994,
    0.21277037262916565,
    0.21473616361618042,
    0.2116686850786209,
    0.21071504056453705,
    0.20848816633224487,
    0.2074325680732727,
    0.20870596170425415,
    0.2110474705696106,
    0.20713448524475098,
    0.19841600954532623,
    0.2058647722005844,
    0.20224834978580475,
    0.204226553440094,
    0.1992429941892624,
    0.1924532651901245
  ],
  "latent_data_pred_loss": [
    1.0430330038070679,
    0.9816800951957703,
    0.8790652751922607,
    0.7841236591339111,
    0.6864668130874634,
    0.605128288269043,
    0.554540753364563,
    0.5660619735717773,
    0.5000746846199036,
    0.4754072427749634,
    0.43205884099006653,
    0.4246464967727661,
    0.401792049407959,
    0.37404972314834595,
    0.3595113754272461,
    0.3546467423439026,
    0.3339754045009613,
    0.31720292568206787,
    0.3200022578239441,
    0.3087599277496338,
    0.2961500287055969,
    0.2950572371482849,
    0.2875913381576538,
    0.27838319540023804,
    0.2584918141365051,
    0.25704747438430786,
    0.2661687135696411,
    0.2618101239204407,
    0.25203198194503784,
    0.24228748679161072,
    0.23830044269561768,
    0.23530849814414978,
    0.23083680868148804,
    0.2313532680273056,
    0.23054175078868866,
    0.2233714461326599,
    0.22010517120361328,
    0.21121925115585327,
    0.21064111590385437,
    0.21287888288497925,
    0.2022796869277954,
    0.2097894251346588,
    0.2099733203649521,
    0.2091919332742691,
    0.20005831122398376,
    0.19668430089950562,
    0.1940770149230957,
    0.2015293538570404,
    0.19665151834487915,
    0.19313785433769226,
    0.18912047147750854,
    0.1890505701303482,
    0.18761366605758667,
    0.18704992532730103,
    0.18528328835964203,
    0.18743133544921875,
    0.19038313627243042,
    0.18355651199817657,
    0.18299096822738647,
    0.18264123797416687,
    0.18318314850330353,
    0.18074852228164673,
    0.18089023232460022,
    0.1786353439092636
  ]
}
