true_evals_so_far,best_total_score,best_fit_term,best_mse,best_complexity_term
1,2049.110213959375,2064.755021232202,0.07169890987101807,15.644807272826958
2,2049.110213959375,2064.755021232202,0.07169890987101807,15.644807272826958
