parent,child,is_gt_edge,num_parents_full,mse_base,mse_minus,delta_mse,log_mse_base,log_mse_minus,weight,is_exact_zero,is_near_zero
1,0,0,1,0.14702360332012177,0.16914543749103078,0.022121834170909016,-1.917162138282519,-1.7769963572671128,0.14016578101540622,0,0
2,1,0,1,0.06260021030902863,0.10322333651015728,0.04062312620112865,-2.7709866412966058,-2.2708603225138977,0.5001263187827081,0,0
1,2,0,1,0.03269181773066521,0.04448000812425667,0.011788190393591462,-3.4206304546629807,-3.1127154463676896,0.30791500829529106,0,0
