{
  "offdiag_total": 12,
  "offdiag_zero_count": 9,
  "offdiag_zero_ratio": 0.75,
  "selected_parent_edges": 3,
  "selected_parent_zero_count": 0,
  "selected_parent_zero_ratio": 0.0,
  "nonparent_edges": 9,
  "nonparent_zero_count": 9,
  "nonparent_zero_ratio": 1.0,
  "offdiag_weight_percentiles": {
    "min": 0.0,
    "p50": 0.0,
    "p90": 0.29114008556730264,
    "p99": 0.4789830746290923,
    "max": 0.5001263187827081,
    "mean": 0.07901725900778378
  },
  "selected_parent_weight_percentiles": {
    "min": 0.14016578101540622,
    "p50": 0.30791500829529106,
    "p90": 0.46168405668522466,
    "p99": 0.49628209257295974,
    "max": 0.5001263187827081,
    "mean": 0.3160690360311351
  },
  "trace_row_count": 3,
  "gt_true_edges_offdiag": 3,
  "gt_true_zero_count": 3,
  "gt_true_zero_ratio": 1.0,
  "gt_true_zero_due_to_missing_from_best_graph": 3,
  "gt_true_zero_within_selected_parents": 0,
  "gt_true_weight_percentiles": {
    "min": 0.0,
    "p50": 0.0,
    "p90": 0.0,
    "p99": 0.0,
    "max": 0.0,
    "mean": 0.0
  },
  "gt_false_weight_percentiles": {
    "min": 0.0,
    "p50": 0.0,
    "p90": 0.3463572703927745,
    "p99": 0.4847494139437147,
    "max": 0.5001263187827081,
    "mean": 0.1053563453437117
  },
  "zero_source_hint": "All exact zeros come from edges absent from best_graph; no clamp/rounding path is zeroing selected parents."
}