true_evals_so_far,total_score,fit_term,mse,complexity_term,time_sec
1,2049.110213959375,2064.755021232202,0.07169890987101807,15.644807272826958,0.4618983999998818
2,2030.2928071207393,2035.5077428783484,0.07752616229182378,5.214935757608986,0.8303214999996271
