{
  "dataset": "NC8",
  "replica": 0,
  "seed": 0,
  "runtime_sec": 2.0151716999998825,
  "best_score": 2049.110213959375,
  "score_S": [
    [
      0.37333405017852783,
      0.3854506313800812,
      -0.020967751741409302,
      -0.11676481366157532
    ],
    [
      0.8512429594993591,
      0.4776518940925598,
      0.9841159582138062,
      0.4320497214794159
    ],
    [
      -0.6774255037307739,
      0.7354269027709961,
      -1.1382049322128296,
      -0.1627911627292633
    ],
    [
      -0.6529228091239929,
      0.2421695590019226,
      0.012025833129882812,
      -0.1880161464214325
    ]
  ],
  "n_evals": 2,
  "metrics": {
    "tp": 0,
    "fp": 3,
    "fn": 3,
    "fdr": 1.0,
    "tpr": 0.0,
    "f1": 0.0,
    "shd": 6.0,
    "diag_edges": 0,
    "total_edges": 3,
    "ACC": 0.5,
    "TP": 0,
    "FP": 3,
    "FN": 3,
    "FDR": 1.0,
    "TPR": 0.0,
    "F1": 0.0,
    "SHD": 6.0
  },
  "weighted_metrics": {
    "AUROC": 0.33333333333333337,
    "AUPRC": 0.25,
    "ACC": 0.75,
    "F1": 0.0,
    "SHD": 3,
    "best_threshold": 0.5001263187827081,
    "TP": 0,
    "FP": 0,
    "FN": 3,
    "TPR": 0.0,
    "FDR": 0.0,
    "precision": 0.0,
    "recall": 0.0
  },
  "config": {
    "dataset": "NC8",
    "data_dir": "data\\NC8",
    "replica": 0,
    "lag": 16,
    "ts_rank": 4,
    "tau": 0.5,
    "mlp_hidden": [
      64
    ],
    "mlp_max_iter": 2,
    "pretrain_epochs": 0,
    "pretrain_avg_parents": 3.0,
    "inner_step_count": 1,
    "inner_lr": 0.01,
    "inner_batch_size": 0,
    "inner_optimizer": "adam",
    "T": 200,
    "d": 4,
    "lambda_sparse": 1.0,
    "score_type": "mlp",
    "n_iters": 2,
    "batch_size": 1,
    "n_cands": 16,
    "n_grads": 2,
    "lr": 0.1,
    "hidden_size": 64,
    "dropout": 0.1,
    "n_replay": 1024,
    "max_evals": 0,
    "eval": 2,
    "mc": 1,
    "seed": 0,
    "logdir": "review_runs/smoke",
    "exp_name": "smoke_eval2",
    "device": "",
    "plot": false,
    "meta_update_every": 100,
    "meta_history_size": 256,
    "meta_batch_size": 1,
    "meta_batch_size_J": 0,
    "meta_history_only": true,
    "meta_recent_window": 2,
    "mix_current_frac": 0.0,
    "meta_fallback_strategy": "replacement_then_hist",
    "meta_inner_step_count": 1,
    "meta_inner_lr": 0.0005,
    "meta_outer_lr": 3e-05,
    "meta_warmup_frac": 0.0,
    "meta_mode": "recent_topB_replay",
    "meta_elite_frac": 0.2,
    "meta_recent_size": 128,
    "meta_log_path": "",
    "meta_history_snapshot": true
  }
}