{
  "graph_discov_data_loss": [
    0.9224251508712769,
    0.8829447031021118,
    0.796188235282898,
    0.7209059000015259,
    0.656421422958374,
    0.5804843306541443,
    0.5385187864303589,
    0.5186151266098022,
    0.47285857796669006,
    0.4672842025756836,
    0.42864304780960083,
    0.3961962163448334,
    0.38640546798706055,
    0.3705032169818878,
    0.361846923828125,
    0.355286568403244,
    0.33744606375694275,
    0.344396710395813,
    0.3275781571865082,
    0.32033997774124146,
    0.3047053813934326,
    0.3027525544166565,
    0.29546791315078735,
    0.29179105162620544,
    0.2772330045700073,
    0.27864697575569153,
    0.27081239223480225,
    0.27370530366897583,
    0.2621402144432068,
    0.2642492651939392,
    0.26409727334976196,
    0.25348830223083496,
    0.245534285902977,
    0.24257466197013855,
    0.24473264813423157,
    0.2465183138847351,
    0.23624640703201294,
    0.24417757987976074,
    0.23399388790130615,
    0.23332399129867554,
    0.23242434859275818,
    0.2242511510848999,
    0.22505918145179749,
    0.2268214225769043,
    0.22192153334617615,
    0.21941885352134705,
    0.22127586603164673,
    0.21555498242378235,
    0.21518203616142273,
    0.21232004463672638,
    0.21368682384490967,
    0.21179711818695068,
    0.20930533111095428,
    0.2120293825864792,
    0.21380650997161865,
    0.2092413753271103,
    0.20858967304229736,
    0.20835556089878082,
    0.2091018706560135,
    0.20240554213523865,
    0.2019321322441101,
    0.19726213812828064,
    0.20780836045742035,
    0.19866758584976196
  ],
  "graph_discov_sparsity_loss": [
    0.622459352016449,
    0.6223093867301941,
    0.6221752166748047,
    0.6220558881759644,
    0.6219483613967896,
    0.6218449473381042,
    0.6217440962791443,
    0.6216453909873962,
    0.6215494871139526,
    0.6214572191238403,
    0.6213696002960205,
    0.6212868690490723,
    0.621208906173706,
    0.6211357712745667,
    0.6210677623748779,
    0.621004581451416,
    0.6209461688995361,
    0.6208925247192383,
    0.6208435893058777,
    0.6207990646362305,
    0.5948799252510071,
    0.5948556661605835,
    0.5948355197906494,
    0.5948172807693481,
    0.5948014855384827,
    0.5947870016098022,
    0.5947737693786621,
    0.5947621464729309,
    0.5947529077529907,
    0.5947452187538147,
    0.5947389006614685,
    0.594733715057373,
    0.5947299599647522,
    0.5947272777557373,
    0.5947258472442627,
    0.5947248935699463,
    0.5947251915931702,
    0.5947264432907104,
    0.5947288274765015,
    0.5947316884994507,
    0.5947350859642029,
    0.5947392582893372,
    0.5947438478469849,
    0.5947489738464355,
    0.5947543382644653,
    0.5947603583335876,
    0.5947666168212891,
    0.5947731137275696,
    0.5947798490524292,
    0.5947868824005127,
    0.5947941541671753,
    0.5948014855384827,
    0.5948089361190796,
    0.594816267490387,
    0.5948237180709839,
    0.5948311686515808,
    0.5948385000228882,
    0.5948458313941956,
    0.5948529839515686,
    0.5948602557182312,
    0.5948673486709595,
    0.594874382019043,
    0.5948811173439026,
    0.5948877930641174
  ],
  "graph_discov_total_loss": [
    0.9846711158752441,
    0.9429764747619629,
    0.8540861010551453,
    0.7767470479011536,
    0.7102799415588379,
    0.632430911064148,
    0.5886215567588806,
    0.566939651966095,
    0.5194681882858276,
    0.5122400522232056,
    0.47200411558151245,
    0.43801939487457275,
    0.42674562335014343,
    0.40941324830055237,
    0.39937782287597656,
    0.3914875090122223,
    0.37236443161964417,
    0.3780782222747803,
    0.36006686091423035,
    0.3516783118247986,
    0.3336741030216217,
    0.3306964337825775,
    0.32242336869239807,
    0.3177931606769562,
    0.3023155629634857,
    0.3028425872325897,
    0.2941524386405945,
    0.2962201237678528,
    0.2838590443134308,
    0.2852003276348114,
    0.2843077480792999,
    0.2729843854904175,
    0.2643412947654724,
    0.26071697473526,
    0.26223379373550415,
    0.26340097188949585,
    0.2525324821472168,
    0.2598881721496582,
    0.24914933741092682,
    0.2479439526796341,
    0.2465277463197708,
    0.23785623908042908,
    0.23818360269069672,
    0.23948214948177338,
    0.2341349571943283,
    0.23120079934597015,
    0.2326415777206421,
    0.2265191674232483,
    0.2257588803768158,
    0.22252324223518372,
    0.22352957725524902,
    0.2212921679019928,
    0.2184649556875229,
    0.2208654284477234,
    0.22233040630817413,
    0.2174641489982605,
    0.2165219783782959,
    0.21600763499736786,
    0.21648362278938293,
    0.20952652394771576,
    0.20880155265331268,
    0.2038888782262802,
    0.21420100331306458,
    0.20483438670635223
  ],
  "latent_data_pred_loss": [
    0.9988741874694824,
    0.9453735947608948,
    0.8631598949432373,
    0.7977821230888367,
    0.716687023639679,
    0.6248805522918701,
    0.5648517608642578,
    0.5376992225646973,
    0.5097179412841797,
    0.4964131712913513,
    0.4528738558292389,
    0.4094616770744324,
    0.38913586735725403,
    0.3655085265636444,
    0.35620594024658203,
    0.3528767228126526,
    0.3393017053604126,
    0.3420000672340393,
    0.3263731598854065,
    0.31278038024902344,
    0.3068729341030121,
    0.2986680865287781,
    0.3027518391609192,
    0.2825939655303955,
    0.2752924859523773,
    0.2696068584918976,
    0.259959876537323,
    0.26331084966659546,
    0.25134000182151794,
    0.25849953293800354,
    0.24830986559391022,
    0.2399795651435852,
    0.2331448197364807,
    0.23335152864456177,
    0.22945460677146912,
    0.22868970036506653,
    0.22518989443778992,
    0.22569376230239868,
    0.2222031056880951,
    0.21828502416610718,
    0.21863558888435364,
    0.2162555456161499,
    0.20955929160118103,
    0.21351021528244019,
    0.20673346519470215,
    0.20866093039512634,
    0.20433229207992554,
    0.2045818269252777,
    0.20292145013809204,
    0.19774183630943298,
    0.20069152116775513,
    0.2002916932106018,
    0.2004721462726593,
    0.1970127522945404,
    0.20037071406841278,
    0.19436492025852203,
    0.19206839799880981,
    0.19334420561790466,
    0.19213619828224182,
    0.19010715186595917,
    0.18731486797332764,
    0.191896453499794,
    0.18528257310390472,
    0.18801847100257874
  ]
}
