{
  "accuracy": 0.9166666666666666,
  "auprc": 0.6805555555555555,
  "auroc": 0.9343434343434344,
  "dataset": "nc8",
  "f1": 0.0,
  "ground_truth_edges": 3,
  "hidden_variable_count": 2,
  "mode": "latent",
  "native_binary_accuracy": 0.4722222222222222,
  "native_binary_f1": 0.24000000000000002,
  "native_binary_shd": 19,
  "num_variables": 6,
  "observed_variable_count": 6,
  "predicted_edges": 0,
  "runtime_sec": 2.6544674979522824,
  "sample_id": "replica_000",
  "sequence_length": 2000,
  "shd": 3,
  "split": null,
  "threshold": 300.00000000000006
}
