{
  "aggregate": {
    "accuracy": {
      "max": 0.9444444444444444,
      "mean": 0.9388888888888889,
      "min": 0.9166666666666666,
      "std": 0.012422599874998837
    },
    "auprc": {
      "max": 0.5888888888888889,
      "mean": 0.5399206349206349,
      "min": 0.5138888888888888,
      "std": 0.028515708453794728
    },
    "auroc": {
      "max": 0.9595959595959596,
      "mean": 0.9434343434343434,
      "min": 0.9292929292929293,
      "std": 0.01151692348584986
    },
    "f1": {
      "max": 0.6666666666666666,
      "mean": 0.6476190476190475,
      "min": 0.5714285714285715,
      "std": 0.04259177099999594
    },
    "runtime_sec": {
      "max": 1540.9817492300645,
      "mean": 1539.1932434675284,
      "min": 1534.5764015982859,
      "std": 2.6600070167808747
    },
    "runtime_sec_total": 7695.966217337642,
    "shd": {
      "max": 3.0,
      "mean": 2.2,
      "min": 2.0,
      "std": 0.44721359549995787
    },
    "threshold_accuracy": 0.9388888888888889,
    "wall_clock_sec_total": 7701.608315919992
  },
  "baseline": "GVAR",
  "dataset": "nc8",
  "loss_curve_note": "The current GVAR/TRGC path does not expose one clean training-loss curve suitable for standardized plotting.",
  "mode": "latent",
  "native_binary_available": true,
  "num_samples": 5,
  "split": null,
  "threshold": {
    "accuracy": 0.9388888888888889,
    "num_edges": 180,
    "rule": "binary_graph = (score_matrix >= threshold)",
    "threshold": 0.03817238286137581
  }
}
