{
  "accuracy": 0.9388888888888889,
  "num_edges": 180,
  "rule": "binary_graph = (score_matrix >= threshold)",
  "threshold": 0.03817238286137581
}
