{
  "joint_train_loss": [
    2.093592956662178,
    2.072383813560009,
    2.056449592113495,
    2.0377831161022186,
    2.0219353064894676,
    2.0054642781615257,
    1.9941576421260834,
    1.9807690158486366,
    1.966017246246338,
    1.9615617245435715
  ],
  "joint_val_loss": [
    1.0083895921707153,
    1.0044491291046143,
    1.0011045932769775,
    0.9983304738998413,
    0.9960837364196777,
    0.994307279586792,
    0.992919921875,
    0.991828978061676,
    0.9909508228302002,
    0.9901873469352722
  ],
  "reconstruction_train_loss": [
    1.2535033375024796,
    1.2322420477867126,
    1.2116431593894958,
    1.1913465484976768,
    1.1744594648480415,
    1.1569677293300629,
    1.1376008242368698,
    1.120127134025097,
    1.1064613983035088,
    1.0891402587294579
  ],
  "reconstruction_val_loss": [
    1.144219994544983,
    1.1241496801376343,
    1.1049010753631592,
    1.0863502025604248,
    1.0685487985610962,
    1.0514061450958252,
    1.0349222421646118,
    1.0190761089324951,
    1.0038145780563354,
    0.9891306161880493
  ]
}
