{
  "accuracy": 0.924072265625,
  "auprc": 0.08623230943975402,
  "auroc": 0.5557807728085564,
  "dataset": "simulated_EEG_68_static_v2",
  "f1": 0.0,
  "ground_truth_edges": 311,
  "hidden_variable_count": 4,
  "mode": "latent",
  "native_binary_accuracy": 0.875,
  "native_binary_f1": 0.07246376811594202,
  "native_binary_shd": 497,
  "num_variables": 64,
  "observed_variable_count": 64,
  "predicted_edges": 0,
  "runtime_sec": 55.25596226239577,
  "sample_id": "sample_00276",
  "sequence_length": 1000,
  "shd": 311,
  "split": "test",
  "threshold": 300.00000000000006
}
