{
  "accuracy": 0.924072265625,
  "auprc": 0.0802078071972757,
  "auroc": 0.5166552689368679,
  "dataset": "simulated_EEG_68_static_v2",
  "f1": 0.0,
  "ground_truth_edges": 311,
  "hidden_variable_count": 4,
  "mode": "latent",
  "native_binary_accuracy": 0.878662109375,
  "native_binary_f1": 0.064030131826742,
  "native_binary_shd": 482,
  "num_variables": 64,
  "observed_variable_count": 64,
  "predicted_edges": 0,
  "runtime_sec": 55.59313462814316,
  "sample_id": "sample_00248",
  "sequence_length": 1000,
  "shd": 311,
  "split": "test",
  "threshold": 300.00000000000006
}
