{
  "joint_train_loss": [
    2.091302014887333,
    2.071949951350689,
    2.051563337445259,
    2.037127763032913,
    2.0193449333310127,
    2.0036243945360184,
    1.9907211661338806,
    1.9785000383853912,
    1.967720352113247,
    1.958000473678112
  ],
  "joint_val_loss": [
    1.011163353919983,
    1.007409691810608,
    1.0042622089385986,
    1.0016974210739136,
    0.9996825456619263,
    0.9981445670127869,
    0.9970068335533142,
    0.9961575865745544,
    0.995513916015625,
    0.994975209236145
  ],
  "reconstruction_train_loss": [
    1.2533291727304459,
    1.2279345393180847,
    1.2073180079460144,
    1.1905936002731323,
    1.1724663525819778,
    1.1536377221345901,
    1.1347041949629784,
    1.120678424835205,
    1.0996321439743042,
    1.0842943638563156
  ],
  "reconstruction_val_loss": [
    1.1409744024276733,
    1.1210094690322876,
    1.1018316745758057,
    1.0833631753921509,
    1.065610647201538,
    1.0484834909439087,
    1.0320160388946533,
    1.0161728858947754,
    1.0009331703186035,
    0.9861987233161926
  ]
}
