{
  "graph_discov_data_loss": [
    0.9637020826339722,
    0.8525300025939941,
    0.8209376335144043,
    0.731208860874176,
    0.6501396298408508,
    0.6320834159851074,
    0.5309399366378784,
    0.5342522859573364,
    0.47347110509872437,
    0.4649069309234619,
    0.43653732538223267,
    0.41108959913253784,
    0.39706265926361084,
    0.37258875370025635,
    0.37480056285858154,
    0.3485611081123352,
    0.3382245898246765,
    0.3409850597381592,
    0.32485514879226685,
    0.31856024265289307,
    0.3139767646789551,
    0.3065851926803589,
    0.2988595962524414,
    0.288612425327301,
    0.28527939319610596,
    0.2793733775615692,
    0.2644903063774109,
    0.27269142866134644,
    0.2638196349143982,
    0.25906407833099365,
    0.25361838936805725,
    0.257210910320282,
    0.24466711282730103,
    0.2543759346008301,
    0.23675310611724854,
    0.24622979760169983,
    0.236393004655838,
    0.23846504092216492,
    0.225469172000885,
    0.23366965353488922,
    0.23364898562431335,
    0.2205989509820938,
    0.23620501160621643,
    0.22337274253368378,
    0.20555976033210754,
    0.21786490082740784,
    0.21849945187568665,
    0.2145012766122818,
    0.21683645248413086,
    0.2130814790725708,
    0.2126462310552597,
    0.21213096380233765,
    0.2122240960597992,
    0.20900800824165344,
    0.20972904562950134,
    0.20136317610740662,
    0.20252253115177155,
    0.20191171765327454,
    0.20436370372772217,
    0.20612266659736633,
    0.20640645921230316,
    0.2028314173221588,
    0.203682541847229,
    0.2008930742740631
  ],
  "graph_discov_sparsity_loss": [
    0.622459352016449,
    0.6223110556602478,
    0.622177004814148,
    0.6220541000366211,
    0.6219373941421509,
    0.6218256950378418,
    0.6217180490493774,
    0.6216140985488892,
    0.6215146780014038,
    0.6214198470115662,
    0.621330976486206,
    0.6212470531463623,
    0.6211689114570618,
    0.6210963726043701,
    0.6210294961929321,
    0.6209679841995239,
    0.6209119558334351,
    0.6208606958389282,
    0.6208142638206482,
    0.6207723021507263,
    0.5948752164840698,
    0.5948569774627686,
    0.5948418378829956,
    0.5948292016983032,
    0.5948167443275452,
    0.5948058366775513,
    0.5947954654693604,
    0.5947854518890381,
    0.5947766304016113,
    0.5947687029838562,
    0.5947616100311279,
    0.5947556495666504,
    0.5947511196136475,
    0.5947473049163818,
    0.5947442054748535,
    0.5947418212890625,
    0.5947403907775879,
    0.5947399139404297,
    0.5947400331497192,
    0.5947407484054565,
    0.5947421193122864,
    0.5947443842887878,
    0.5947469472885132,
    0.5947500467300415,
    0.5947535634040833,
    0.5947573781013489,
    0.5947617292404175,
    0.5947666168212891,
    0.5947717428207397,
    0.5947771668434143,
    0.5947827696800232,
    0.594788670539856,
    0.5947946310043335,
    0.5948007106781006,
    0.5948069095611572,
    0.594813346862793,
    0.5948199033737183,
    0.5948264598846436,
    0.5948330163955688,
    0.5948395729064941,
    0.5948461294174194,
    0.5948525667190552,
    0.5948591232299805,
    0.5948655605316162
  ],
  "graph_discov_total_loss": [
    1.0259480476379395,
    0.9125619530677795,
    0.8788356781005859,
    0.7870498895645142,
    0.7039971947669983,
    0.6840283870697021,
    0.581040620803833,
    0.5825743675231934,
    0.5200781226158142,
    0.509860098361969,
    0.4798957109451294,
    0.4529101252555847,
    0.437400221824646,
    0.4114963114261627,
    0.41232913732528687,
    0.38475990295410156,
    0.3731410503387451,
    0.374664843082428,
    0.35734230279922485,
    0.34989723563194275,
    0.34294524788856506,
    0.3345291316509247,
    0.325815349817276,
    0.31461507081985474,
    0.3103626072406769,
    0.3035697340965271,
    0.28783121705055237,
    0.29520711302757263,
    0.28553932905197144,
    0.2800159752368927,
    0.2738296389579773,
    0.2767077088356018,
    0.26347479224205017,
    0.2725188732147217,
    0.2542548179626465,
    0.26311296224594116,
    0.2526794970035553,
    0.25417599081993103,
    0.24062491953372955,
    0.24828983843326569,
    0.24775254726409912,
    0.23420415818691254,
    0.24932949244976044,
    0.23603349924087524,
    0.2177731692790985,
    0.22964678704738617,
    0.22986507415771484,
    0.2254653424024582,
    0.22741316258907318,
    0.223284512758255,
    0.22248879075050354,
    0.22162580490112305,
    0.2213834971189499,
    0.21784381568431854,
    0.21825270354747772,
    0.20958571135997772,
    0.21045458316802979,
    0.20956355333328247,
    0.2117452174425125,
    0.21324339509010315,
    0.21327564120292664,
    0.20945791900157928,
    0.21007494628429413,
    0.20705965161323547
  ],
  "latent_data_pred_loss": [
    1.0516482591629028,
    0.9254693388938904,
    0.8949801921844482,
    0.7954483032226562,
    0.7061047554016113,
    0.6695477366447449,
    0.566722571849823,
    0.5708127021789551,
    0.4990646541118622,
    0.48447880148887634,
    0.45442864298820496,
    0.4169934093952179,
    0.4062153398990631,
    0.36962729692459106,
    0.3725283145904541,
    0.354365736246109,
    0.3362818956375122,
    0.33320993185043335,
    0.31783196330070496,
    0.31287550926208496,
    0.31194552779197693,
    0.3042150139808655,
    0.28821080923080444,
    0.2819625437259674,
    0.27870336174964905,
    0.2710150480270386,
    0.2608230710029602,
    0.26016050577163696,
    0.2528783977031708,
    0.24708959460258484,
    0.25040313601493835,
    0.24505022168159485,
    0.23920884728431702,
    0.23949691653251648,
    0.23267750442028046,
    0.22849741578102112,
    0.21890459954738617,
    0.22408412396907806,
    0.2148715853691101,
    0.22079718112945557,
    0.2127836048603058,
    0.20635215938091278,
    0.21691815555095673,
    0.21077652275562286,
    0.19624119997024536,
    0.20591142773628235,
    0.20491601526737213,
    0.19988670945167542,
    0.20328156650066376,
    0.20275719463825226,
    0.20152394473552704,
    0.196783185005188,
    0.19447866082191467,
    0.19035491347312927,
    0.18831422924995422,
    0.18754462897777557,
    0.18754982948303223,
    0.18944810330867767,
    0.18572783470153809,
    0.19065344333648682,
    0.1876738965511322,
    0.1821250021457672,
    0.18627426028251648,
    0.1904350370168686
  ]
}
