{
  "graph_discov_data_loss": [
    0.9140095710754395,
    0.8397758603096008,
    0.7654821276664734,
    0.6276208162307739,
    0.579659104347229,
    0.5359914302825928,
    0.49065154790878296,
    0.45495307445526123,
    0.4195109009742737,
    0.41190600395202637,
    0.39294445514678955,
    0.37098193168640137,
    0.33939337730407715,
    0.34095585346221924,
    0.30780744552612305,
    0.29861801862716675,
    0.29582852125167847,
    0.283200740814209,
    0.27846336364746094,
    0.2673501968383789,
    0.2744695842266083,
    0.25814181566238403,
    0.2608513832092285,
    0.2552346885204315,
    0.2504434287548065,
    0.2428211271762848,
    0.23950302600860596,
    0.23615235090255737,
    0.2281491905450821,
    0.22481471300125122,
    0.2208225429058075,
    0.2172566056251526,
    0.21653883159160614,
    0.21709701418876648,
    0.21059787273406982,
    0.21219727396965027,
    0.20166844129562378,
    0.19953653216362,
    0.19937020540237427,
    0.19654352962970734,
    0.19824013113975525,
    0.18793000280857086,
    0.19228562712669373,
    0.18799148499965668,
    0.19420725107192993,
    0.18925705552101135,
    0.17860138416290283,
    0.18470855057239532,
    0.1852169781923294,
    0.18251709640026093,
    0.18168720602989197,
    0.1837174892425537,
    0.18219716846942902,
    0.17950598895549774,
    0.17660784721374512,
    0.17883113026618958,
    0.18363885581493378,
    0.17673343420028687,
    0.178921639919281,
    0.1795254349708557,
    0.1704355776309967,
    0.17893600463867188,
    0.17544448375701904,
    0.17745938897132874
  ],
  "graph_discov_sparsity_loss": [
    0.622459352016449,
    0.6223291158676147,
    0.622212290763855,
    0.6221072673797607,
    0.6220064759254456,
    0.6219077706336975,
    0.6218084096908569,
    0.6217113733291626,
    0.6216168999671936,
    0.6215271949768066,
    0.6214427351951599,
    0.6213632822036743,
    0.621288537979126,
    0.621218204498291,
    0.6211521029472351,
    0.6210908889770508,
    0.6210334300994873,
    0.6209803819656372,
    0.6209311485290527,
    0.6208854913711548,
    0.5948965549468994,
    0.5948728322982788,
    0.5948473215103149,
    0.5948220491409302,
    0.5947988629341125,
    0.5947773456573486,
    0.5947578549385071,
    0.5947399139404297,
    0.5947242975234985,
    0.5947109460830688,
    0.5946997404098511,
    0.594690203666687,
    0.5946824550628662,
    0.5946753025054932,
    0.5946695804595947,
    0.5946650505065918,
    0.5946621894836426,
    0.5946601629257202,
    0.5946589708328247,
    0.5946588516235352,
    0.5946598052978516,
    0.5946613550186157,
    0.5946635007858276,
    0.594666063785553,
    0.5946691632270813,
    0.5946727991104126,
    0.5946767330169678,
    0.5946811437606812,
    0.5946857929229736,
    0.5946905612945557,
    0.5946956872940063,
    0.5947010517120361,
    0.594706654548645,
    0.5947125554084778,
    0.5947186946868896,
    0.5947251319885254,
    0.5947315692901611,
    0.5947383046150208,
    0.5947449803352356,
    0.5947517156600952,
    0.5947582721710205,
    0.5947649478912354,
    0.5947716236114502,
    0.5947782397270203
  ],
  "graph_discov_total_loss": [
    0.9762555360794067,
    0.8998095393180847,
    0.8233834505081177,
    0.6834666132926941,
    0.633522629737854,
    0.5879432559013367,
    0.5407595038414001,
    0.5032827258110046,
    0.46612560749053955,
    0.45686691999435425,
    0.43631061911582947,
    0.4128102660179138,
    0.3797387182712555,
    0.37987104058265686,
    0.3453434407711029,
    0.33482399582862854,
    0.33075180649757385,
    0.3168870210647583,
    0.3109566271305084,
    0.298692911863327,
    0.30343911051750183,
    0.2860864996910095,
    0.2878073751926422,
    0.28123700618743896,
    0.27552589774131775,
    0.26701635122299194,
    0.26284244656562805,
    0.25866633653640747,
    0.24986697733402252,
    0.2457645684480667,
    0.241031676530838,
    0.2367512732744217,
    0.23534433543682098,
    0.2352377474308014,
    0.22809737920761108,
    0.2290782481431961,
    0.21795278787612915,
    0.21524536609649658,
    0.21452388167381287,
    0.21116170287132263,
    0.21234174072742462,
    0.20153331756591797,
    0.2054082751274109,
    0.20065045356750488,
    0.2064189314842224,
    0.20103727281093597,
    0.1899653822183609,
    0.19567103683948517,
    0.19579215347766876,
    0.19271863996982574,
    0.1915283352136612,
    0.1932109296321869,
    0.19135521352291107,
    0.18834048509597778,
    0.18513023853302002,
    0.18705244362354279,
    0.1915697306394577,
    0.18438412249088287,
    0.186302050948143,
    0.18664512038230896,
    0.1773037314414978,
    0.18556153774261475,
    0.18183594942092896,
    0.18362505733966827
  ],
  "latent_data_pred_loss": [
    1.0032200813293457,
    0.9286466836929321,
    0.8660728931427002,
    0.7099094390869141,
    0.6402884125709534,
    0.5673503875732422,
    0.5199785828590393,
    0.4889800548553467,
    0.4546722173690796,
    0.424091637134552,
    0.40256473422050476,
    0.37987151741981506,
    0.34457099437713623,
    0.342197448015213,
    0.31798356771469116,
    0.3020041882991791,
    0.2957892417907715,
    0.28159117698669434,
    0.2774660885334015,
    0.2611563205718994,
    0.2696644365787506,
    0.25460103154182434,
    0.2539874017238617,
    0.24938875436782837,
    0.24947065114974976,
    0.23977059125900269,
    0.22950568795204163,
    0.2262355387210846,
    0.21987833082675934,
    0.21612563729286194,
    0.2172621339559555,
    0.2121654599905014,
    0.2065560668706894,
    0.20568609237670898,
    0.20505669713020325,
    0.202303946018219,
    0.1971282660961151,
    0.19380927085876465,
    0.18566276133060455,
    0.18779367208480835,
    0.18918836116790771,
    0.18299801647663116,
    0.18325340747833252,
    0.17908264696598053,
    0.18026888370513916,
    0.1806635558605194,
    0.1685328632593155,
    0.17105095088481903,
    0.1742543876171112,
    0.17444632947444916,
    0.17864522337913513,
    0.17060381174087524,
    0.1731717586517334,
    0.16664130985736847,
    0.16434866189956665,
    0.16623739898204803,
    0.16930463910102844,
    0.16890299320220947,
    0.1629124879837036,
    0.16777415573596954,
    0.16320523619651794,
    0.1669977307319641,
    0.16230669617652893,
    0.16538293659687042
  ]
}
