{
  "joint_train_loss": [
    2.0860942602157593,
    2.068995736539364,
    2.050378665328026,
    2.035807006061077,
    2.0209053307771683,
    2.006400443613529,
    1.9933798238635063,
    1.981127768754959,
    1.968517281115055,
    1.9603520259261131
  ],
  "joint_val_loss": [
    1.0078362226486206,
    1.0048151016235352,
    1.0024313926696777,
    1.000644564628601,
    0.9993950128555298,
    0.9985891580581665,
    0.998134970664978,
    0.9979234337806702,
    0.9978474378585815,
    0.997808039188385
  ],
  "reconstruction_train_loss": [
    1.246670737862587,
    1.2257588505744934,
    1.2070634216070175,
    1.188517339527607,
    1.1691646128892899,
    1.152126930654049,
    1.1335953250527382,
    1.1153387501835823,
    1.0998619571328163,
    1.083192601799965
  ],
  "reconstruction_val_loss": [
    1.1503132581710815,
    1.1301662921905518,
    1.110649585723877,
    1.091780662536621,
    1.0735931396484375,
    1.0561342239379883,
    1.0394964218139648,
    1.0235426425933838,
    1.0082436800003052,
    0.9935223460197449
  ]
}
