{
  "joint_train_loss": [
    2.0864317044615746,
    2.0685192719101906,
    2.0521702021360397,
    2.036573216319084,
    2.0210263654589653,
    2.0064225271344185,
    1.9944921433925629,
    1.9807105883955956,
    1.9704285189509392,
    1.9578589498996735
  ],
  "joint_val_loss": [
    1.0077677965164185,
    1.0047364234924316,
    1.0023398399353027,
    1.000540018081665,
    0.9992755055427551,
    0.9984548687934875,
    0.9979832768440247,
    0.9977613091468811,
    0.9976775050163269,
    0.9976319074630737
  ],
  "reconstruction_train_loss": [
    1.249327912926674,
    1.2283645272254944,
    1.2096137776970863,
    1.1884562075138092,
    1.1690046191215515,
    1.1515843942761421,
    1.1349634006619453,
    1.1170367449522018,
    1.1013058573007584,
    1.0859254077076912
  ],
  "reconstruction_val_loss": [
    1.1513663530349731,
    1.131121039390564,
    1.1114801168441772,
    1.0925157070159912,
    1.0742294788360596,
    1.0566478967666626,
    1.039872407913208,
    1.0238354206085205,
    1.0084246397018433,
    0.9935919642448425
  ]
}
