{
  "accuracy": 0.9444444444444444,
  "auprc": 0.5138888888888888,
  "auroc": 0.9292929292929293,
  "dataset": "nc8",
  "f1": 0.6666666666666666,
  "ground_truth_edges": 3,
  "hidden_variable_count": 2,
  "mode": "latent",
  "num_variables": 6,
  "observed_variable_count": 6,
  "predicted_edges": 3,
  "runtime_sec": 105.63750181579962,
  "sample_id": "replica_002",
  "sequence_length": 2000,
  "shd": 2,
  "split": null,
  "threshold": 15.553706645965576
}
