{
  "joint_train_loss": [
    2.084208130836487,
    2.0678364485502243,
    2.050915777683258,
    2.0321510657668114,
    2.0148054659366608,
    1.999718226492405,
    1.9845298752188683,
    1.9732031226158142,
    1.9594140201807022,
    1.9485050365328789
  ],
  "joint_val_loss": [
    1.0097768306732178,
    1.0059171915054321,
    1.002670168876648,
    1.0000139474868774,
    0.9979143738746643,
    0.9962988495826721,
    0.995092511177063,
    0.9941990971565247,
    0.9935230612754822,
    0.9929572939872742
  ],
  "reconstruction_train_loss": [
    1.2488777786493301,
    1.2280352711677551,
    1.2079398930072784,
    1.1859467700123787,
    1.1678637713193893,
    1.1494203805923462,
    1.1304402723908424,
    1.1170493066310883,
    1.098593719303608,
    1.0829773470759392
  ],
  "reconstruction_val_loss": [
    1.139430046081543,
    1.1192034482955933,
    1.0997979640960693,
    1.0811041593551636,
    1.0631389617919922,
    1.0458295345306396,
    1.0291521549224854,
    1.0131046772003174,
    0.9976366758346558,
    0.9827513694763184
  ]
}
