{
  "accuracy": 0.9166666666666666,
  "auprc": 0.3416666666666666,
  "auroc": 0.8888888888888888,
  "dataset": "nc8",
  "f1": 0.0,
  "ground_truth_edges": 3,
  "hidden_variable_count": 2,
  "mode": "latent",
  "native_binary_accuracy": 0.8611111111111112,
  "native_binary_f1": 0.5454545454545454,
  "native_binary_shd": 5,
  "num_variables": 6,
  "observed_variable_count": 6,
  "predicted_edges": 0,
  "runtime_sec": 18.16841925913468,
  "sample_id": "replica_000",
  "sequence_length": 2000,
  "shd": 3,
  "split": null,
  "threshold": 1.8244324326515198
}
