{
  "accuracy": 0.9166666666666666,
  "auprc": 0.41111111111111115,
  "auroc": 0.8939393939393939,
  "dataset": "nc8",
  "f1": 0.0,
  "ground_truth_edges": 3,
  "hidden_variable_count": 2,
  "mode": "latent",
  "native_binary_accuracy": 0.2777777777777778,
  "native_binary_f1": 0.1875,
  "native_binary_shd": 26,
  "num_variables": 6,
  "observed_variable_count": 6,
  "predicted_edges": 0,
  "runtime_sec": 2.5437632957473397,
  "sample_id": "replica_001",
  "sequence_length": 2000,
  "shd": 3,
  "split": null,
  "threshold": 300.00000000000006
}
