{
  "joint_train_loss": [
    2.0866241976618767,
    2.0692080706357956,
    2.0518982261419296,
    2.036092609167099,
    2.020840100944042,
    2.007806457579136,
    1.9942636266350746,
    1.9802553355693817,
    1.9705235287547112,
    1.9602264314889908
  ],
  "joint_val_loss": [
    1.0071802139282227,
    1.004124641418457,
    1.0017008781433105,
    0.9998716115951538,
    0.998578667640686,
    0.9977349042892456,
    0.997247576713562,
    0.9970106482505798,
    0.9969126582145691,
    0.9968512058258057
  ],
  "reconstruction_train_loss": [
    1.248429074883461,
    1.2278017401695251,
    1.2071912288665771,
    1.1884045153856277,
    1.1695036590099335,
    1.152402624487877,
    1.133349984884262,
    1.1175211071968079,
    1.1005216240882874,
    1.0859101042151451
  ],
  "reconstruction_val_loss": [
    1.1504008769989014,
    1.1303483247756958,
    1.1109399795532227,
    1.0921874046325684,
    1.0741056203842163,
    1.056761622428894,
    1.04021418094635,
    1.0243514776229858,
    1.009158730506897,
    0.9945367574691772
  ]
}
