{
  "graph_discov_data_loss": [
    0.9366048574447632,
    0.8396753668785095,
    0.7623063325881958,
    0.6912405490875244,
    0.6480072140693665,
    0.5585532188415527,
    0.5078968405723572,
    0.46334153413772583,
    0.4426174759864807,
    0.4204923212528229,
    0.40701836347579956,
    0.4031231105327606,
    0.37323397397994995,
    0.3632459044456482,
    0.3466258943080902,
    0.3361988067626953,
    0.3249208331108093,
    0.3123863935470581,
    0.29400473833084106,
    0.3091334104537964,
    0.2917744219303131,
    0.28156760334968567,
    0.2797345221042633,
    0.26189643144607544,
    0.26856929063796997,
    0.26632219552993774,
    0.251613050699234,
    0.24883735179901123,
    0.24321869015693665,
    0.24405241012573242,
    0.2415035218000412,
    0.236022487282753,
    0.23815537989139557,
    0.23222285509109497,
    0.22343075275421143,
    0.23054063320159912,
    0.22775837779045105,
    0.2218405306339264,
    0.22453613579273224,
    0.21886660158634186,
    0.21983206272125244,
    0.21441900730133057,
    0.21309438347816467,
    0.20940667390823364,
    0.20986256003379822,
    0.208690345287323,
    0.20310872793197632,
    0.19985458254814148,
    0.20581871271133423,
    0.205190509557724,
    0.20237372815608978,
    0.20164209604263306,
    0.19675403833389282,
    0.19991299510002136,
    0.19799259305000305,
    0.196531742811203,
    0.1962243616580963,
    0.19617842137813568,
    0.19517336785793304,
    0.192579448223114,
    0.19917356967926025,
    0.18671496212482452,
    0.19334322214126587,
    0.19406922161579132
  ],
  "graph_discov_sparsity_loss": [
    0.622459352016449,
    0.622330904006958,
    0.6222097873687744,
    0.6221015453338623,
    0.6220008134841919,
    0.6219048500061035,
    0.6218113899230957,
    0.621720552444458,
    0.6216325163841248,
    0.6215468645095825,
    0.6214645504951477,
    0.6213858723640442,
    0.621311366558075,
    0.6212408542633057,
    0.6211740970611572,
    0.6211115121841431,
    0.6210527420043945,
    0.620997428894043,
    0.620945930480957,
    0.6208978891372681,
    0.5948984622955322,
    0.5948671102523804,
    0.5948373675346375,
    0.5948103666305542,
    0.5947859287261963,
    0.5947636961936951,
    0.5947442054748535,
    0.5947264432907104,
    0.5947108268737793,
    0.5946970582008362,
    0.5946848392486572,
    0.5946742296218872,
    0.5946651697158813,
    0.5946574807167053,
    0.5946512222290039,
    0.5946459770202637,
    0.5946418046951294,
    0.5946387052536011,
    0.5946367979049683,
    0.5946359634399414,
    0.5946358442306519,
    0.5946364402770996,
    0.5946376919746399,
    0.5946395397186279,
    0.5946419835090637,
    0.5946449041366577,
    0.5946484208106995,
    0.5946524143218994,
    0.5946565866470337,
    0.5946611762046814,
    0.594666063785553,
    0.5946711301803589,
    0.5946763753890991,
    0.5946817398071289,
    0.5946872234344482,
    0.5946927666664124,
    0.594698429107666,
    0.5947042107582092,
    0.5947098731994629,
    0.5947156548500061,
    0.5947215557098389,
    0.5947273969650269,
    0.5947332382202148,
    0.5947390794754028
  ],
  "graph_discov_total_loss": [
    0.9988508224487305,
    0.8997092247009277,
    0.820207417011261,
    0.7470858097076416,
    0.7018702626228333,
    0.6105048060417175,
    0.5580050349235535,
    0.5116719007492065,
    0.4892333447933197,
    0.46545466780662537,
    0.45038604736328125,
    0.44495296478271484,
    0.4135808050632477,
    0.4021625220775604,
    0.3841632306575775,
    0.3724059760570526,
    0.35984519124031067,
    0.34607359766960144,
    0.32649877667427063,
    0.34047675132751465,
    0.32074403762817383,
    0.30951201915740967,
    0.3066900670528412,
    0.2878982424736023,
    0.29365119338035583,
    0.29051685333251953,
    0.2749519348144531,
    0.27135080099105835,
    0.26493600010871887,
    0.2650017738342285,
    0.2617121636867523,
    0.2555166184902191,
    0.25696033239364624,
    0.2503630518913269,
    0.2409297227859497,
    0.2474210560321808,
    0.24404215812683105,
    0.2375487983226776,
    0.23968924582004547,
    0.2334842085838318,
    0.23393310606479645,
    0.2280217558145523,
    0.22621645033359528,
    0.22206507623195648,
    0.22207368910312653,
    0.22047001123428345,
    0.21447217464447021,
    0.21081654727458954,
    0.2163933664560318,
    0.21539154648780823,
    0.2122143656015396,
    0.21113505959510803,
    0.20591162145137787,
    0.2087470442056656,
    0.20651453733444214,
    0.2047526091337204,
    0.20415478944778442,
    0.20382867753505707,
    0.20255334675312042,
    0.19969870150089264,
    0.20604130625724792,
    0.19334006309509277,
    0.19973427057266235,
    0.20023448765277863
  ],
  "latent_data_pred_loss": [
    1.015931248664856,
    0.9096368551254272,
    0.8422471284866333,
    0.7702851295471191,
    0.7037045955657959,
    0.6077708005905151,
    0.5569751262664795,
    0.4940410256385803,
    0.46427252888679504,
    0.43506675958633423,
    0.4242030084133148,
    0.409013569355011,
    0.3859184682369232,
    0.36943069100379944,
    0.3531562089920044,
    0.3373914361000061,
    0.324751079082489,
    0.3083118498325348,
    0.28941938281059265,
    0.2962241768836975,
    0.2862566113471985,
    0.2785879671573639,
    0.2718677520751953,
    0.25736379623413086,
    0.25711381435394287,
    0.2522677779197693,
    0.24742648005485535,
    0.2431168258190155,
    0.24190321564674377,
    0.23428621888160706,
    0.23283672332763672,
    0.23070910573005676,
    0.23320135474205017,
    0.22144895792007446,
    0.21698591113090515,
    0.21602487564086914,
    0.21328522264957428,
    0.21565330028533936,
    0.21181121468544006,
    0.20726025104522705,
    0.20980645716190338,
    0.20271125435829163,
    0.20191463828086853,
    0.20030461251735687,
    0.2021508812904358,
    0.20151537656784058,
    0.19194349646568298,
    0.19230157136917114,
    0.1931423842906952,
    0.19280406832695007,
    0.18883010745048523,
    0.18541675806045532,
    0.18581759929656982,
    0.18500353395938873,
    0.18644319474697113,
    0.18172378838062286,
    0.18239834904670715,
    0.1848805546760559,
    0.18256232142448425,
    0.18141885101795197,
    0.18522104620933533,
    0.17544758319854736,
    0.18176576495170593,
    0.18353377282619476
  ]
}
