{
  "joint_train_loss": [
    2.089452661573887,
    2.070485420525074,
    2.0509301871061325,
    2.030935011804104,
    2.01543041318655,
    2.0002384707331657,
    1.9848404601216316,
    1.9716303944587708,
    1.9583484753966331,
    1.948427952826023
  ],
  "joint_val_loss": [
    1.0109487771987915,
    1.0071377754211426,
    1.003923773765564,
    1.0012743473052979,
    0.9991568326950073,
    0.9975144267082214,
    0.9962626099586487,
    0.995311975479126,
    0.9945669770240784,
    0.9939455986022949
  ],
  "reconstruction_train_loss": [
    1.2558837085962296,
    1.2332980036735535,
    1.2125030681490898,
    1.1919707506895065,
    1.1718787774443626,
    1.1541324257850647,
    1.1339364126324654,
    1.1179779395461082,
    1.101710319519043,
    1.0822249576449394
  ],
  "reconstruction_val_loss": [
    1.1430169343948364,
    1.122886061668396,
    1.1035196781158447,
    1.0848265886306763,
    1.066777229309082,
    1.0493699312210083,
    1.0325511693954468,
    1.016312837600708,
    1.000627040863037,
    0.9854152798652649
  ]
}
