{
  "graph_discov_data_loss": [
    0.9318220615386963,
    0.8309735655784607,
    0.7422109246253967,
    0.6482239365577698,
    0.6036732792854309,
    0.5524158477783203,
    0.5067571401596069,
    0.4634445309638977,
    0.4317333996295929,
    0.4022457003593445,
    0.38479217886924744,
    0.3812341094017029,
    0.3516441285610199,
    0.34087204933166504,
    0.3356119692325592,
    0.32225722074508667,
    0.30825644731521606,
    0.2971382737159729,
    0.28731632232666016,
    0.27173706889152527,
    0.2816486656665802,
    0.27413180470466614,
    0.26523032784461975,
    0.2620932161808014,
    0.2513885498046875,
    0.24348530173301697,
    0.243257537484169,
    0.23488235473632812,
    0.2317080795764923,
    0.23115673661231995,
    0.23527662456035614,
    0.22332477569580078,
    0.227797731757164,
    0.21830901503562927,
    0.21868549287319183,
    0.2189033478498459,
    0.214527428150177,
    0.21197296679019928,
    0.2116454392671585,
    0.20777544379234314,
    0.20737485587596893,
    0.2015184462070465,
    0.20577570796012878,
    0.19933393597602844,
    0.20651644468307495,
    0.19895920157432556,
    0.1991112232208252,
    0.19166111946105957,
    0.1990358531475067,
    0.19157978892326355,
    0.1969846785068512,
    0.19349472224712372,
    0.19301924109458923,
    0.1892966777086258,
    0.18639416992664337,
    0.18859323859214783,
    0.1880112588405609,
    0.18526236712932587,
    0.1866213083267212,
    0.17911310493946075,
    0.18099051713943481,
    0.1912386417388916,
    0.1890585571527481,
    0.18277087807655334
  ],
  "graph_discov_sparsity_loss": [
    0.622459352016449,
    0.6223188638687134,
    0.6221957206726074,
    0.6220831274986267,
    0.6219749450683594,
    0.6218692660331726,
    0.621766209602356,
    0.6216663718223572,
    0.6215705871582031,
    0.6214796900749207,
    0.6213937997817993,
    0.6213126182556152,
    0.6212363243103027,
    0.6211647987365723,
    0.6210987567901611,
    0.6210379004478455,
    0.6209821701049805,
    0.620930552482605,
    0.6208834052085876,
    0.6208401322364807,
    0.5948882102966309,
    0.5948635935783386,
    0.5948415994644165,
    0.594821572303772,
    0.5948052406311035,
    0.594790518283844,
    0.5947770476341248,
    0.5947648286819458,
    0.5947538614273071,
    0.5947438478469849,
    0.5947355031967163,
    0.5947285890579224,
    0.5947229266166687,
    0.5947185754776001,
    0.5947152376174927,
    0.5947129726409912,
    0.5947115421295166,
    0.5947111248970032,
    0.5947115421295166,
    0.5947126150131226,
    0.5947141647338867,
    0.594716489315033,
    0.5947190523147583,
    0.5947220325469971,
    0.5947256684303284,
    0.5947297811508179,
    0.5947343111038208,
    0.5947391986846924,
    0.5947444438934326,
    0.594749927520752,
    0.5947555303573608,
    0.5947614312171936,
    0.594767689704895,
    0.594774067401886,
    0.5947806239128113,
    0.5947872996330261,
    0.5947939157485962,
    0.5948007106781006,
    0.5948075652122498,
    0.5948142409324646,
    0.5948209166526794,
    0.59482741355896,
    0.5948339700698853,
    0.5948405265808105
  ],
  "graph_discov_total_loss": [
    0.9940680265426636,
    0.8910062909126282,
    0.8001106977462769,
    0.7040675282478333,
    0.6575340628623962,
    0.6043644547462463,
    0.5568616986274719,
    0.5117707252502441,
    0.4783446192741394,
    0.4472031891345978,
    0.42815494537353516,
    0.42305904626846313,
    0.39198607206344604,
    0.37978389859199524,
    0.3731447458267212,
    0.35846009850502014,
    0.34317684173583984,
    0.33082184195518494,
    0.31980711221694946,
    0.30307748913764954,
    0.3106178045272827,
    0.3020760416984558,
    0.29218608140945435,
    0.28809550404548645,
    0.2764712870121002,
    0.2676810622215271,
    0.266597718000412,
    0.25739726424217224,
    0.2534269392490387,
    0.25210773944854736,
    0.25548696517944336,
    0.24282069504261017,
    0.24660451710224152,
    0.23645107448101044,
    0.23618634045124054,
    0.23578567802906036,
    0.230813130736351,
    0.2276831418275833,
    0.22680045664310455,
    0.2223949283361435,
    0.22147774696350098,
    0.2151230275630951,
    0.21889957785606384,
    0.21199409663677216,
    0.21872928738594055,
    0.21074053645133972,
    0.21047630906105042,
    0.20262467861175537,
    0.20961207151412964,
    0.20178236067295074,
    0.20682679116725922,
    0.2029891312122345,
    0.2021782249212265,
    0.19813209772109985,
    0.1949174553155899,
    0.19681541621685028,
    0.1959429681301117,
    0.19291386008262634,
    0.19400249421596527,
    0.1862335354089737,
    0.1878594011068344,
    0.1978648602962494,
    0.19545069336891174,
    0.18893718719482422
  ],
  "latent_data_pred_loss": [
    1.0136569738388062,
    0.9153249859809875,
    0.8309921026229858,
    0.7184038162231445,
    0.6536697149276733,
    0.5939558744430542,
    0.5485469698905945,
    0.5001667141914368,
    0.45081374049186707,
    0.42102956771850586,
    0.38655999302864075,
    0.3866640329360962,
    0.3574211597442627,
    0.3400171995162964,
    0.3339390754699707,
    0.32293814420700073,
    0.30405378341674805,
    0.2926516830921173,
    0.2860659956932068,
    0.2707641124725342,
    0.2794877886772156,
    0.2691410779953003,
    0.2612029016017914,
    0.2498958259820938,
    0.25269192457199097,
    0.23677986860275269,
    0.23569214344024658,
    0.22441911697387695,
    0.2318950593471527,
    0.21925988793373108,
    0.22263437509536743,
    0.21836552023887634,
    0.2173081934452057,
    0.21051716804504395,
    0.2084539532661438,
    0.20912836492061615,
    0.20415356755256653,
    0.19555912911891937,
    0.19925269484519958,
    0.19214391708374023,
    0.19124388694763184,
    0.19545915722846985,
    0.19647327065467834,
    0.18915267288684845,
    0.19077938795089722,
    0.18447798490524292,
    0.183099627494812,
    0.18371060490608215,
    0.18905457854270935,
    0.18566885590553284,
    0.18245826661586761,
    0.17539259791374207,
    0.1797189563512802,
    0.17511698603630066,
    0.17726248502731323,
    0.1801758110523224,
    0.17478729784488678,
    0.17418372631072998,
    0.17373383045196533,
    0.16833451390266418,
    0.16971410810947418,
    0.1755482703447342,
    0.17316490411758423,
    0.17026415467262268
  ]
}
