{
  "accuracy": 0.924072265625,
  "auprc": 0.08273041686991268,
  "auroc": 0.5269047305534199,
  "dataset": "simulated_EEG_68_static_v2",
  "f1": 0.0,
  "ground_truth_edges": 311,
  "hidden_variable_count": 4,
  "mode": "latent",
  "native_binary_accuracy": 0.874267578125,
  "native_binary_f1": 0.08849557522123894,
  "native_binary_shd": 505,
  "num_variables": 64,
  "observed_variable_count": 64,
  "predicted_edges": 0,
  "runtime_sec": 57.39044275507331,
  "sample_id": "sample_00240",
  "sequence_length": 1000,
  "shd": 311,
  "split": "test",
  "threshold": 300.00000000000006
}
