{
  "graph_discov_data_loss": [
    0.9857864379882812,
    0.8622680306434631,
    0.7788833379745483,
    0.7149655222892761,
    0.6197894811630249,
    0.5737587213516235,
    0.5158817768096924,
    0.48043227195739746,
    0.45913365483283997,
    0.4319940209388733,
    0.42540329694747925,
    0.3923853635787964,
    0.39072903990745544,
    0.3750891089439392,
    0.35986775159835815,
    0.35492533445358276,
    0.3506476581096649,
    0.3431940972805023,
    0.3206532895565033,
    0.3172721862792969,
    0.32026755809783936,
    0.3120082914829254,
    0.30461689829826355,
    0.2860774099826813,
    0.28841859102249146,
    0.2829520106315613,
    0.272960364818573,
    0.2638844847679138,
    0.2680194675922394,
    0.26421722769737244,
    0.25287023186683655,
    0.25453031063079834,
    0.25334060192108154,
    0.2395401895046234,
    0.24160459637641907,
    0.24159011244773865,
    0.23920488357543945,
    0.23954316973686218,
    0.23228058218955994,
    0.23563197255134583,
    0.2267829328775406,
    0.23046272993087769,
    0.22767679393291473,
    0.22203369438648224,
    0.21647906303405762,
    0.21777580678462982,
    0.21593746542930603,
    0.21772500872612,
    0.21301257610321045,
    0.21561485528945923,
    0.20787863433361053,
    0.2083994597196579,
    0.21403437852859497,
    0.20996783673763275,
    0.21497204899787903,
    0.2116190493106842,
    0.20946165919303894,
    0.21173152327537537,
    0.20726796984672546,
    0.19685928523540497,
    0.20554959774017334,
    0.19943226873874664,
    0.20349305868148804,
    0.2011536806821823
  ],
  "graph_discov_sparsity_loss": [
    0.622459352016449,
    0.6223322153091431,
    0.6222169995307922,
    0.6221104264259338,
    0.6220124959945679,
    0.6219191551208496,
    0.6218291521072388,
    0.6217405200004578,
    0.6216546893119812,
    0.6215721368789673,
    0.6214938759803772,
    0.6214208602905273,
    0.6213514804840088,
    0.621286153793335,
    0.6212252378463745,
    0.6211680173873901,
    0.6211146116256714,
    0.6210650205612183,
    0.6210194826126099,
    0.6209777593612671,
    0.5949153900146484,
    0.5948941707611084,
    0.5948731899261475,
    0.5948541164398193,
    0.5948357582092285,
    0.5948199033737183,
    0.594805121421814,
    0.5947914123535156,
    0.5947791337966919,
    0.5947685241699219,
    0.594759464263916,
    0.5947514176368713,
    0.5947452187538147,
    0.5947401523590088,
    0.5947363972663879,
    0.5947338342666626,
    0.5947320461273193,
    0.5947309732437134,
    0.5947311520576477,
    0.594731867313385,
    0.5947333574295044,
    0.5947355031967163,
    0.5947384834289551,
    0.594741940498352,
    0.5947461128234863,
    0.5947508811950684,
    0.5947555303573608,
    0.5947608947753906,
    0.59476637840271,
    0.594772219657898,
    0.5947781205177307,
    0.5947843194007874,
    0.5947904586791992,
    0.5947967767715454,
    0.5948030948638916,
    0.5948095321655273,
    0.5948159694671631,
    0.5948224067687988,
    0.5948289632797241,
    0.594835638999939,
    0.5948421955108643,
    0.5948485732078552,
    0.5948547720909119,
    0.5948609113693237
  ],
  "graph_discov_total_loss": [
    1.0480324029922485,
    0.9223020076751709,
    0.8367851376533508,
    0.7708115577697754,
    0.6736535429954529,
    0.6257115006446838,
    0.5659914016723633,
    0.5287641882896423,
    0.5057511925697327,
    0.47695818543434143,
    0.4687730371952057,
    0.43421757221221924,
    0.4310784637928009,
    0.41400855779647827,
    0.3974081575870514,
    0.3911358118057251,
    0.3855755031108856,
    0.37688496708869934,
    0.3531511723995209,
    0.3486195504665375,
    0.34923800826072693,
    0.3399539589881897,
    0.33157408237457275,
    0.31208112835884094,
    0.31350260972976685,
    0.3071489632129669,
    0.2963016629219055,
    0.2864004075527191,
    0.2897392511367798,
    0.2851690948009491,
    0.27308139204978943,
    0.2740269899368286,
    0.27214810252189636,
    0.2576829195022583,
    0.2591060698032379,
    0.2584730386734009,
    0.25549113750457764,
    0.2552538812160492,
    0.24743609130382538,
    0.2502519190311432,
    0.24088628590106964,
    0.2440677434206009,
    0.24080109596252441,
    0.23469427227973938,
    0.22869232296943665,
    0.2295575588941574,
    0.22730296850204468,
    0.22868897020816803,
    0.22358918190002441,
    0.22581779956817627,
    0.2177211195230484,
    0.21789422631263733,
    0.2231937199831009,
    0.21880358457565308,
    0.22349564731121063,
    0.21984152495861053,
    0.2173936516046524,
    0.21938329935073853,
    0.21464942395687103,
    0.2039799690246582,
    0.21241873502731323,
    0.20605872571468353,
    0.20988541841506958,
    0.2073201984167099
  ],
  "latent_data_pred_loss": [
    1.076460838317871,
    0.936774492263794,
    0.8525421619415283,
    0.7889676094055176,
    0.6814859509468079,
    0.624199628829956,
    0.5554953813552856,
    0.5026535987854004,
    0.4809533953666687,
    0.45133882761001587,
    0.4390490651130676,
    0.39909058809280396,
    0.3981413245201111,
    0.3766251504421234,
    0.3624456524848938,
    0.3580053448677063,
    0.3453899621963501,
    0.33881765604019165,
    0.3073663115501404,
    0.3097485601902008,
    0.31856441497802734,
    0.3033312261104584,
    0.2951723337173462,
    0.28623926639556885,
    0.27896955609321594,
    0.27654004096984863,
    0.26733529567718506,
    0.25730985403060913,
    0.2616541087627411,
    0.2501685619354248,
    0.24786970019340515,
    0.23965317010879517,
    0.24211549758911133,
    0.22701573371887207,
    0.22931349277496338,
    0.23274540901184082,
    0.22894340753555298,
    0.22279246151447296,
    0.21363025903701782,
    0.2205561101436615,
    0.21616053581237793,
    0.21518400311470032,
    0.2183172106742859,
    0.20695802569389343,
    0.20821350812911987,
    0.20620784163475037,
    0.19940027594566345,
    0.20607846975326538,
    0.20479463040828705,
    0.19884061813354492,
    0.1954202950000763,
    0.19546791911125183,
    0.2000144124031067,
    0.20495879650115967,
    0.19804103672504425,
    0.19247743487358093,
    0.19692173600196838,
    0.18922436237335205,
    0.19060148298740387,
    0.18866220116615295,
    0.19126315414905548,
    0.1877150535583496,
    0.19245140254497528,
    0.18674948811531067
  ]
}
