{
  "joint_train_loss": [
    2.0835092961788177,
    2.0651766285300255,
    2.0475160628557205,
    2.0303321108222008,
    2.0116793364286423,
    1.9957937449216843,
    1.9841897785663605,
    1.9713527858257294,
    1.9595043510198593,
    1.9441286996006966
  ],
  "joint_val_loss": [
    1.0091185569763184,
    1.0051195621490479,
    1.0017238855361938,
    0.9989004731178284,
    0.9966159462928772,
    0.9948071241378784,
    0.9933962821960449,
    0.9922824501991272,
    0.9913657307624817,
    0.9905271530151367
  ],
  "reconstruction_train_loss": [
    1.2531142383813858,
    1.231297381222248,
    1.2101054042577744,
    1.193679191172123,
    1.1719935983419418,
    1.152316264808178,
    1.1345748752355576,
    1.1171996667981148,
    1.101127415895462,
    1.085623174905777
  ],
  "reconstruction_val_loss": [
    1.14372718334198,
    1.1231579780578613,
    1.1034120321273804,
    1.084385871887207,
    1.066105604171753,
    1.0485113859176636,
    1.0315560102462769,
    1.0152781009674072,
    0.9995667338371277,
    0.9844249486923218
  ]
}
