{
  "graph_discov_data_loss": [
    0.9198450446128845,
    0.885348916053772,
    0.7776206731796265,
    0.6578449010848999,
    0.6285558342933655,
    0.541401207447052,
    0.504304826259613,
    0.4545464515686035,
    0.4255359172821045,
    0.40398114919662476,
    0.3703760504722595,
    0.36922192573547363,
    0.3547884225845337,
    0.33125388622283936,
    0.3221660852432251,
    0.3176640272140503,
    0.2971729338169098,
    0.2963464856147766,
    0.28386908769607544,
    0.2806214690208435,
    0.282339870929718,
    0.2827356159687042,
    0.2679940164089203,
    0.2617773115634918,
    0.25644606351852417,
    0.2554449141025543,
    0.25766637921333313,
    0.2370346337556839,
    0.23876717686653137,
    0.23586270213127136,
    0.2292335331439972,
    0.22686202824115753,
    0.22648075222969055,
    0.2246595323085785,
    0.22288677096366882,
    0.22486619651317596,
    0.22183385491371155,
    0.2171192765235901,
    0.21388646960258484,
    0.21089987456798553,
    0.2098941206932068,
    0.2030494213104248,
    0.2057793140411377,
    0.20504999160766602,
    0.20629453659057617,
    0.20473502576351166,
    0.19950740039348602,
    0.2011607140302658,
    0.2027682065963745,
    0.19765526056289673,
    0.19712284207344055,
    0.19352781772613525,
    0.1937735378742218,
    0.1909041702747345,
    0.19714151322841644,
    0.1892039179801941,
    0.19310246407985687,
    0.19460472464561462,
    0.19395510852336884,
    0.19118556380271912,
    0.19060227274894714,
    0.18615861237049103,
    0.18335571885108948,
    0.18578854203224182
  ],
  "graph_discov_sparsity_loss": [
    0.622459352016449,
    0.6223126649856567,
    0.6221872568130493,
    0.6220744252204895,
    0.6219688057899475,
    0.6218675374984741,
    0.6217690706253052,
    0.6216747760772705,
    0.6215829849243164,
    0.6214959025382996,
    0.6214130520820618,
    0.6213349103927612,
    0.621261477470398,
    0.6211933493614197,
    0.6211296319961548,
    0.6210699081420898,
    0.6210147142410278,
    0.6209635734558105,
    0.6209162473678589,
    0.6208723187446594,
    0.5948943495750427,
    0.5948689579963684,
    0.5948455929756165,
    0.5948225259780884,
    0.5948020219802856,
    0.594782829284668,
    0.594765305519104,
    0.5947491526603699,
    0.5947344303131104,
    0.5947210788726807,
    0.5947089195251465,
    0.5946980118751526,
    0.5946884155273438,
    0.5946800112724304,
    0.5946728587150574,
    0.5946668386459351,
    0.5946621894836426,
    0.5946584939956665,
    0.5946559906005859,
    0.5946543216705322,
    0.5946534872055054,
    0.5946533679962158,
    0.5946540236473083,
    0.5946552753448486,
    0.5946570634841919,
    0.5946595668792725,
    0.5946626663208008,
    0.5946662425994873,
    0.594670295715332,
    0.5946744680404663,
    0.5946787595748901,
    0.5946834683418274,
    0.5946882963180542,
    0.5946933031082153,
    0.5946985483169556,
    0.5947040319442749,
    0.5947095155715942,
    0.5947151184082031,
    0.5947208404541016,
    0.5947266817092896,
    0.5947326421737671,
    0.5947385430335999,
    0.5947444438934326,
    0.5947505235671997
  ],
  "graph_discov_total_loss": [
    0.982090950012207,
    0.9453810453414917,
    0.8355196714401245,
    0.7136877179145813,
    0.6824160814285278,
    0.5933496952056885,
    0.5544096231460571,
    0.5028733015060425,
    0.472148060798645,
    0.44893980026245117,
    0.4137401580810547,
    0.41104835271835327,
    0.39513200521469116,
    0.3701675236225128,
    0.3597007393836975,
    0.3538687825202942,
    0.3320951461791992,
    0.3300318419933319,
    0.31636157631874084,
    0.3119634985923767,
    0.3113093078136444,
    0.3106801211833954,
    0.2949499487876892,
    0.28777965903282166,
    0.28152865171432495,
    0.2796403467655182,
    0.2810060977935791,
    0.25954896211624146,
    0.26048535108566284,
    0.2568129003047943,
    0.24944297969341278,
    0.24635694921016693,
    0.24528644979000092,
    0.24280041456222534,
    0.24038636684417725,
    0.24174721539020538,
    0.23811820149421692,
    0.2328280657529831,
    0.22904007136821747,
    0.22551792860031128,
    0.22399558126926422,
    0.21665255725383759,
    0.21890175342559814,
    0.21770872175693512,
    0.21850596368312836,
    0.2165149748325348,
    0.2108711302280426,
    0.21212293207645416,
    0.21334311366081238,
    0.20785653591156006,
    0.2069636881351471,
    0.20302097499370575,
    0.20293129980564117,
    0.19973838329315186,
    0.20566362142562866,
    0.19742494821548462,
    0.20103304088115692,
    0.20225511491298676,
    0.20133522152900696,
    0.1983049511909485,
    0.19747014343738556,
    0.19278384745121002,
    0.1897468864917755,
    0.19195392727851868
  ],
  "latent_data_pred_loss": [
    1.002986192703247,
    0.9587550759315491,
    0.8562456965446472,
    0.7351934909820557,
    0.6917816996574402,
    0.5920228362083435,
    0.5494860410690308,
    0.49884146451950073,
    0.44977349042892456,
    0.41680097579956055,
    0.3735044598579407,
    0.37220317125320435,
    0.35807088017463684,
    0.34157460927963257,
    0.32231616973876953,
    0.31684768199920654,
    0.29735398292541504,
    0.29904448986053467,
    0.2865622341632843,
    0.27359771728515625,
    0.2787850499153137,
    0.26945966482162476,
    0.267659068107605,
    0.25969791412353516,
    0.2523512840270996,
    0.24345865845680237,
    0.24944272637367249,
    0.23359526693820953,
    0.23643872141838074,
    0.22365973889827728,
    0.21853959560394287,
    0.22164134681224823,
    0.2185359001159668,
    0.21650543808937073,
    0.20770937204360962,
    0.21240578591823578,
    0.20782311260700226,
    0.20332208275794983,
    0.20190364122390747,
    0.2018134742975235,
    0.1974312961101532,
    0.1983286738395691,
    0.1956830620765686,
    0.1939811110496521,
    0.19589760899543762,
    0.19503137469291687,
    0.18696460127830505,
    0.18625803291797638,
    0.19084540009498596,
    0.1878805160522461,
    0.18347668647766113,
    0.18093496561050415,
    0.17918981611728668,
    0.17998777329921722,
    0.18021045625209808,
    0.17458248138427734,
    0.17755690217018127,
    0.17673727869987488,
    0.17672711610794067,
    0.17937766015529633,
    0.17984136939048767,
    0.17629414796829224,
    0.17320282757282257,
    0.1763944774866104
  ]
}
