{
  "joint_train_loss": [
    2.095662400126457,
    2.0764046609401703,
    2.0569413602352142,
    2.0385369807481766,
    2.0229635387659073,
    2.006845384836197,
    1.9929730743169785,
    1.9818181097507477,
    1.9674825221300125,
    1.9565250128507614
  ],
  "joint_val_loss": [
    1.0095441341400146,
    1.0056434869766235,
    1.0023354291915894,
    0.9995954632759094,
    0.9973925948143005,
    0.9956510663032532,
    0.9942848682403564,
    0.9931948184967041,
    0.9922900199890137,
    0.9914857149124146
  ],
  "reconstruction_train_loss": [
    1.2523766905069351,
    1.2332350611686707,
    1.2143902853131294,
    1.193526715040207,
    1.176941491663456,
    1.1536205187439919,
    1.138108752667904,
    1.122357539832592,
    1.1061775907874107,
    1.0898192375898361
  ],
  "reconstruction_val_loss": [
    1.144345760345459,
    1.1246076822280884,
    1.1055680513381958,
    1.0872122049331665,
    1.0695215463638306,
    1.0524946451187134,
    1.036037564277649,
    1.020204782485962,
    1.0049740076065063,
    0.9902175664901733
  ]
}
