{
  "accuracy": 0.924072265625,
  "auprc": 0.08316304223228879,
  "auroc": 0.5395404945057279,
  "dataset": "simulated_EEG_68_static_v2",
  "f1": 0.0,
  "ground_truth_edges": 311,
  "hidden_variable_count": 4,
  "mode": "latent",
  "native_binary_accuracy": 0.879638671875,
  "native_binary_f1": 0.06805293005671077,
  "native_binary_shd": 476,
  "num_variables": 64,
  "observed_variable_count": 64,
  "predicted_edges": 0,
  "runtime_sec": 56.39643066516146,
  "sample_id": "sample_00262",
  "sequence_length": 1000,
  "shd": 311,
  "split": "test",
  "threshold": 300.00000000000006
}
