{
  "joint_train_loss": [
    2.0855701938271523,
    2.0660191997885704,
    2.049260914325714,
    2.0317532271146774,
    2.011580839753151,
    1.9994501620531082,
    1.9828023836016655,
    1.9687772616744041,
    1.955666296184063,
    1.9449496269226074
  ],
  "joint_val_loss": [
    1.0100152492523193,
    1.0061204433441162,
    1.002807378768921,
    1.0000523328781128,
    0.9978154897689819,
    0.9960416555404663,
    0.9946461915969849,
    0.9935361742973328,
    0.9926161170005798,
    0.9917947053909302
  ],
  "reconstruction_train_loss": [
    1.2527055889368057,
    1.2304131388664246,
    1.2098487839102745,
    1.1901623904705048,
    1.1697860360145569,
    1.1518070623278618,
    1.134543389081955,
    1.11716877669096,
    1.0994530618190765,
    1.0818846374750137
  ],
  "reconstruction_val_loss": [
    1.1405246257781982,
    1.120367169380188,
    1.1009557247161865,
    1.0822854042053223,
    1.0642857551574707,
    1.0469273328781128,
    1.0301666259765625,
    1.0139758586883545,
    0.9983581304550171,
    0.9832257032394409
  ]
}
