{
  "accuracy": 0.924072265625,
  "auprc": 0.08544883137460065,
  "auroc": 0.546093693586547,
  "dataset": "simulated_EEG_68_static_v2",
  "f1": 0.0,
  "ground_truth_edges": 311,
  "hidden_variable_count": 4,
  "mode": "latent",
  "native_binary_accuracy": 0.873291015625,
  "native_binary_f1": 0.08141592920353984,
  "native_binary_shd": 504,
  "num_variables": 64,
  "observed_variable_count": 64,
  "predicted_edges": 0,
  "runtime_sec": 56.35198868997395,
  "sample_id": "sample_00261",
  "sequence_length": 1000,
  "shd": 311,
  "split": "test",
  "threshold": 300.00000000000006
}
