{
  "joint_train_loss": [
    2.089543893933296,
    2.0694869458675385,
    2.0500977858901024,
    2.0324190258979797,
    2.014456458389759,
    2.0012394040822983,
    1.9863902777433395,
    1.9689833223819733,
    1.95612121373415,
    1.9421759098768234
  ],
  "joint_val_loss": [
    1.0073179006576538,
    1.0031286478042603,
    0.9995093941688538,
    0.9964534044265747,
    0.9939139485359192,
    0.9918398857116699,
    0.9901434183120728,
    0.9887411594390869,
    0.9875447154045105,
    0.9864766001701355
  ],
  "reconstruction_train_loss": [
    1.2524863630533218,
    1.2340218424797058,
    1.2099858596920967,
    1.1899825260043144,
    1.1732030659914017,
    1.154915951192379,
    1.1374686136841774,
    1.1185357943177223,
    1.1022040843963623,
    1.0862740129232407
  ],
  "reconstruction_val_loss": [
    1.1401206254959106,
    1.120104432106018,
    1.100860357284546,
    1.0823229551315308,
    1.0644969940185547,
    1.0473368167877197,
    1.0308337211608887,
    1.014933466911316,
    0.9995799660682678,
    0.9847126007080078
  ]
}
