{
  "graph_discov_data_loss": [
    0.9491507411003113,
    0.8553659319877625,
    0.7728771567344666,
    0.7319265007972717,
    0.6184592247009277,
    0.5986859798431396,
    0.552476704120636,
    0.5061603784561157,
    0.4828431010246277,
    0.43313053250312805,
    0.43060973286628723,
    0.3926658034324646,
    0.3643549680709839,
    0.3494681715965271,
    0.3380720615386963,
    0.31844064593315125,
    0.30953335762023926,
    0.3043808937072754,
    0.300968199968338,
    0.29696011543273926,
    0.27814775705337524,
    0.2894361615180969,
    0.27510711550712585,
    0.2710166573524475,
    0.26387161016464233,
    0.25512421131134033,
    0.24750927090644836,
    0.23584918677806854,
    0.2378077208995819,
    0.24304044246673584,
    0.23536628484725952,
    0.2309134602546692,
    0.22954043745994568,
    0.22846683859825134,
    0.22133533656597137,
    0.21905246376991272,
    0.2187168002128601,
    0.22029297053813934,
    0.2168799787759781,
    0.21379080414772034,
    0.21344929933547974,
    0.20555558800697327,
    0.20359909534454346,
    0.20059844851493835,
    0.20477241277694702,
    0.19253116846084595,
    0.20206233859062195,
    0.1949024200439453,
    0.1999233365058899,
    0.20022332668304443,
    0.19433394074440002,
    0.19736503064632416,
    0.1913040727376938,
    0.19705337285995483,
    0.19113652408123016,
    0.19329841434955597,
    0.18766984343528748,
    0.19001612067222595,
    0.19151490926742554,
    0.18626412749290466,
    0.18884702026844025,
    0.18220457434654236,
    0.18505050241947174,
    0.1870628297328949
  ],
  "graph_discov_sparsity_loss": [
    0.622459352016449,
    0.6223201751708984,
    0.622194766998291,
    0.6220766305923462,
    0.621966540813446,
    0.6218609809875488,
    0.6217585802078247,
    0.6216591596603394,
    0.6215618848800659,
    0.6214680075645447,
    0.6213778853416443,
    0.6212929487228394,
    0.6212130784988403,
    0.6211382746696472,
    0.6210684776306152,
    0.6210035681724548,
    0.6209436058998108,
    0.6208885312080383,
    0.6208385229110718,
    0.6207929849624634,
    0.5948786735534668,
    0.5948575735092163,
    0.5948398113250732,
    0.594824492931366,
    0.5948104858398438,
    0.5947986841201782,
    0.5947881937026978,
    0.5947799682617188,
    0.5947729349136353,
    0.5947667956352234,
    0.5947616696357727,
    0.5947576761245728,
    0.5947543382644653,
    0.5947519540786743,
    0.5947505831718445,
    0.5947503447532654,
    0.5947510004043579,
    0.5947521924972534,
    0.5947540998458862,
    0.5947566628456116,
    0.5947601199150085,
    0.5947641730308533,
    0.5947688817977905,
    0.5947737097740173,
    0.5947788953781128,
    0.5947844982147217,
    0.5947904586791992,
    0.594796895980835,
    0.5948035717010498,
    0.5948103666305542,
    0.5948175191879272,
    0.5948247313499451,
    0.5948321223258972,
    0.5948395729064941,
    0.5948472023010254,
    0.5948547720909119,
    0.5948624610900879,
    0.5948702096939087,
    0.5948779582977295,
    0.5948857069015503,
    0.5948933362960815,
    0.5949010848999023,
    0.5949087142944336,
    0.5949163436889648
  ],
  "graph_discov_total_loss": [
    1.0113966464996338,
    0.9153987765312195,
    0.8307768702507019,
    0.7877694964408875,
    0.6723192930221558,
    0.6506339311599731,
    0.6025806069374084,
    0.5544859766960144,
    0.529453694820404,
    0.4780871570110321,
    0.4739713966846466,
    0.4344893991947174,
    0.40469539165496826,
    0.3883783519268036,
    0.3756030201911926,
    0.35464152693748474,
    0.34445157647132874,
    0.3380621671676636,
    0.3334566354751587,
    0.3282981514930725,
    0.30711641907691956,
    0.3173801302909851,
    0.3020627796649933,
    0.2970190942287445,
    0.28895455598831177,
    0.27932029962539673,
    0.27084988355636597,
    0.2583646774291992,
    0.2595272958278656,
    0.2639922499656677,
    0.25557753443717957,
    0.2504103481769562,
    0.24834822118282318,
    0.2466099113225937,
    0.23883722722530365,
    0.23593585193157196,
    0.23500357568264008,
    0.23600423336029053,
    0.23203608393669128,
    0.22841137647628784,
    0.22755327820777893,
    0.219161257147789,
    0.21672406792640686,
    0.21325969696044922,
    0.21698634326457977,
    0.20431359112262726,
    0.21342849731445312,
    0.20586703717708588,
    0.21050061285495758,
    0.210426926612854,
    0.20417708158493042,
    0.20686045289039612,
    0.20046405494213104,
    0.2058897614479065,
    0.1996607631444931,
    0.20152151584625244,
    0.19560246169567108,
    0.19766850769519806,
    0.19889697432518005,
    0.19338542222976685,
    0.1957167387008667,
    0.1888316124677658,
    0.19144344329833984,
    0.19322992861270905
  ],
  "latent_data_pred_loss": [
    1.0422062873840332,
    0.9203922748565674,
    0.8394293785095215,
    0.7999320030212402,
    0.6702519059181213,
    0.6418325901031494,
    0.5936746001243591,
    0.5432193875312805,
    0.5102221369743347,
    0.4521157741546631,
    0.443723201751709,
    0.39676812291145325,
    0.37562206387519836,
    0.3558279871940613,
    0.34586572647094727,
    0.3226791024208069,
    0.3116546869277954,
    0.299594521522522,
    0.2900809049606323,
    0.2905995547771454,
    0.27996987104415894,
    0.2787206172943115,
    0.2689341604709625,
    0.26549339294433594,
    0.25648510456085205,
    0.24996548891067505,
    0.24019426107406616,
    0.228525310754776,
    0.23045682907104492,
    0.22793227434158325,
    0.23100930452346802,
    0.22674952447414398,
    0.216526061296463,
    0.2136770784854889,
    0.21074515581130981,
    0.21085181832313538,
    0.20464539527893066,
    0.20979681611061096,
    0.20829564332962036,
    0.2004413604736328,
    0.2005680650472641,
    0.1926506757736206,
    0.1951601207256317,
    0.18955348432064056,
    0.18660253286361694,
    0.1824565976858139,
    0.18597640097141266,
    0.18457701802253723,
    0.18303677439689636,
    0.1831500232219696,
    0.18546907603740692,
    0.18145571649074554,
    0.18211522698402405,
    0.1825055181980133,
    0.17996729910373688,
    0.18107172846794128,
    0.17419956624507904,
    0.17415015399456024,
    0.17951145768165588,
    0.17392778396606445,
    0.17604798078536987,
    0.16731154918670654,
    0.1678454875946045,
    0.169625923037529
  ]
}
