{
  "joint_train_loss": [
    2.087676592171192,
    2.0688848197460175,
    2.050960175693035,
    2.035877116024494,
    2.0211560502648354,
    2.0058155804872513,
    1.994609072804451,
    1.980977013707161,
    1.9711940810084343,
    1.9610982462763786
  ],
  "joint_val_loss": [
    1.007525086402893,
    1.0044846534729004,
    1.002078890800476,
    1.000257968902588,
    0.9989674091339111,
    0.9981139302253723,
    0.9976075887680054,
    0.9973377585411072,
    0.9971957802772522,
    0.9970869421958923
  ],
  "reconstruction_train_loss": [
    1.2490718513727188,
    1.225771725177765,
    1.2059428617358208,
    1.1887129619717598,
    1.1690385937690735,
    1.1501286402344704,
    1.135371446609497,
    1.1158823668956757,
    1.101221352815628,
    1.0862617194652557
  ],
  "reconstruction_val_loss": [
    1.150183081626892,
    1.1300851106643677,
    1.110613226890564,
    1.0917963981628418,
    1.073659896850586,
    1.0562671422958374,
    1.0396162271499634,
    1.0237488746643066,
    1.0084997415542603,
    0.9938040971755981
  ]
}
