{
  "joint_train_loss": [
    2.102773629128933,
    2.086334265768528,
    2.0628169178962708,
    2.0513414666056633,
    2.034037262201309,
    2.0213507935404778,
    2.0092834681272507,
    1.9956021755933762,
    1.9855534061789513,
    1.9734744876623154
  ],
  "joint_val_loss": [
    1.0125479698181152,
    1.0089858770370483,
    1.0060213804244995,
    1.0036228895187378,
    1.0017590522766113,
    1.000365972518921,
    0.999350905418396,
    0.9986173510551453,
    0.9980623126029968,
    0.9975973963737488
  ],
  "reconstruction_train_loss": [
    1.2582900673151016,
    1.2370843291282654,
    1.2158819362521172,
    1.19719497859478,
    1.1794099286198616,
    1.1599122732877731,
    1.1432383805513382,
    1.1264961138367653,
    1.111904889345169,
    1.0962850376963615
  ],
  "reconstruction_val_loss": [
    1.1485029458999634,
    1.1288151741027832,
    1.109906792640686,
    1.0916937589645386,
    1.0741510391235352,
    1.0572943687438965,
    1.041094422340393,
    1.0255777835845947,
    1.0105899572372437,
    0.9961984157562256
  ]
}
