{
  "joint_train_loss": [
    2.095576137304306,
    2.0747919976711273,
    2.0583415776491165,
    2.0409028083086014,
    2.0265532210469246,
    2.013923816382885,
    1.999140664935112,
    1.987381435930729,
    1.97612514346838,
    1.9650295823812485
  ],
  "joint_val_loss": [
    1.0117840766906738,
    1.0082833766937256,
    1.005389928817749,
    1.0030748844146729,
    1.0013031959533691,
    1.0000114440917969,
    0.999113917350769,
    0.9985231161117554,
    0.9981358051300049,
    0.9978528022766113
  ],
  "reconstruction_train_loss": [
    1.2603721767663956,
    1.2357472777366638,
    1.214376613497734,
    1.1941116377711296,
    1.175152339041233,
    1.1559758931398392,
    1.1388413533568382,
    1.1213237196207047,
    1.1066600382328033,
    1.0898977294564247
  ],
  "reconstruction_val_loss": [
    1.1450550556182861,
    1.1249809265136719,
    1.1056867837905884,
    1.087090015411377,
    1.0692293643951416,
    1.052093505859375,
    1.0355806350708008,
    1.0197468996047974,
    1.0044599771499634,
    0.9897335171699524
  ]
}
