{
  "joint_train_loss": [
    2.0869996696710587,
    2.068055219948292,
    2.0507239252328873,
    2.03655693680048,
    2.0208540856838226,
    2.0079515129327774,
    1.9949181899428368,
    1.9827600568532944,
    1.9717935994267464,
    1.959174320101738
  ],
  "joint_val_loss": [
    1.007442593574524,
    1.0043736696243286,
    1.001939058303833,
    1.0001026391983032,
    0.9987974762916565,
    0.9979334473609924,
    0.9974270462989807,
    0.9971700310707092,
    0.9970521926879883,
    0.9969735145568848
  ],
  "reconstruction_train_loss": [
    1.2473130375146866,
    1.2272468209266663,
    1.2079969123005867,
    1.1896162629127502,
    1.167982541024685,
    1.1502865850925446,
    1.133667878806591,
    1.1162190958857536,
    1.099554754793644,
    1.0852148830890656
  ],
  "reconstruction_val_loss": [
    1.150275707244873,
    1.130212426185608,
    1.1108078956604004,
    1.0920459032058716,
    1.0739719867706299,
    1.0566502809524536,
    1.040103554725647,
    1.0242469310760498,
    1.009082555770874,
    0.9944716095924377
  ]
}
