{
  "accuracy": 0.924072265625,
  "auprc": 0.07697431936858569,
  "auroc": 0.5081218381918812,
  "dataset": "simulated_EEG_68_static_v2",
  "f1": 0.0,
  "ground_truth_edges": 311,
  "hidden_variable_count": 4,
  "mode": "latent",
  "native_binary_accuracy": 0.883056640625,
  "native_binary_f1": 0.05148514851485148,
  "native_binary_shd": 468,
  "num_variables": 64,
  "observed_variable_count": 64,
  "predicted_edges": 0,
  "runtime_sec": 57.756721726153046,
  "sample_id": "sample_00251",
  "sequence_length": 1000,
  "shd": 311,
  "split": "test",
  "threshold": 300.00000000000006
}
