{
  "accuracy": 0.924072265625,
  "auprc": 0.0928055951947721,
  "auroc": 0.5484528112748326,
  "dataset": "simulated_EEG_68_static_v2",
  "f1": 0.0,
  "ground_truth_edges": 311,
  "hidden_variable_count": 4,
  "mode": "latent",
  "native_binary_accuracy": 0.8798828125,
  "native_binary_f1": 0.11191335740072203,
  "native_binary_shd": 473,
  "num_variables": 64,
  "observed_variable_count": 64,
  "predicted_edges": 0,
  "runtime_sec": 55.104603291954845,
  "sample_id": "sample_00246",
  "sequence_length": 1000,
  "shd": 311,
  "split": "test",
  "threshold": 300.00000000000006
}
