{
  "train_loss": {
    "mean_curve": [
      0.20900225818157195,
      0.23968593843958594,
      0.19430666789412498,
      0.19616908288520316,
      0.19494971107034123,
      22.217830903828144,
      2.0534530878067017,
      0.19312558429581778,
      0.1582261547446251,
      0.14891131222248077,
      0.1572881042957306,
      0.15092018246650696,
      NaN,
      NaN,
      NaN
    ],
    "sample_count": 50
  }
}
