{
  "aggregate": {
    "accuracy": {
      "max": 0.96484375,
      "mean": 0.96484375,
      "min": 0.96484375,
      "std": 0.0
    },
    "auprc": {
      "max": 0.1184928243495918,
      "mean": 0.09232468324228078,
      "min": 0.06444577974019661,
      "std": 0.014240162330589461
    },
    "auroc": {
      "max": 0.7771100427350427,
      "mean": 0.7020959324392712,
      "min": 0.6162403705578048,
      "std": 0.047682905165182796
    },
    "f1": {
      "max": 0.0,
      "mean": 0.0,
      "min": 0.0,
      "std": 0.0
    },
    "runtime_sec": {
      "max": 114.51879673218355,
      "mean": 62.276867055464535,
      "min": 45.623223966453224,
      "std": 16.777497098588523
    },
    "runtime_sec_total": 3113.843352773227,
    "shd": {
      "max": 144.0,
      "mean": 144.0,
      "min": 144.0,
      "std": 0.0
    },
    "threshold_accuracy": 0.96484375,
    "wall_clock_sec_total": 3119.018018570263
  },
  "baseline": "cMLP",
  "dataset": "simulated_fMRI",
  "loss_curve_note": null,
  "mode": "latent",
  "native_binary_available": true,
  "num_samples": 50,
  "split": "test",
  "threshold": {
    "accuracy": 0.96484375,
    "num_edges": 204800,
    "rule": "binary_graph = (score_matrix >= threshold)",
    "threshold": 1.2198462486267092
  }
}
