{
  "joint_train_loss": [
    2.085330605506897,
    2.067426323890686,
    2.0488311499357224,
    2.0284546092152596,
    2.014479950070381,
    1.9969406351447105,
    1.9829198345541954,
    1.9699137508869171,
    1.9552773833274841,
    1.9472250267863274
  ],
  "joint_val_loss": [
    1.0103636980056763,
    1.0066040754318237,
    1.0034468173980713,
    1.0008487701416016,
    0.9987661242485046,
    0.9971218705177307,
    0.9958289861679077,
    0.9947976469993591,
    0.9939397573471069,
    0.993170440196991
  ],
  "reconstruction_train_loss": [
    1.2571932226419449,
    1.2332226112484932,
    1.2142694890499115,
    1.1930512562394142,
    1.1714248359203339,
    1.1525485292077065,
    1.1336282938718796,
    1.1178521141409874,
    1.0978238731622696,
    1.0799383521080017
  ],
  "reconstruction_val_loss": [
    1.1496707201004028,
    1.1287084817886353,
    1.1084645986557007,
    1.0889447927474976,
    1.0701178312301636,
    1.0519587993621826,
    1.0345045328140259,
    1.0176713466644287,
    1.0014203786849976,
    0.9857557415962219
  ]
}
