{
  "accuracy": 0.9166666666666666,
  "auprc": 0.17866161616161613,
  "auroc": 0.7272727272727273,
  "dataset": "nc8",
  "f1": 0.0,
  "ground_truth_edges": 3,
  "hidden_variable_count": 2,
  "mode": "latent",
  "num_variables": 6,
  "observed_variable_count": 6,
  "predicted_edges": 0,
  "runtime_sec": 168.9936696193181,
  "sample_id": "replica_000",
  "sequence_length": 2000,
  "shd": 3,
  "split": null,
  "threshold": 0.8524832129478456
}
