{
  "joint_train_loss": [
    2.08530430495739,
    2.0680492222309113,
    2.0495116114616394,
    2.028903514146805,
    2.01293932646513,
    1.9976714700460434,
    1.9841694086790085,
    1.9706935584545135,
    1.9572699218988419,
    1.9459897056221962
  ],
  "joint_val_loss": [
    1.009903907775879,
    1.006130576133728,
    1.0029655694961548,
    1.0003727674484253,
    0.9983176589012146,
    0.9967355132102966,
    0.9955354928970337,
    0.9946113228797913,
    0.9938597083091736,
    0.9931803941726685
  ],
  "reconstruction_train_loss": [
    1.2536423355340958,
    1.2332811430096626,
    1.2103412672877312,
    1.1913961544632912,
    1.170468881726265,
    1.1521906852722168,
    1.1325300335884094,
    1.1165548488497734,
    1.0988971590995789,
    1.083048865199089
  ],
  "reconstruction_val_loss": [
    1.146247386932373,
    1.125521183013916,
    1.1056216955184937,
    1.0864076614379883,
    1.0679348707199097,
    1.0501314401626587,
    1.0328737497329712,
    1.0163005590438843,
    1.0003012418746948,
    0.9848156571388245
  ]
}
