{
  "joint_train_loss": [
    2.0853431969881058,
    2.0682513639330864,
    2.0494281351566315,
    2.034178428351879,
    2.017283618450165,
    2.0047207325696945,
    1.9917548149824142,
    1.9804112762212753,
    1.968073509633541,
    1.9577363803982735
  ],
  "joint_val_loss": [
    1.0072513818740845,
    1.0041967630386353,
    1.0017726421356201,
    0.9999442100524902,
    0.9986545443534851,
    0.9978134632110596,
    0.9973258972167969,
    0.9970840811729431,
    0.9969796538352966,
    0.9969114661216736
  ],
  "reconstruction_train_loss": [
    1.24822236597538,
    1.2267271876335144,
    1.2076379284262657,
    1.1880945190787315,
    1.1677996814250946,
    1.1519086509943008,
    1.1320285201072693,
    1.1157680228352547,
    1.0994833335280418,
    1.08351269364357
  ],
  "reconstruction_val_loss": [
    1.150062918663025,
    1.1298495531082153,
    1.1102784872055054,
    1.0913537740707397,
    1.0731403827667236,
    1.055647850036621,
    1.038930058479309,
    1.022957444190979,
    1.0076183080673218,
    0.9928366541862488
  ]
}
