{
  "joint_train_loss": [
    2.0788342133164406,
    2.063153773546219,
    2.0415060818195343,
    2.0238588228821754,
    2.005290247499943,
    1.987492449581623,
    1.976873718202114,
    1.9614640399813652,
    1.9458608850836754,
    1.937486469745636
  ],
  "joint_val_loss": [
    1.0103249549865723,
    1.0063639879226685,
    1.0029834508895874,
    1.0001567602157593,
    0.9978479146957397,
    0.99601149559021,
    0.9945553541183472,
    0.99339759349823,
    0.9924455881118774,
    0.9916059970855713
  ],
  "reconstruction_train_loss": [
    1.249844804406166,
    1.2259491086006165,
    1.2051333785057068,
    1.1826480254530907,
    1.166962556540966,
    1.1485019847750664,
    1.1269019544124603,
    1.1129269525408745,
    1.0954883843660355,
    1.0751827359199524
  ],
  "reconstruction_val_loss": [
    1.1342874765396118,
    1.1141042709350586,
    1.094631552696228,
    1.075888991355896,
    1.0578148365020752,
    1.0403177738189697,
    1.0234123468399048,
    1.0070902109146118,
    0.9913435578346252,
    0.9760063886642456
  ]
}
